conversation_id,example_id,input_text,target_text,split
dlg-007002e0-3285-4dd5-8f8c-c51084332ae8,dlg-007002e0-3285-4dd5-8f8c-c51084332ae8_3_5,Can you play something by Whitney Houston.,"Whitney Houston, let me find you something. How about the song called I Look to You by Whitney Houston?",train
dlg-007002e0-3285-4dd5-8f8c-c51084332ae8,dlg-007002e0-3285-4dd5-8f8c-c51084332ae8_6_8,It sounds good. Can you play the same song but like performed by someone else?,Yes. Here's the same song called I look to you Cover By Aldrich & James.,train
dlg-007002e0-3285-4dd5-8f8c-c51084332ae8,dlg-007002e0-3285-4dd5-8f8c-c51084332ae8_9_17,Can you find something like another kind of a cover by a kid?,Here's a song diamonds originally by Rihanna Cover by One Voice Children's Choir. Written by Sia.,train
dlg-0077569e-55bf-4dde-8f6c-54b4bf0f5a35,dlg-0077569e-55bf-4dde-8f6c-54b4bf0f5a35_1_8,"Hello. Could you play something from the band Creed, please?",Here is Creed - With Arms Wide Open. Here is Creed - My Sacrifice. Here is Creed - Higher.,validation
dlg-00a94095-44d3-4d0c-9291-0dd9bb65c313,dlg-00a94095-44d3-4d0c-9291-0dd9bb65c313_2_7,Can you play me a country song?,How about Tennessee Whiskey by Chris Stapleton? Here's the song called Blue Ain't Your Color by Keith Urban.,train
dlg-00a94095-44d3-4d0c-9291-0dd9bb65c313,dlg-00a94095-44d3-4d0c-9291-0dd9bb65c313_8_9,I'm really not a fan of Keith Urban. Do you think you could find somebody else?,How about Losing Sleep by Chris Young?,train
dlg-00a94095-44d3-4d0c-9291-0dd9bb65c313,dlg-00a94095-44d3-4d0c-9291-0dd9bb65c313_11_13,No. Play You think you could just find a female singer?,Female singer? Let me see what I can find. Here is the song called When You Say Nothing At All by Alison Krauss.,train
dlg-00bca323-87d8-4a93-970c-b6eae2f7827e,dlg-00bca323-87d8-4a93-970c-b6eae2f7827e_0_4,Can you play something by August Burns Red? This is my favorite song right now. Can you play some old songs of August Burns Red?,Here's the song You should be taking flight right now.,validation
dlg-00bca323-87d8-4a93-970c-b6eae2f7827e,dlg-00bca323-87d8-4a93-970c-b6eae2f7827e_5_7,I haven't heard this in a really long time. Okay. Can you play something a little more recent by August Burns Red?,Here is the song King of Sorrow by August Burns Red.,validation
dlg-00df2921-7b74-4c1a-82eb-51ebd2b46dea,dlg-00df2921-7b74-4c1a-82eb-51ebd2b46dea_1_4,Hello.Play me Sia.,"Let me see what I can find?Here is The Greatest, by Sia. Here is another song by Sia, this one is Elastic Heart.",train
dlg-00df2921-7b74-4c1a-82eb-51ebd2b46dea,dlg-00df2921-7b74-4c1a-82eb-51ebd2b46dea_5_8,"Yes. I like that one, too.Play me something different. Maybe something more upbeat. Sia.","Here is Sia, performing Bird Set Free.",train
dlg-01216494-fbba-4866-817e-01c5326f8912,dlg-01216494-fbba-4866-817e-01c5326f8912_0_1,"Hello Assistant, I would like to hear some music by Michael Buble.","Here is your song, Close Your Eyes by Michael Buble.",train
dlg-01216494-fbba-4866-817e-01c5326f8912,dlg-01216494-fbba-4866-817e-01c5326f8912_3_4,"Assistant, thank you for the song. Could I hear something a little bit more upbeat?","Sure, here we go. It's a Beautiful Day by Michael Buble.",train
dlg-01216494-fbba-4866-817e-01c5326f8912,dlg-01216494-fbba-4866-817e-01c5326f8912_6_7,"Really good song, Assistant. Thank you. Could I hear one more upbeat song by Michael Bublé?","Here is your song, LOVE by Michael Buble.",train
dlg-013d41ac-fdd2-47a2-9f25-61c4554fcf7c,dlg-013d41ac-fdd2-47a2-9f25-61c4554fcf7c_0_1,"Hey, Can I hear a song by Lorde?",Here's the song Perfect places by Lorde.,test
dlg-013d41ac-fdd2-47a2-9f25-61c4554fcf7c,dlg-013d41ac-fdd2-47a2-9f25-61c4554fcf7c_2_3,Cool. Can I hear some older material by her?,Here's the song Royals by Lorde.,test
dlg-013d41ac-fdd2-47a2-9f25-61c4554fcf7c,dlg-013d41ac-fdd2-47a2-9f25-61c4554fcf7c_4_5,"Okay, I don't want this one. Can I get the same song by a different artist?",Here's the song Royals remix by Rick Ross.,test
dlg-013fffb7-bb46-480f-b17c-765239f37d7a,dlg-013fffb7-bb46-480f-b17c-765239f37d7a_1_8,Can I hear a song by Diplo?,How about Set Me Free? Here's Set Me Free by Diplo. How about Diplo Revolution? Here's Diplo-Revolution.,train
dlg-013fffb7-bb46-480f-b17c-765239f37d7a,dlg-013fffb7-bb46-480f-b17c-765239f37d7a_9_12,That song sounds pretty cool. Can you find me a song by Big Sean now?,How about Big Sean Sacrifices? Here's Big Sean-Sacrifices.,train
dlg-01440f9a-99bf-496a-8258-e2450f2e43b1,dlg-01440f9a-99bf-496a-8258-e2450f2e43b1_0_2,Hello. I'd like to listen to some music by AC/DC.,Here's Highway to Hell by AC/DC.,train
dlg-01440f9a-99bf-496a-8258-e2450f2e43b1,dlg-01440f9a-99bf-496a-8258-e2450f2e43b1_3_8,"I really like this song. It's mellow, but it's also very rock n' roll. I'd like to listen to another song by a similar artist.",Here's a similar song. It's called Eye Of The Tiger by Survivor. Here's We Will Rock You by Queen.,train
dlg-01440f9a-99bf-496a-8258-e2450f2e43b1,dlg-01440f9a-99bf-496a-8258-e2450f2e43b1_9_10,I really like this song. It pumps you up. I'd like to listen to another song by a similar artist.,Here's Michael Jackson Beat It.,train
dlg-0164bd68-d4bc-4b68-b4b3-ca460b3e3511,dlg-0164bd68-d4bc-4b68-b4b3-ca460b3e3511_4_24,Alter Bridge.,"Okay, let me see who I can find based on Alter Bridge. Have you heard of Seether or Staind? How about days of the new or p.o.d? Let me see what I can find by p.o.d. Here is Beautiful by p.o.d. Here is a satellite by p.o.d.",train
dlg-020ce3d1-20d4-4376-b459-373e92661e20,dlg-020ce3d1-20d4-4376-b459-373e92661e20_2_10,I would like some help browsing some music on YouTube from Florence and the Machine.,Here is the song called Drumming Song lyrics by Florence and the Machine. How about Shake It Out by Florence and the Machine?,train
dlg-020ce3d1-20d4-4376-b459-373e92661e20,dlg-020ce3d1-20d4-4376-b459-373e92661e20_13_14,"Yeah, I like that. But how about something older?",Here is an old song called Dog Days Are Over by Florence and the Machine.,train
dlg-020ce3d1-20d4-4376-b459-373e92661e20,dlg-020ce3d1-20d4-4376-b459-373e92661e20_16_17,"Well, that's kind of slow to get started. Let's try one more. Let's try something newer now.",How about Too Much Is Never Enough by Florence and the Machine?,train
dlg-02165c6f-c081-4ff3-afd7-28c4486a749b,dlg-02165c6f-c081-4ff3-afd7-28c4486a749b_2_15,"I'd like help discovering some new music, please. Justin Timberlake.","OK. Justin Timberlake. Let's see what else I can find that you may not be familiar with. Looks like the artist Robin Thicke may be similar/have similar style/might be a close match/etc. Another is Pharrel . Are either of those new to you? Here is a song ""Happy"" by Pharrel Williams. Here is the song called Come Get It Bae by the artist Pharrell Williams.",train
dlg-02165c6f-c081-4ff3-afd7-28c4486a749b,dlg-02165c6f-c081-4ff3-afd7-28c4486a749b_18_19,That's pretty good. Nice upbeat.,Ok let's look for something based on another of your favorite artists.,train
dlg-02165c6f-c081-4ff3-afd7-28c4486a749b,dlg-02165c6f-c081-4ff3-afd7-28c4486a749b_20_29,Michael Jackson.,"Here is the song Yeah by the artist Usher featuring Lil Jon, Ludacris. Here is the song called DJ Got Us Falling In Love Again by the artist Usher featuring Pitbull.",train
dlg-022c9cd5-ac39-40c9-a627-dda3b30f83de,dlg-022c9cd5-ac39-40c9-a627-dda3b30f83de_0_13,"Hello. Can you play something from The Cure, please?","Is this by Lady Gaga, is that correct? Here is 'Just like heaven' by The Cure. Would you like it by The Cure? Here is 'Pictures of you' by The Cure. Here is 'Lullaby' by The Cure.",validation
dlg-02426869-9323-446c-91f0-46a6aec6b287,dlg-02426869-9323-446c-91f0-46a6aec6b287_0_11,"Please play something else by Daft Punk. Please play Get Lucky by Daughter. The name is Daughter. This sounds darker than the original, and I really like that. Gives a whole, new, different vibe.",It gives you a different feel.,validation
dlg-0242d167-3de8-4220-8d29-ae47332f2d57,dlg-0242d167-3de8-4220-8d29-ae47332f2d57_0_4,Hi. I was wondering if you could play me some music. How about something by The Counting Crows?,Mr Jones by Counting Crows.,train
dlg-0242d167-3de8-4220-8d29-ae47332f2d57,dlg-0242d167-3de8-4220-8d29-ae47332f2d57_5_6,How about playing some newer Counting Crows? Maybe something of their latest album.,Palisades Park by Counting Crows.,train
dlg-0242d167-3de8-4220-8d29-ae47332f2d57,dlg-0242d167-3de8-4220-8d29-ae47332f2d57_8_9,"May be a Counting Crows song done by somebody else, like a cover of a Counting Crows song.",Round Here by Jupiter Jones.,train
dlg-0254b1a9-cf62-4ce7-a767-2321011968e3,dlg-0254b1a9-cf62-4ce7-a767-2321011968e3_0_2,"Hi, Can I hear an Ariana Grande song?","Sure, Ariadne grande coming up. Here is Ariana Grande side to side.",test
dlg-0254b1a9-cf62-4ce7-a767-2321011968e3,dlg-0254b1a9-cf62-4ce7-a767-2321011968e3_3_7,"Can I hear something from the Dangerous Woman album? Rage tank. Rage tank, I don't like this song.",Here is Ariana Grande into you off of the dangerous woman album.,test
dlg-02cefa1c-4232-4568-9889-b2fdca3264a5,dlg-02cefa1c-4232-4568-9889-b2fdca3264a5_1_4,I'd like to listen something in the category that helps with studying.,How about Gil Scott - Heron performing Pieces Of A Man.,train
dlg-02cefa1c-4232-4568-9889-b2fdca3264a5,dlg-02cefa1c-4232-4568-9889-b2fdca3264a5_7_8,"I think I actually feel like this song, but I think I need something more like traditional jazz to help with studying.",How about Thelonious Monk performing Don't Blame Me?,train
dlg-02cefa1c-4232-4568-9889-b2fdca3264a5,dlg-02cefa1c-4232-4568-9889-b2fdca3264a5_9_11,"Now, that might be very good. How about something a little I do like this, but I just want to change it just a little bit. Something in-between. Maybe something a little more upbeat like Spyro Gyra?",Heroes Morning dance performed by Spyro Gyra.,train
dlg-02dcd247-33ce-48f4-b3b5-7ad75fec9c20,dlg-02dcd247-33ce-48f4-b3b5-7ad75fec9c20_2_7,"How about something from The Beatles, please?",Here's the song Hey Jude by the Beatles. Here's the song Here Comes the Sun by The Beatles. Here is the song Let It Be by the Beatles from the album Let It Be.,train
dlg-0300b764-6e70-42e0-9403-cda9a0711761,dlg-0300b764-6e70-42e0-9403-cda9a0711761_0_1,"Hi, Could you play me something by Katy Perry?",Here is the song Roar by Katy Perry.,validation
dlg-0300b764-6e70-42e0-9403-cda9a0711761,dlg-0300b764-6e70-42e0-9403-cda9a0711761_2_3,How about something older?,Here is Dark Horse covered by Our Last Night.,validation
dlg-033056a0-a119-4e7e-a71c-52297a102d7c,dlg-033056a0-a119-4e7e-a71c-52297a102d7c_0_9,Hi. I'd like to listen to some music that's similar to Linkin Park.,I think you said you wanted music similar to Linkin Park? How about 30 Seconds to Mars? Should I play another song by 30 Seconds to Mars?,train
dlg-033056a0-a119-4e7e-a71c-52297a102d7c,dlg-033056a0-a119-4e7e-a71c-52297a102d7c_11_17,This was a good band. Show me another band.,"I think you said another band similar to both Linkin Park and 30 Seconds to Mars, correct? My mistake, Linkin Park. Should I play another song by The Offspring?",train
dlg-03454801-7e5a-4804-8ce0-0d6feb91128b,dlg-03454801-7e5a-4804-8ce0-0d6feb91128b_1_3,Hello. Can you play some music by August Burns Red?,Here is August Burns Red composure.,train
dlg-03454801-7e5a-4804-8ce0-0d6feb91128b,dlg-03454801-7e5a-4804-8ce0-0d6feb91128b_4_5,"Okay, that's great. Now, can you play something older by August Burns Red?",Here is August Burns Red - Missing this Opportunity.,train
dlg-03454801-7e5a-4804-8ce0-0d6feb91128b,dlg-03454801-7e5a-4804-8ce0-0d6feb91128b_6_7,I don't want what's playing. Could you play older material?,The song playing is from their first album from 2004.,train
dlg-03454801-7e5a-4804-8ce0-0d6feb91128b,dlg-03454801-7e5a-4804-8ce0-0d6feb91128b_8_11,"Oh, okay. Well, it's pretty decent.",Here's the song Glory thrives by August Burns Red.,train
dlg-034a10d0-1b58-430c-bb4e-706e0c36d48a,dlg-034a10d0-1b58-430c-bb4e-706e0c36d48a_0_5,Hi assistant. I'd like to hear some music by Billy Joel.,Here's the song Piano Man by Billy Joel. Piano Man is Billy Joel's first release as an artist. Would you like another song from the same album?,validation
dlg-034a10d0-1b58-430c-bb4e-706e0c36d48a,dlg-034a10d0-1b58-430c-bb4e-706e0c36d48a_6_7,"Yes. Sure, that sounds good.",Here's the song She Is Always A Woman To Me by Billy Joel.,validation
dlg-034a10d0-1b58-430c-bb4e-706e0c36d48a,dlg-034a10d0-1b58-430c-bb4e-706e0c36d48a_8_9,Thank you. I really like that song. Could I hear the same song by a different artist?,Here's Josh Groban singing Billy Joel's She's Always a Woman.,validation
dlg-0370cc86-87ec-4ac3-b992-dc0961e39607,dlg-0370cc86-87ec-4ac3-b992-dc0961e39607_1_2,Could you play me a song by Moan?,Nirvana - Come As You Are.,train
dlg-0370cc86-87ec-4ac3-b992-dc0961e39607,dlg-0370cc86-87ec-4ac3-b992-dc0961e39607_3_4,This one's pretty good. Could you play me a song from them off of a different album?,Nirvana - Smells Like Teen Spirit.,train
dlg-0370cc86-87ec-4ac3-b992-dc0961e39607,dlg-0370cc86-87ec-4ac3-b992-dc0961e39607_5_6,"Yeah, this one's a classic. Can you sing me a song off of the album Bleach?",Nirvana Floyd The Barber.,train
dlg-03aedd11-6530-4dfe-941a-57f610aceec6,dlg-03aedd11-6530-4dfe-941a-57f610aceec6_1_6,"Hi. Can you play a song by Wale, please? W a l e.",That Way Ft. Jeremih & Rick Ross by WALE.,train
dlg-03aedd11-6530-4dfe-941a-57f610aceec6,dlg-03aedd11-6530-4dfe-941a-57f610aceec6_7_12,"Can you play a song that's low tempo by the same artist, please? Can you play a song by Wale that's low tempo?",Low Tempo by Shatta Wale ft Shatta Michy.,train
dlg-03aedd11-6530-4dfe-941a-57f610aceec6,dlg-03aedd11-6530-4dfe-941a-57f610aceec6_13_14,"That's never the track I wanted, but can you play something by Joan Lucas, please?",Ross Capicchioni by Joyner Lucas.,train
dlg-03c5a824-8a33-46c1-81fe-205a7e1261fd,dlg-03c5a824-8a33-46c1-81fe-205a7e1261fd_2_5,I want to listen to some music from Hellyeah?,Here's the song hush by Hellyeah. There's a song I Don't Care Anymore by Hellyeah.,train
dlg-03c5a824-8a33-46c1-81fe-205a7e1261fd,dlg-03c5a824-8a33-46c1-81fe-205a7e1261fd_6_7,All right. Can I hear the same song by a different artist?,Hold one moment. Here's the song I Don't Care Anymore by Phil Collins.,train
dlg-03d90b3b-0581-402d-bf4c-5b3afd0e00fb,dlg-03d90b3b-0581-402d-bf4c-5b3afd0e00fb_2_5,Would you play something for me by Kris Kristofferson? Kris Kristofferson.,"Kris Kristofferson - ""Why Me Lord"".",train
dlg-03d90b3b-0581-402d-bf4c-5b3afd0e00fb,dlg-03d90b3b-0581-402d-bf4c-5b3afd0e00fb_7_8,"So, actually, would you mind playing a similar song by Willie Nelson?",Why Me Lord - By Kris Kristofferson and Willie Nelson.,train
dlg-03d90b3b-0581-402d-bf4c-5b3afd0e00fb,dlg-03d90b3b-0581-402d-bf4c-5b3afd0e00fb_9_10,"Great. I didn't even know that they collaborated. You know, I'm not crazy about that collaboration and actually, it's not playing on YouTube for me, either. Would you change over to a similar artist, an artist similar to your pick? Someone similar to Kris Kristofferson, Willie Nelson.",Willie Nelson - Still Not Dead.,train
dlg-03ecd175-4020-43ad-a3a5-774bd95dfc75,dlg-03ecd175-4020-43ad-a3a5-774bd95dfc75_3_5,From the group The Used.,"Sure, let me find a song from The Used. Here is the song from The Used - Take It Away.",train
dlg-03ecd175-4020-43ad-a3a5-774bd95dfc75,dlg-03ecd175-4020-43ad-a3a5-774bd95dfc75_7_9,Not bad. Do you have something from a different album of them?,Here is the song from The Used - Cry.,train
dlg-03ecd175-4020-43ad-a3a5-774bd95dfc75,dlg-03ecd175-4020-43ad-a3a5-774bd95dfc75_10_12,"It's alright. Maybe something similar to The Used, but by a different artist.",Let me find something similar to The Used. Here is the song from Taking Back Sunday - Cute Without the E.,train
dlg-03faae4f-00df-4790-bc0d-de54a04ccd22,dlg-03faae4f-00df-4790-bc0d-de54a04ccd22_0_1,Can you play something by Frank Farrell?,"Sure, Frank Farrell - Late Mush (Igloo Allstars).",train
dlg-03faae4f-00df-4790-bc0d-de54a04ccd22,dlg-03faae4f-00df-4790-bc0d-de54a04ccd22_2_5,"Yeah, I'm a little tired of that song. I'm wondering if you could find something newer by him. Something done more recently.",Nope. His most recent songs were in 1971. Because he died at age 50.,train
dlg-03faae4f-00df-4790-bc0d-de54a04ccd22,dlg-03faae4f-00df-4790-bc0d-de54a04ccd22_6_7,"Oh, okay. Alright. Well, We're thinking of a different Frank Beryl. He put out stuff in 2010.","Oh, my bad, you mean the House DJ right?",train
dlg-03faae4f-00df-4790-bc0d-de54a04ccd22,dlg-03faae4f-00df-4790-bc0d-de54a04ccd22_8_9,"Yeah, the DJ. The Electro music, guy.","My bad, I'm sorry. Frank Farrell, Karim - Sharona (2017 Remix) [Igloo Allstars].",train
dlg-0413166d-d394-4eaa-b980-0fa9aaa3a2e3,dlg-0413166d-d394-4eaa-b980-0fa9aaa3a2e3_3_10,"I am doing good, Thanks. I'd like to hear something from David Bowie.",Under Pressure by David Bowie. Starman by David Bowie.,train
dlg-0426c97e-0182-4960-a292-1e52d6792927,dlg-0426c97e-0182-4960-a292-1e52d6792927_1_2,"I'd like to hear something by Katy Perry, please.",Here is Wide Awake by Katy Perry.,train
dlg-0426c97e-0182-4960-a292-1e52d6792927,dlg-0426c97e-0182-4960-a292-1e52d6792927_3_5,"Can we change that to some older material, please?",Let me find something older for you. How about Roar by Katy Perry?,train
dlg-0426c97e-0182-4960-a292-1e52d6792927,dlg-0426c97e-0182-4960-a292-1e52d6792927_8_9,How about the same song by a different artist?,Here is Roar - Katy Perry (cover) by: Megan Nicole.,train
dlg-0432570c-307f-4246-8519-45d4cd246872,dlg-0432570c-307f-4246-8519-45d4cd246872_3_6,Maroon 5.,Maroon 5. Let's see what else I can find that you may not be familiar with. Looks like the artist name of Monsters and Men maybe similar. Have you heard from green day artist?,train
dlg-0432570c-307f-4246-8519-45d4cd246872,dlg-0432570c-307f-4246-8519-45d4cd246872_7_8,I've heard of Green Day.,Let me play you something by Of Monsters and Men. Here's the song called King And Lionheart by the artist of monster and men. Did you like it?,train
dlg-0432570c-307f-4246-8519-45d4cd246872,dlg-0432570c-307f-4246-8519-45d4cd246872_9_16,"Yeah, I like the woman's vocals. I like this song.",Okay great! Have you heard songs by Goo Goo Dolls. How about Nickelback? What about Matchbox 20? Yeah let me pull it out for you. Here's the song called If You're Gone by Matchbox 20.,train
dlg-04a2b858-c17a-40ef-a157-49d8ff206321,dlg-04a2b858-c17a-40ef-a157-49d8ff206321_0_2,"Hi, I would like to hear a song by Korn.",Here is Korn - Freak On a Leash.,train
dlg-04a2b858-c17a-40ef-a157-49d8ff206321,dlg-04a2b858-c17a-40ef-a157-49d8ff206321_3_4,Or can we change that now to newer material?,Here is Korn - Black Is The Soul.,train
dlg-04a2b858-c17a-40ef-a157-49d8ff206321,dlg-04a2b858-c17a-40ef-a157-49d8ff206321_6_7,I don't know what's playing right now. I would like newer material.,"Ok, sounds good. Here is Korn - A.D.I.D.A.S.",train
dlg-04ab5f13-2bf1-45b9-ba83-0672b3857fdc,dlg-04ab5f13-2bf1-45b9-ba83-0672b3857fdc_3_6,I would like to hear something from the band Journey.,Send Her My Love by Journey.,train
dlg-04ab5f13-2bf1-45b9-ba83-0672b3857fdc,dlg-04ab5f13-2bf1-45b9-ba83-0672b3857fdc_9_14,"Yes, but I would like to hear newer material. Can you find me something with newer material? Did you find newer material for me from Journey?",Journey - Generations [Full Album].,train
dlg-04ab5f13-2bf1-45b9-ba83-0672b3857fdc,dlg-04ab5f13-2bf1-45b9-ba83-0672b3857fdc_17_19,This is blocked. Can you find me another song that's newer material?,"Yes, it's pretty recent. Journey - City Of Hope.",train
dlg-04ab5f13-2bf1-45b9-ba83-0672b3857fdc,dlg-04ab5f13-2bf1-45b9-ba83-0672b3857fdc_20_21,Can you find me the same song by a different artist?,"Okay. City of Hope (Official Lyric Video), Brave New World, Amanda Cook. Are you able to see that video?",train
dlg-04beca9a-c279-49b2-a5b2-8b8e9fbf73a4,dlg-04beca9a-c279-49b2-a5b2-8b8e9fbf73a4_0_5,Hi. I wanna listen to Opeth.,How about the song Era? Here is Era by Opeth. Here is Era by Opeth. How about the song Burden?,train
dlg-04beca9a-c279-49b2-a5b2-8b8e9fbf73a4,dlg-04beca9a-c279-49b2-a5b2-8b8e9fbf73a4_7_9,"Ok, That's a better song. How about something from an older album?",Let me check that for you. How about the song Would (Alice in chains cover) by Opeth?,train
dlg-04ca9fbb-b7ae-4a0e-a388-7952824ba58f,dlg-04ca9fbb-b7ae-4a0e-a388-7952824ba58f_1_5,I'd like to hear some music by Biggie Smalls.,Here is The Notorious B.I.G. - Suicidal Thoughts. Here is 2Pac-Changes.,train
dlg-04ca9fbb-b7ae-4a0e-a388-7952824ba58f,dlg-04ca9fbb-b7ae-4a0e-a388-7952824ba58f_6_13,That video didn't work.,Let's try 2Pac-Life Goes On. Here is 2Pac-Hit 'Em Up.,train
dlg-04d02dba-cf03-4e2c-812c-401a03d780c1,dlg-04d02dba-cf03-4e2c-812c-401a03d780c1_1_2,Hi. I would like to hear something by Taylor Swift.,Here is Taylor Swift - Look What You Made Me Do.,train
dlg-04d02dba-cf03-4e2c-812c-401a03d780c1,dlg-04d02dba-cf03-4e2c-812c-401a03d780c1_3_4,Can I now hear newer material by Taylor Swift?,Here is shake it off by Taylor Swift.,train
dlg-04d02dba-cf03-4e2c-812c-401a03d780c1,dlg-04d02dba-cf03-4e2c-812c-401a03d780c1_5_7,I don't know what's playing right now. Can we now hear some a similar song by a different artist?,Here is all about that Bass-Meghan Trainor.,train
dlg-052c1e8e-1865-4f90-bfd5-6c2e68fe5c01,dlg-052c1e8e-1865-4f90-bfd5-6c2e68fe5c01_1_6,Could you play Mumford & Sons? Mumford & Sons.,Mumford and Sons - Hopeless Wanderer (Lyrics). Hopeless Wanderer - Mumford and Sons (cover by Damien McFly).,train
dlg-0548c8d0-1409-416f-a878-633edd367663,dlg-0548c8d0-1409-416f-a878-633edd367663_2_5,Play something by Rancid.,Here is fall back down by Rancid.,train
dlg-0548c8d0-1409-416f-a878-633edd367663,dlg-0548c8d0-1409-416f-a878-633edd367663_6_9,Change the song to Time Bomb.,Here is Time Bomb by Rancid.,train
dlg-0548c8d0-1409-416f-a878-633edd367663,dlg-0548c8d0-1409-416f-a878-633edd367663_10_12,I don't want to hear this. Play Ruby Soho instead.,Here is Ruby Soho by Rancid.,train
dlg-05af4b3c-1ad7-40bd-8240-7f91a7de79c7,dlg-05af4b3c-1ad7-40bd-8240-7f91a7de79c7_0_5,"Hello, I'd like some help. Rousing music, please. I'd like to hear something from the band Chicago, please.","Here's the song Hard To Say I'm Sorry by Chicago. One second, here is the song All is well by Chicago.",train
dlg-05af4b3c-1ad7-40bd-8240-7f91a7de79c7,dlg-05af4b3c-1ad7-40bd-8240-7f91a7de79c7_6_7,"That's pretty good, but let's try something newer, please.","One second, here's the song Caroline by Chicago.",train
dlg-05ed5b58-3fc6-4811-95f5-c743c4b9a6b6,dlg-05ed5b58-3fc6-4811-95f5-c743c4b9a6b6_0_4,"I would like to hear music from Nirvana. I want a different song from from the same artist. I don't know what's playing right now. I want a different album right now, please. Oh, this song is so amazing. I like it so much.","Yes, It's such a good song.",train
dlg-064127e3-1617-4bd2-a2e4-c4e2849c6d3f,dlg-064127e3-1617-4bd2-a2e4-c4e2849c6d3f_0_1,Hello. Can I hear a song from Katy Perry?,Here is Katy Perry´s song Swish Swish.,validation
dlg-064127e3-1617-4bd2-a2e4-c4e2849c6d3f,dlg-064127e3-1617-4bd2-a2e4-c4e2849c6d3f_2_3,Can you give me another song by Boston?,Here is Boston's More Than A Feeling.,validation
dlg-064127e3-1617-4bd2-a2e4-c4e2849c6d3f,dlg-064127e3-1617-4bd2-a2e4-c4e2849c6d3f_5_6,"That's one of my favorite songs. Just to change up once more, how about something from Chuck Mangione?",Here is Chuck Mangione Feels So Good.,validation
dlg-06491c87-55bc-414e-a37c-9bad2839b3ef,dlg-06491c87-55bc-414e-a37c-9bad2839b3ef_0_1,"Hi. I'd like to discover some new music for me, please.",Sure. I can help you to discover new music. Can you give me a name of an artist that you do like?,train
dlg-06491c87-55bc-414e-a37c-9bad2839b3ef,dlg-06491c87-55bc-414e-a37c-9bad2839b3ef_2_11,Florence and the Machine.,Have you heard of Noah and the Whale before? Here's the song Five Years Time by Noah and the Whale. Have you heard of the band Fleet Foxes before? Here's the song If you need me keep time on me by Fleet Foxes.,train
dlg-06491c87-55bc-414e-a37c-9bad2839b3ef,dlg-06491c87-55bc-414e-a37c-9bad2839b3ef_12_13,That's pretty unique. Can I hear something else by them?,Here's the song Blue Ridge Mountains by Fleet Foxes.,train
dlg-06491c87-55bc-414e-a37c-9bad2839b3ef,dlg-06491c87-55bc-414e-a37c-9bad2839b3ef_14_20,"Well, they have a really distinctive style. I'll definitely check them out some more.",Have you heard of the band Funeral party before? Here is Funeral party's song Just because.,train
dlg-067f0e05-6569-4476-89c2-31d1ea27fae7,dlg-067f0e05-6569-4476-89c2-31d1ea27fae7_2_8,"Hi, can you find some music for me that's from Bob Dylan?",Here is The Times They Are A Changin' by Bob Dylan. Here is Mr. Tambourine Man by Bob Dylan. Here is With God on Our Side by Bob Dylan.,train
dlg-06948b86-68c3-45f0-997f-9452bf16de6d,dlg-06948b86-68c3-45f0-997f-9452bf16de6d_1_6,"Yes. Can you play something from the band Mötley Crüe, please?",Here is Home Sweet Home by Motley Crue. Here's Kickstart My Heart by Motley Crue. Here is Wild Side by Motley Crue.,train
dlg-069e1672-2493-430b-9cbe-c5a95baa48b8,dlg-069e1672-2493-430b-9cbe-c5a95baa48b8_2_6,"I'd like some help browsing the music of The Beatles, please.",What would you like to hear from the band Beatles? Here is the song Hey Jude by The Beatles.,train
dlg-069e1672-2493-430b-9cbe-c5a95baa48b8,dlg-069e1672-2493-430b-9cbe-c5a95baa48b8_7_12,Do you have that same song by a different artist?,This is the same song Hey Jude by different artists. Here is the song We Can Work it Out by the beatles.,train
dlg-069e1672-2493-430b-9cbe-c5a95baa48b8,dlg-069e1672-2493-430b-9cbe-c5a95baa48b8_13_15,"No, not The Beatles. The last artist, Kayla Estes.",Here is California Dreamin' Cover by Kayla Estes.,train
dlg-06a44eb0-36df-4652-9c81-2062ce3e4e69,dlg-06a44eb0-36df-4652-9c81-2062ce3e4e69_1_2,Could you play Dr. Dre?,Okay. Dr. Dre feat Snoop Dogg - Still Dre.,validation
dlg-06a44eb0-36df-4652-9c81-2062ce3e4e69,dlg-06a44eb0-36df-4652-9c81-2062ce3e4e69_3_4,"Okay, put me a different one. There will be a new one.","Okay. Dr. Dre, Snoop Dogg - Nuthin' But A G Thang.",validation
dlg-06a44eb0-36df-4652-9c81-2062ce3e4e69,dlg-06a44eb0-36df-4652-9c81-2062ce3e4e69_5_6,That's the one I really like. The one makes me think about school. Put me something with that was like one of his top hits?,"Okay. Dr. Dre, Ft Snoop Dogg-The Next Episode.",validation
dlg-06b7d2f9-b938-48b6-9bb6-8e91ce4d0174,dlg-06b7d2f9-b938-48b6-9bb6-8e91ce4d0174_0_3,Can you play me a song by Taylor Swift? Can you play me a song by Taylor Swift?,Here's Bad Blood featuring Kendrick Lamar by Taylor Swift.,train
dlg-06b7d2f9-b938-48b6-9bb6-8e91ce4d0174,dlg-06b7d2f9-b938-48b6-9bb6-8e91ce4d0174_4_5,Can you play one where it's just her singing?,Here's the song Shake It Off by Taylor Swift.,train
dlg-06b7d2f9-b938-48b6-9bb6-8e91ce4d0174,dlg-06b7d2f9-b938-48b6-9bb6-8e91ce4d0174_6_7,I feel like I've heard this one way too many times. Can you play one that's not quite as popular?,Here's the song I Did Something Bad by Taylor Swift.,train
dlg-06da7231-8017-4a8c-a6b7-619543923383,dlg-06da7231-8017-4a8c-a6b7-619543923383_0_6,"Hi, Can you play me a song by Taylor Swift?",Here is Taylor Swift - Look What You Made Me Do. Older song? Here is Taylor Swift - Fifteen.,validation
dlg-06da7231-8017-4a8c-a6b7-619543923383,dlg-06da7231-8017-4a8c-a6b7-619543923383_7_10,"Can play one of her songs that's a little bit more poppy, like somewhere in between these two songs?",Here is Taylor Swift - Bad Blood ft. Kendrick Lamar.,validation
dlg-06f41553-e731-4307-bc8b-654e0ed8ad56,dlg-06f41553-e731-4307-bc8b-654e0ed8ad56_2_7,I'm interested in listening to the band The Who on YouTube. The Who.,Here's The Who - My Generation.,validation
dlg-06f41553-e731-4307-bc8b-654e0ed8ad56,dlg-06f41553-e731-4307-bc8b-654e0ed8ad56_8_12,"Good choice, 13 million hits. Can I hear something from their 1980s albums?",Here's The Who - Baba O'Riley.,validation
dlg-06f41553-e731-4307-bc8b-654e0ed8ad56,dlg-06f41553-e731-4307-bc8b-654e0ed8ad56_14_18,"Those are two excellent choices. Just to change it up a little bit, can you give me one of the top hits of all time by Pink Floyd?",Here's Pink Floyd - Hey You.,validation
dlg-070bb8a3-fa36-40dc-9fc3-a597d08cb237,dlg-070bb8a3-fa36-40dc-9fc3-a597d08cb237_1_2,"Hi, I was interested in hearing some music by Radiohead.",Radiohead - I Promise.,train
dlg-070bb8a3-fa36-40dc-9fc3-a597d08cb237,dlg-070bb8a3-fa36-40dc-9fc3-a597d08cb237_4_5,"Yes, Would it be possible to hear something from their album?",Radiohead - Paranoid Android.,train
dlg-070c8a65-14ad-4b4b-921b-803346ff7627,dlg-070c8a65-14ad-4b4b-921b-803346ff7627_1_6,I would like to hear music from the artist Skrillex. Skrillex.,SKRILLEX - Scary Monsters And Nice Sprites.,train
dlg-070c8a65-14ad-4b4b-921b-803346ff7627,dlg-070c8a65-14ad-4b4b-921b-803346ff7627_7_11,This song makes me so upbeat. The drop in this song is so amazing. It reminds me of my youth. Can I hear some newer songs by Skrillex now?,Skrillex - Take Me.,train
dlg-070c8a65-14ad-4b4b-921b-803346ff7627,dlg-070c8a65-14ad-4b4b-921b-803346ff7627_12_15,"Wow, this song makes me feel like I'm in outer space. I really like the composition of it.",Marshmello & Skrillex - Pills.,train
dlg-0713199a-cc36-420e-b95f-5723a232f032,dlg-0713199a-cc36-420e-b95f-5723a232f032_2_3,"Hi. I was wondering if you could play something by Jordan Lucas, please.",How about the song called I'm Sorry by the artist Joyner Lucas?,validation
dlg-0713199a-cc36-420e-b95f-5723a232f032,dlg-0713199a-cc36-420e-b95f-5723a232f032_5_7,"Can you play something less depressing from Joyner Lucas, please? I like this song, but it's really depressing.",Here is the song called DNA by Joyner Lucas.,validation
dlg-0713199a-cc36-420e-b95f-5723a232f032,dlg-0713199a-cc36-420e-b95f-5723a232f032_9_10,"I like this song a lot. Can you play something more recent by Joyner Lucas? Because, I've heard this one before.",How about the song called Winter Blues by Joyner Lucas?,validation
dlg-0713199a-cc36-420e-b95f-5723a232f032,dlg-0713199a-cc36-420e-b95f-5723a232f032_11_12,Is that the most recent from him?,"Yes, it's from his latest album.",validation
dlg-073f7039-1e2c-4b2f-a34d-277137c72027,dlg-073f7039-1e2c-4b2f-a34d-277137c72027_2_3,Hi. Today I'm looking to hear some music. I'm hoping that you can find the song Spit Out the Bone by Metallica.,Here is the song by Metallica Spit Out the Bone.,train
dlg-073f7039-1e2c-4b2f-a34d-277137c72027,dlg-073f7039-1e2c-4b2f-a34d-277137c72027_6_10,"Now, I'd like to look for another song by Metallica. I'm looking for Ain't My Bitch. And yes, that's the name of it if you're into them.",Play a song that's so heavy. Here is the song by Metallica. This is when Metallica was amazing.,train
dlg-073f7039-1e2c-4b2f-a34d-277137c72027,dlg-073f7039-1e2c-4b2f-a34d-277137c72027_11_13,"Yeah, I liked it. When there are lot of people didn't like their Load and Reload albums, but when I go through them recently I just really listened to them, like all their albums. It's good music here compared to St. Anger. Now, I'd like to hear a song by another song by Metallica. I'd like to hear Moth Into the Flame.",St. Anger was garbage.,train
dlg-073f7039-1e2c-4b2f-a34d-277137c72027,dlg-073f7039-1e2c-4b2f-a34d-277137c72027_14_18,"Yeah, I didn't like St. Anger. I thought, you know. St. Anger the song was okay, but that was about it. That's okay. Moth Into the Flame.",Here is the song by Metallica.,train
dlg-075014a4-8472-4596-b812-206b9fd4e065,dlg-075014a4-8472-4596-b812-206b9fd4e065_7_25,Can I hear something that's not so quiet and rock music? Like how about some rock music?,"Have you listened to Deer Tick? Here is your song. Deer Tick - Main Street. How about AC/DC? Here is your song. AC/DC Back in Black. Maybe some Metallica? Here is your song, Metallica - One.",validation
dlg-075e7692-8704-458d-8bab-0230ef37377d,dlg-075e7692-8704-458d-8bab-0230ef37377d_1_2,I'd like to listen to some music by Kiss.,The Cure by the kiss?,train
dlg-075e7692-8704-458d-8bab-0230ef37377d,dlg-075e7692-8704-458d-8bab-0230ef37377d_3_4,"No, the band Kiss.",Tears Are Falling by Kiss.,train
dlg-077eb9dd-61b5-4c6a-a4d5-3b5f04585804,dlg-077eb9dd-61b5-4c6a-a4d5-3b5f04585804_1_21,Can I hear some Screamo music? I want to hear screamo music.,"One second, have you heard of the artist name emo? Here is An Hour Too Late by Four Hundred Years. Okay, just a moment. Who's Driving This Thing Anyway by Four Hundred Years. Have u heard of an artist named inner universe? How about stanton warrior? Here's Get Up ft. Ruby Goe & Hollywood Holt by Stanton Warriors. Here's Superstar by Stanton Warriors. Here's Turn Me Up Some by Stanton Warriors.",train
dlg-07d7b6cf-1835-437f-8894-6016f4889b77,dlg-07d7b6cf-1835-437f-8894-6016f4889b77_0_14,I would like help finding new music to listen to. Something similar to Blink-182.,Sure. How about green day? How about green day? Here is Green day- Time of your life. Here is Green Day- Boulevard of Broken Dreams. How about Weezer? Here is Weezer- Buddy Holly. Here is Weezer- Say It Ain't So.,train
dlg-08988584-a4aa-48b0-9cfd-07da69844dbd,dlg-08988584-a4aa-48b0-9cfd-07da69844dbd_1_3,"Hello, I'd like to hear some music by the Bee Gees.",Bee Gees - How Deep Is Your Love (Official Video).,train
dlg-08988584-a4aa-48b0-9cfd-07da69844dbd,dlg-08988584-a4aa-48b0-9cfd-07da69844dbd_6_9,I like it. Play something else from the 70s.,Queen - Bohemian Rhapsody (Official Video).,train
dlg-08988584-a4aa-48b0-9cfd-07da69844dbd,dlg-08988584-a4aa-48b0-9cfd-07da69844dbd_11_17,"This is not playing. You played me something else. No problem. If you want, you can play me, Queen.",Queen - We Are The Champions Lyrics.,train
dlg-08d121b5-d7a9-4e15-b743-e0b92ab21888,dlg-08d121b5-d7a9-4e15-b743-e0b92ab21888_4_8,Can you play something by The Quick? The Quick.,How about the song Pretty Please by the quick?,validation
dlg-08d121b5-d7a9-4e15-b743-e0b92ab21888,dlg-08d121b5-d7a9-4e15-b743-e0b92ab21888_10_11,That's a really good song. I think they also they also had a song called Zulu. Can you play Zulu by The Quick?,Here is the song Zulu by the quick.,validation
dlg-08d121b5-d7a9-4e15-b743-e0b92ab21888,dlg-08d121b5-d7a9-4e15-b743-e0b92ab21888_12_15,"Well, that's significantly worse.",How about the song Not That Girl.,validation
dlg-08ff762c-d649-4256-bc5e-4a1c0887bd4a,dlg-08ff762c-d649-4256-bc5e-4a1c0887bd4a_1_5,"Hello, I'd like some help browsing blues music, please.",I'd Rather Go Blind by Etta James.,train
dlg-08ff762c-d649-4256-bc5e-4a1c0887bd4a,dlg-08ff762c-d649-4256-bc5e-4a1c0887bd4a_6_7,"Okay, that's pretty good. How about something with a big band?",My Mississippi Queen by Downchild.,train
dlg-08ff762c-d649-4256-bc5e-4a1c0887bd4a,dlg-08ff762c-d649-4256-bc5e-4a1c0887bd4a_8_9,"I like that, got a good beat. How about a modern female jazz blues singer?",Feeling Good by Nina Simone.,train
dlg-08ff762c-d649-4256-bc5e-4a1c0887bd4a,dlg-08ff762c-d649-4256-bc5e-4a1c0887bd4a_10_12,"Yeah, everybody and his brother's done that song. I guess that must mean it's a great song. Let's see here. How about something that's just wailing guitar?",Five Long Years by Buddy Guy.,train
dlg-09577ca1-cd7d-4676-9c96-bdd7d534eae2,dlg-09577ca1-cd7d-4676-9c96-bdd7d534eae2_2_3,Could you play songs from Little Mix?,Here is Power by Little Mix.,train
dlg-09577ca1-cd7d-4676-9c96-bdd7d534eae2,dlg-09577ca1-cd7d-4676-9c96-bdd7d534eae2_4_5,"I like that. But also, could you play me something a little bit different? I want something that's a little bit slower paced from them.",Here is Touch by Little Mix.,train
dlg-09577ca1-cd7d-4676-9c96-bdd7d534eae2,dlg-09577ca1-cd7d-4676-9c96-bdd7d534eae2_6_7,"I like that. Now, I want to try a different genre. Play me something that's like country music.",Here is Body Like A Back Road by Sam Hunt.,train
dlg-09577ca1-cd7d-4676-9c96-bdd7d534eae2,dlg-09577ca1-cd7d-4676-9c96-bdd7d534eae2_9_10,Let's try a different artist. Play me something by R&B artist.,Let me see what I can find in R&B. Here is Wild Thoughts featuring Rihanna Bryson Tiller.,train
dlg-095f35ec-efab-4bae-bf7c-3766f21b3cb7,dlg-095f35ec-efab-4bae-bf7c-3766f21b3cb7_1_6,Can you help me find new music to listen to? I like The Arcadian Wild.,The Arcadian Wild. Let's see what else I can find that you may not be familiar with. Have you heard about the artist Need To Breathe or Paper Route?,validation
dlg-095f35ec-efab-4bae-bf7c-3766f21b3cb7,dlg-095f35ec-efab-4bae-bf7c-3766f21b3cb7_7_12,I've never heard of Paper Route.,What about Ziggy Alberts? Let me play you something by Paper Route and Ziggy Alberts each. Here is the song called Chariots by Paper Route.,validation
dlg-095f35ec-efab-4bae-bf7c-3766f21b3cb7,dlg-095f35ec-efab-4bae-bf7c-3766f21b3cb7_13_16,"Do they have any songs that are a little bit more laid back? Like more folksy and less drums, I guess.",Let me check that. Here is another song called Two Hearts by Paper Route. Ziggy Alberts. Let me play you something. Here is the song called Simple Things by Ziggy Alberts.,validation
dlg-095f35ec-efab-4bae-bf7c-3766f21b3cb7,dlg-095f35ec-efab-4bae-bf7c-3766f21b3cb7_17_18,Okay. I like this one. Can I hear another song by them to get a better feel of their music?,Ok one moment. Here is another song called Runaway by Ziggy Alberts.,validation
dlg-09abd449-4640-4ac5-9032-3709eb3cfdf7,dlg-09abd449-4640-4ac5-9032-3709eb3cfdf7_1_4,Play some hip hop.,"In Da Club by 50 Cent. ""To The Top"" by HipHop Instrumental.",test
dlg-09abd449-4640-4ac5-9032-3709eb3cfdf7,dlg-09abd449-4640-4ac5-9032-3709eb3cfdf7_5_6,"That's really smooth, play something a little bit faster but also instrumental.",One moment. Best rap freestyle battle instrumental beat.,test
dlg-09abd449-4640-4ac5-9032-3709eb3cfdf7,dlg-09abd449-4640-4ac5-9032-3709eb3cfdf7_7_9,Can you play something with vocals but maybe a little older?,Step Into A World by KRS-One.,test
dlg-09bf7306-5809-4e50-93df-0704ccb8ca04,dlg-09bf7306-5809-4e50-93df-0704ccb8ca04_1_2,"Hi, Can you play My Love by Wale, Please?",I can do that. Hold on just a second. Here is My love by wale.,train
dlg-09bf7306-5809-4e50-93df-0704ccb8ca04,dlg-09bf7306-5809-4e50-93df-0704ccb8ca04_5_7,Can you play  Wale f. Rihanna - Bad ? This is my favorite song.,Good song.,train
dlg-09ee312d-5d89-4b7d-9cd0-751862ca8344,dlg-09ee312d-5d89-4b7d-9cd0-751862ca8344_1_3,I'd like to listen to some music by REO Speedwagon.,"Okay, Let me see what I can find by REO Speedwagon. Hold on. Here is Take It on the Run by REO Speedwagon. Here is Take It on the Run by REO Speedwagon.",train
dlg-09ee312d-5d89-4b7d-9cd0-751862ca8344,dlg-09ee312d-5d89-4b7d-9cd0-751862ca8344_4_9,I like that. Brings back some good memories.,"Sure, One second. Here is In My Dreams by REO Speedwagon. Would you like to hear another song? Here is I Can't Fight This Feeling Anymore by REO Speedwagon.",train
dlg-0a17eac6-1c65-4341-b3f7-14cb25af5904,dlg-0a17eac6-1c65-4341-b3f7-14cb25af5904_0_2,Hello. I'd like to hear a song by Joanna Newsom.,Here is Sapokanikan by Joanna Newsom.,train
dlg-0a17eac6-1c65-4341-b3f7-14cb25af5904,dlg-0a17eac6-1c65-4341-b3f7-14cb25af5904_3_8,I really like this song. It's upbeat and whimsical. Sadie by Joanna Newsom.,TRS-80 by Joanna Newsom. Here is a Sadie by Joanna Newsom.,train
dlg-0a17eac6-1c65-4341-b3f7-14cb25af5904,dlg-0a17eac6-1c65-4341-b3f7-14cb25af5904_9_12,I really like this song. It's very heartfelt in a childlike way. Could I listen to a song by Modest Mouse now?,"Here is ""Float On"" by Modest Mouse.",train
dlg-0a310e1f-8731-4407-a025-228e023d4785,dlg-0a310e1f-8731-4407-a025-228e023d4785_0_5,Hello. I'm looking for a song by Stone Sour. It's called Bother. I'm looking for a song by Stone Sour. It's called Bother.,Is Stone Sour song number 3?,train
dlg-0a310e1f-8731-4407-a025-228e023d4785,dlg-0a310e1f-8731-4407-a025-228e023d4785_6_9,"Okay. It's one of their new ones. Now, I'm looking for a song by them but on a different album. I'm looking for 30-30-150 by the Stone Sour.",Here is Stone Sour's 30-30-150.,train
dlg-0a310e1f-8731-4407-a025-228e023d4785,dlg-0a310e1f-8731-4407-a025-228e023d4785_10_13,"Okay, Thank you. Now, I'm looking for a song by the band Skillet. I'm looking for the song Monster.",Here is Monster by Skillet.,train
dlg-0a373c79-1669-4080-a700-596cbc0a5638,dlg-0a373c79-1669-4080-a700-596cbc0a5638_0_2,"Hi, Could I hear something by Katy Perry, please?",Here is Roar by Katy Perry.,train
dlg-0a373c79-1669-4080-a700-596cbc0a5638,dlg-0a373c79-1669-4080-a700-596cbc0a5638_3_5,"Ah, that's that's okay. It's a little old. Do you have anything more recent?",Here is a newer song called Bon Appetit by Katy Perry.,train
dlg-0a373c79-1669-4080-a700-596cbc0a5638,dlg-0a373c79-1669-4080-a700-596cbc0a5638_6_8,"Ah, that's a good song. That's nice and recent. How about another upbeat song by Katy Perry?",Here is Chained to the rhythm by Katy Perry.,train
dlg-0a3f7be2-4e84-4820-b878-8bb737588e93,dlg-0a3f7be2-4e84-4820-b878-8bb737588e93_1_10,"Hi, could you help me find some new music to listen to? I like Sara Bareilles.","Okay, Sara Bareilles. Let's see what else I can find that you may not be familiar with. Have you heard the artist named Rachel Yamagata? Be Your Love by Rachael Yamagata.",train
dlg-0a3f7be2-4e84-4820-b878-8bb737588e93,dlg-0a3f7be2-4e84-4820-b878-8bb737588e93_11_14,"Okay, not bad. Kind of reminds me more of another artist than of Sara, but not bad. Is there another person you can help me find?","Of course, have you heard of the artist named Mika? Hold, just a moment. Popular Song ft. Ariana Grande by MIKA.",train
dlg-0a3f7be2-4e84-4820-b878-8bb737588e93,dlg-0a3f7be2-4e84-4820-b878-8bb737588e93_15_16,"Okay, do you have anything else from her, from Mika?","Sure, We Are Golden by MIKA.",train
dlg-0a3f7be2-4e84-4820-b878-8bb737588e93,dlg-0a3f7be2-4e84-4820-b878-8bb737588e93_17_20,"Okay, little of a different sound. Not bad. I think of the two I like the first one more, the Rachel artist. Do you have one other I can listen to from her?","Of course, this will just be a second, hold. Over and Over by Rachael Yamagata.",train
dlg-0a6163d1-d3c6-4605-b2de-50bc1dd16ea3,dlg-0a6163d1-d3c6-4605-b2de-50bc1dd16ea3_1_4,I'd like to hear some music by Linkin Park.,"Sure thing, let me see what I can find for you by Linkin Park. Here is Paper cut by Linkin Park.",train
dlg-0a6163d1-d3c6-4605-b2de-50bc1dd16ea3,dlg-0a6163d1-d3c6-4605-b2de-50bc1dd16ea3_5_7,I like this song. Show me newer music by this band.,Here is one more light by Linkin Park.,train
dlg-0a6163d1-d3c6-4605-b2de-50bc1dd16ea3,dlg-0a6163d1-d3c6-4605-b2de-50bc1dd16ea3_8_10,Song is okay. Show me older music by this band.,Here is Somewhere I Belong by Linkin Park.,train
dlg-0a6163d1-d3c6-4605-b2de-50bc1dd16ea3,dlg-0a6163d1-d3c6-4605-b2de-50bc1dd16ea3_11_14,I like this song. Show me music from a different album.,Here is In the End by Linkin park.,train
dlg-0a78a495-b96a-43b5-b63a-8d73d4a964a8,dlg-0a78a495-b96a-43b5-b63a-8d73d4a964a8_1_7,Hello. Can you play some some Britney Spears?,I have found the song called Toxic by Britney Spears. How about the song Sometimes by Britney Spears? How about the song Baby One More Time by Britney spears?,validation
dlg-0ab4f6e1-72e6-4051-8437-ab8e02a8d107,dlg-0ab4f6e1-72e6-4051-8437-ab8e02a8d107_0_5,I'd like to hear a song from the Australian band Midnight Oil. How about the Power and the Passion?,Here is the song Power and the Passion by midnight oil.,train
dlg-0ab4f6e1-72e6-4051-8437-ab8e02a8d107,dlg-0ab4f6e1-72e6-4051-8437-ab8e02a8d107_7_8,I like it. It's a very good song. Can we try another song by Midnight Oil?,Here is another song called dead heart by midnight oil.,train
dlg-0ab4f6e1-72e6-4051-8437-ab8e02a8d107,dlg-0ab4f6e1-72e6-4051-8437-ab8e02a8d107_10_12,That was pretty good. How about one more? A favorite of mine of theirs is US Forces.,Here's your favorite song US Forces by midnight oil.,train
dlg-0ad01593-4079-4a23-ad36-8531cfde5c00,dlg-0ad01593-4079-4a23-ad36-8531cfde5c00_1_2,Hi. Can you play me a song by Selena Gomez?,Fetish by Selena Gomez.,train
dlg-0ad01593-4079-4a23-ad36-8531cfde5c00,dlg-0ad01593-4079-4a23-ad36-8531cfde5c00_3_6,Can you actually play one of her older songs?,Who Says by Selena Gomez. A year without rain by Selena Gomez.,train
dlg-0ae8ee38-78d9-4c84-8fef-6fa40b2ec524,dlg-0ae8ee38-78d9-4c84-8fef-6fa40b2ec524_0_2,Hello. Can you play me some music by Of Monsters and Men?,Here is the song list by Of Monsters and Men.,train
dlg-0ae8ee38-78d9-4c84-8fef-6fa40b2ec524,dlg-0ae8ee38-78d9-4c84-8fef-6fa40b2ec524_3_7,Can you play one of their slower songs? Can you play one of their slower songs?,Here is the song yellow light by Of Monsters and Men.,train
dlg-0ae8ee38-78d9-4c84-8fef-6fa40b2ec524,dlg-0ae8ee38-78d9-4c84-8fef-6fa40b2ec524_8_10,"I like this style, but do you think you could play one from their newer album?",Here is the song Human by Of Monsters and Men from their newest album.,train
dlg-0b00d120-160b-4d6d-a4b0-14e5db9c5b6f,dlg-0b00d120-160b-4d6d-a4b0-14e5db9c5b6f_0_18,"Hi. I need some help in finding some new music to listen to. Sure, Alkaline Trio.","Okay, Alkaline Trio. Let's see what else I can find that you may not be familiar with. Have you heard of the group name Glass Jaw? Here is your song, Radio Cambodia by GlassJaw. Have you heard the group called The Get Up Kids? Here is your song, I'm A Loner Dottie by The Get Up Kids. Here is your song. I'll Catch You by The Get Up Kids.",train
dlg-0b1bb866-7e2e-4760-b2ce-9bd4b5571eee,dlg-0b1bb866-7e2e-4760-b2ce-9bd4b5571eee_0_4,"Hi, I want some music to listen to. How about something by The Police?","Sure thing, here is Every Breath You Take by The Police. Here is the song called Roxanne by the band The Police.",test
dlg-0b1bb866-7e2e-4760-b2ce-9bd4b5571eee,dlg-0b1bb866-7e2e-4760-b2ce-9bd4b5571eee_6_9,"How about a similar song by a different artist? Yes, I want a similar song by different artist.",Have you ever heard of Take On Me by A-ha?,test
dlg-0b38c9b9-442f-4238-81ee-d8475550f9d3,dlg-0b38c9b9-442f-4238-81ee-d8475550f9d3_0_1,Please play something by Radiohead.,Here is man of war by radiohead.,validation
dlg-0b38c9b9-442f-4238-81ee-d8475550f9d3,dlg-0b38c9b9-442f-4238-81ee-d8475550f9d3_2_4,That's a pretty good song. Please find me a song with more bass in it.,"Here is Creep, by radiohead.",validation
dlg-0b38c9b9-442f-4238-81ee-d8475550f9d3,dlg-0b38c9b9-442f-4238-81ee-d8475550f9d3_5_6,I don't like this one. Play something with more drops.,"Here is Karma police, by radio head.",validation
dlg-0b4f76ed-d99e-4e5b-b0fa-fce696975abc,dlg-0b4f76ed-d99e-4e5b-b0fa-fce696975abc_1_7,Can you play something by Neil Young?,"How about the song Old Man by Neil Young? A different song. Here it is. My My, Hey Hey by Neil Young. Here is the video. My My, Hey Hey by Neil Young.",train
dlg-0b4f76ed-d99e-4e5b-b0fa-fce696975abc,dlg-0b4f76ed-d99e-4e5b-b0fa-fce696975abc_9_11,Can you play something older by him? Like from earlier in his career. Like from earlier in his career.,Here is an older song called Don't Let It Bring You Down by Neil Young. Here is the video.,train
dlg-0b8ae3ca-1522-4079-a3d9-9f0c0ee7d136,dlg-0b8ae3ca-1522-4079-a3d9-9f0c0ee7d136_1_3,Hi. Can I hear a song by J Cole?,Sure. No Role Modelz - J. Cole (Lyrics). No Role Modelz - J. Cole (Lyrics).,train
dlg-0b8ae3ca-1522-4079-a3d9-9f0c0ee7d136,dlg-0b8ae3ca-1522-4079-a3d9-9f0c0ee7d136_4_8,"Okay, Can I hear a similar song to this by a different artist?","Yes. Swimming Pools - Kendrick Lamar(Lyrics). Swimming Pools - Kendrick Lamar(Lyrics). Certainly, Kendrick Lamar - M.A.A.d city (Lyrics).",train
dlg-0ba9331b-2b62-4ed8-bafe-5dae1b2b76b2,dlg-0ba9331b-2b62-4ed8-bafe-5dae1b2b76b2_0_4,Hi. Can you play me a song by OneRepublic?,"Here is your song, ""Timbaland - Apologize ft"" by OneRepublic. Okay. Here is your song, OneRepublic - ""Secrets"".",train
dlg-0ba9331b-2b62-4ed8-bafe-5dae1b2b76b2,dlg-0ba9331b-2b62-4ed8-bafe-5dae1b2b76b2_5_6,I'm not familiar with this one. Can we play one of their newer songs?,"Sure, here is your song: OneRepublic - ""Good Life"".",train
dlg-0bd4a20a-cbc3-4980-952d-c8dac6db05c9,dlg-0bd4a20a-cbc3-4980-952d-c8dac6db05c9_2_5,I'd like to hear some music by Taylor Swift.,How about the song called End Game by the artist Taylor Swift? Featuring Ed Sheeran.,train
dlg-0bd4a20a-cbc3-4980-952d-c8dac6db05c9,dlg-0bd4a20a-cbc3-4980-952d-c8dac6db05c9_7_8,Play a similar sound by a different artist.,You mean a cover song?,train
dlg-0bd4a20a-cbc3-4980-952d-c8dac6db05c9,dlg-0bd4a20a-cbc3-4980-952d-c8dac6db05c9_9_13,A similar song.,Here is the song called Whatever It Takes by the artist Imagine Dragons. Here is the song called Thunder by the band Imagine Dragons.,train
dlg-0c162b50-a858-4728-a0ac-d851aad26a9f,dlg-0c162b50-a858-4728-a0ac-d851aad26a9f_1_2,"Hi, can you play something by Drums & Tuba?",Here is Magoo by Drums and Tuba.,validation
dlg-0c162b50-a858-4728-a0ac-d851aad26a9f,dlg-0c162b50-a858-4728-a0ac-d851aad26a9f_3_4,It is a good song. Can you find that song Magoo performed by someone else?,Clock Strikes (Remix) by Timbaland & Magoo.,validation
dlg-0c162b50-a858-4728-a0ac-d851aad26a9f,dlg-0c162b50-a858-4728-a0ac-d851aad26a9f_5_7,"Well, he is a very interesting mogul, I will give you that. That's a very different vibe. But I like it and that's why I have you, Google. You give me interesting stuff. I'm wondering if you can actually find something else like I just play Magoo again but from a different album from that first song. Not by Magoo, I'm sorry, by Drums & Tuba.","Okay, just a moment. The Mummy - by Drums and Tuba.",validation
dlg-0c2b80b8-86eb-4f0c-bc45-89850d5dacb9,dlg-0c2b80b8-86eb-4f0c-bc45-89850d5dacb9_0_1,"Hi, I'd really love to hear some rock music.",I can help you to find some rock music. Would you like to listen to something older or something new?,train
dlg-0c2b80b8-86eb-4f0c-bc45-89850d5dacb9,dlg-0c2b80b8-86eb-4f0c-bc45-89850d5dacb9_2_13,Something older. Please find me something classic. Thank you.,Here's the song Somebody to Love by Queen. Here's the song Old Man by Neil Young. Here's the song Sweet Child of Mine by Guns N Roses.,train
dlg-0c84bacd-2109-4f09-a582-9b9e08127136,dlg-0c84bacd-2109-4f09-a582-9b9e08127136_3_4,How about something by The Beatles?,Here is the Beatles with Let It Be.,test
dlg-0c84bacd-2109-4f09-a582-9b9e08127136,dlg-0c84bacd-2109-4f09-a582-9b9e08127136_5_6,How about something older from the artist?,Sure thing. Here is Imagine by John Lennon.,test
dlg-0cbbddbc-6ef8-431f-9970-c449843575fa,dlg-0cbbddbc-6ef8-431f-9970-c449843575fa_1_4,"Hi assistant. I would like to hear some music by Queen, the band Queen. Can you help me?",Here is Don't Stop Me Now by queen.,train
dlg-0cbbddbc-6ef8-431f-9970-c449843575fa,dlg-0cbbddbc-6ef8-431f-9970-c449843575fa_6_9,"Great! Hey assistant, I would like to hear the same song by a different artist.",Here is same song with sung by the band The shades.,train
dlg-0cbbddbc-6ef8-431f-9970-c449843575fa,dlg-0cbbddbc-6ef8-431f-9970-c449843575fa_11_14,"Thank you. Hey assistant, That's very cool. Again, I'd like to hear the same song by a different artist.",Here is Don't Stop Me Now by Tina Turner Soul Style ft. Melinda Doolittle.,train
dlg-0d3b543b-a733-4928-aa5f-da593bf4d96c,dlg-0d3b543b-a733-4928-aa5f-da593bf4d96c_2_14,"Can you play something from the band Creed, please?",My Sacrifice - Creed. Creed - One Last Breaths. Creed-Higher with Lyrics.,train
dlg-0d7ad96e-dd7f-402f-9b7e-76ed76af2327,dlg-0d7ad96e-dd7f-402f-9b7e-76ed76af2327_1_20,I would like help to find new music to listen to. Something similar to Blink-182.,"Sure. Have you heard of Good Charlotte? What about Sum 41? Sum 41-Fat Lip lyrics. Certainly, Sum 41 - The Hell Song. Have you heard of Green Day? The All-American Rejects? Yellowcard? Yellowcard - Ocean Avenue ( Lyrics ). Only One- Yellowcard [lyrics].",train
dlg-0dcf3aa4-2809-481e-953e-d6ad4ae7054b,dlg-0dcf3aa4-2809-481e-953e-d6ad4ae7054b_2_3,I'd love to listen to some music by Eric Clapton.,Here's Wonderful Tonight by Eric Clapton.,train
dlg-0dcf3aa4-2809-481e-953e-d6ad4ae7054b,dlg-0dcf3aa4-2809-481e-953e-d6ad4ae7054b_4_5,That sounded really good. Can I hear another song by him called River of Tears?,Here's River of Tears by Eric Clapton.,train
dlg-0dcf3aa4-2809-481e-953e-d6ad4ae7054b,dlg-0dcf3aa4-2809-481e-953e-d6ad4ae7054b_6_7,"That's another great tune, but you know what? I'm getting a little sleepy. I need some something with a little more pep. Can we try Eric Clapton's It's In the Way That You Use It?",Sure. Here's It's In The Way That You Use It by Eric Clapton.,train
dlg-0e152b53-4a07-4504-889b-bacb052bf360,dlg-0e152b53-4a07-4504-889b-bacb052bf360_0_3,"Hi, I need help browsing for music to listen to. I'd like to hear Sara Bareilles. I'd like to hear Sara Bareilles.",How about gravity by Sarah Bareilles?,validation
dlg-0e152b53-4a07-4504-889b-bacb052bf360,dlg-0e152b53-4a07-4504-889b-bacb052bf360_5_12,Thanks. Can I hear another song by Sarah Bareilles?,"Oh, I am sorry. How about the song Once Upon a Time? Here is the song Once Upon Another Time by Sara Bareilles.",validation
dlg-0e3816b4-ad3d-4f96-a122-2277f1b2df75,dlg-0e3816b4-ad3d-4f96-a122-2277f1b2df75_0_3,"Hi, can you help me find music? That's in the journal of Coffee House Type Music.",I can help you find some Coffee House Music. Hold on just a second. Here is Too Good at Goodbyes by Sam Smith.,train
dlg-0e3816b4-ad3d-4f96-a122-2277f1b2df75,dlg-0e3816b4-ad3d-4f96-a122-2277f1b2df75_4_5,"Alright, can you find me a more acoustic song in that same genre of Coffee House Music?",Here is Say You Won't Let Go by James Arthur.,train
dlg-0e3816b4-ad3d-4f96-a122-2277f1b2df75,dlg-0e3816b4-ad3d-4f96-a122-2277f1b2df75_6_9,"Alright. Now, can you find me more of the energetic coffee house song maybe? I don't know if that not part of the genre or not.",Here is Heart to Heart by James Blunt.,train
dlg-0e3816b4-ad3d-4f96-a122-2277f1b2df75,dlg-0e3816b4-ad3d-4f96-a122-2277f1b2df75_10_12,"Alright, and lastly, can you play a version a cover version of any of the three songs that you just played?",Here is a cover by Samantha Harvey of Sam Smith song Too Good at Goodbyes.,train
dlg-0e5bdab8-c0e5-4379-9525-aada80423be6,dlg-0e5bdab8-c0e5-4379-9525-aada80423be6_1_3,I'd like to hear Wavves.,"Got it, Here is your song. Waves - Stupid in Love.",train
dlg-0e5bdab8-c0e5-4379-9525-aada80423be6,dlg-0e5bdab8-c0e5-4379-9525-aada80423be6_4_7,I like this song. Please play something else based on this song.,"Here is your song, Waves - Nine Is God.",train
dlg-0e5bdab8-c0e5-4379-9525-aada80423be6,dlg-0e5bdab8-c0e5-4379-9525-aada80423be6_10_11,Play Headache by Wavves.,"Here is your song, Waves - My Head Hurts.",train
dlg-0e7e1f47-92cc-4b8e-9b01-26372dc87ea7,dlg-0e7e1f47-92cc-4b8e-9b01-26372dc87ea7_1_8,"Hi. Can you help me find new artists two, please? Adrian Lucas. Joyner.",Okay Joyner Lucas. Let me see what I can find that you may not be familiar with. Are you familiar with the Artist Yo Trane. Another one is Rotimi.,validation
dlg-0e7e1f47-92cc-4b8e-9b01-26372dc87ea7,dlg-0e7e1f47-92cc-4b8e-9b01-26372dc87ea7_11_14,Was it like the word martini? No.,Here is the song called Late Night Drive by Yo Trane.,validation
dlg-0e7e1f47-92cc-4b8e-9b01-26372dc87ea7,dlg-0e7e1f47-92cc-4b8e-9b01-26372dc87ea7_19_21,"No. Can you play the other suggestion, Rotimi?",Yes one moment. Here is the song called Want More featuring Kranium by Rotimi. Here is the video. Here is the song called Want More featuring Kranium by Rotimi.,validation
dlg-0e7e1f47-92cc-4b8e-9b01-26372dc87ea7,dlg-0e7e1f47-92cc-4b8e-9b01-26372dc87ea7_23_28,"I'm not really liking the song. I like the Yo Trey song a lot better. Yeah, the Yochne song is way better than this song. Yeah, the Yochne song is way better than this song.","Okay, how about the artists Talley of 300? Here is the song called GUMMO by Talley of 300.",validation
dlg-0e7e1f47-92cc-4b8e-9b01-26372dc87ea7,dlg-0e7e1f47-92cc-4b8e-9b01-26372dc87ea7_29_31,Not really liking the song at all. New Train seems like better suggestion.,"Okay, would you like me to play you another song by Yo Trane?",validation
dlg-0ed41228-0e68-418c-a374-54a665203c4b,dlg-0ed41228-0e68-418c-a374-54a665203c4b_1_4,"Yeah, could you play me some Counting Crows? Counting Crows.",Let me see what I can find? Here is Round by Counting Crows.,train
dlg-0ed41228-0e68-418c-a374-54a665203c4b,dlg-0ed41228-0e68-418c-a374-54a665203c4b_5_6,"Yeah, that's pretty good. How about something a little newer?",Sure thing. Here is Mr. Jones by Counting Crows.,train
dlg-0ed41228-0e68-418c-a374-54a665203c4b,dlg-0ed41228-0e68-418c-a374-54a665203c4b_7_8,"Okay, that's pretty good. But how about something a lot newer? Not of the same album.",Ok. Here is hanging around by Counting Crows.,train
dlg-0ee6659f-8aba-4346-a073-8a927b99ca0a,dlg-0ee6659f-8aba-4346-a073-8a927b99ca0a_2_3,"I'm looking for some new music. I have my guitar here, And I really like Neil Young, So I'm wondering if you can find an artist kind of like Neil Young.","OK, Neil Young. Let's see what else I can find that you may not be familiar with. Looks like the artist who may be similar/have similar style/might be a close match/etc. Another is grateful dead . Are either of those new to you?",train
dlg-0ee6659f-8aba-4346-a073-8a927b99ca0a,dlg-0ee6659f-8aba-4346-a073-8a927b99ca0a_4_8,Yeah. I really haven't heard a lot about Grateful Dead. I heard Meat Puppets are influenced by them. I never really heard Grateful Dead themselves.,"OK, let me play you something by the artist and see if you like it. Here is the song called Viola Lee Blues by the artist Grateful Dead. Sure one moment. Here is the song called Scarlet Begonias by the artist Grateful Dead.",train
dlg-0ee6659f-8aba-4346-a073-8a927b99ca0a,dlg-0ee6659f-8aba-4346-a073-8a927b99ca0a_9_13,"Hey, I'm also really into Creedence. It's the Clearwater revival by Creedence. I don't know what their name is, But they do the Bad Moon Rising song. Creedence Clearwater Revival, Yeah. I really like them.","Okay let me find you an artist similar to Creedence Clearwater Revival. Yeah, I really don't like them. What about Styx? Yeah, I really don't like them. What about Styx? Here is the song called Come Sail Away by the artist Styx.",train
dlg-0ee6659f-8aba-4346-a073-8a927b99ca0a,dlg-0ee6659f-8aba-4346-a073-8a927b99ca0a_14_15,"Yeah, It's really good. Can you find something else by them?",How about the song called Renegade by the same artist Styx? Here it is.,train
dlg-0f001a51-2b00-4603-b611-388b7f099952,dlg-0f001a51-2b00-4603-b611-388b7f099952_3_4,Phil Collins.,Phil Collins: In The Air Tonight.,train
dlg-0f001a51-2b00-4603-b611-388b7f099952,dlg-0f001a51-2b00-4603-b611-388b7f099952_5_6,Play No Jacket Required after I hear that.,Here is Phil Collins- No Jacket Required.,train
dlg-0f001a51-2b00-4603-b611-388b7f099952,dlg-0f001a51-2b00-4603-b611-388b7f099952_9_10,Against All Odds.,Here is Phil Collins - Against All Odds.,train
dlg-0f5275e8-a168-4aef-a4ec-731d6152a02d,dlg-0f5275e8-a168-4aef-a4ec-731d6152a02d_2_8,"Can you play me a song by Mumford & Sons? I don't have a song in particular, but I was definitely thinking maybe a love song.",How about the song Lover of The Light? Here's the song Lover of The Light by Mumford & Sons.,train
dlg-0f5275e8-a168-4aef-a4ec-731d6152a02d,dlg-0f5275e8-a168-4aef-a4ec-731d6152a02d_9_19,"Actually, could play one of their older songs instead? I'm feeling a bit nostalgic.","How about the song The Boxer? Sure, here's the song The Boxer by Mumford & Sons. How about the song Winter Winds by Mumford & Sons? Here's the song Winter Winds by Mumford & Sons.",train
dlg-0f5e99b2-01fb-4582-ad9d-f39e37dc2385,dlg-0f5e99b2-01fb-4582-ad9d-f39e37dc2385_1_2,"Hi. Today I need your help in finding music to listen. I have an artist in mind. I'm looking to hear a song by Oasis, the band Oasis. The song is called Who Feels Love?",Here is the song who feels Love by Oasis.,train
dlg-0f5e99b2-01fb-4582-ad9d-f39e37dc2385,dlg-0f5e99b2-01fb-4582-ad9d-f39e37dc2385_3_6,"Awesome. Thank you. It's one and one of their best songs. Yeah, it's pretty good. I like how they got away from a little bit of their earlier stuff.",Here is the song talk tonight that you requested.,train
dlg-0f5e99b2-01fb-4582-ad9d-f39e37dc2385,dlg-0f5e99b2-01fb-4582-ad9d-f39e37dc2385_9_12,"I guess that happens all the time. If that one is not available then okay, here we go. Awesome. Thank you for finding another one. This is one of their best songs, I think.",Here is the song be here now by Oasis.,train
dlg-0f71fb45-f6be-4548-bb49-2924aba3ef91,dlg-0f71fb45-f6be-4548-bb49-2924aba3ef91_1_6,"Hey, can you help me find some new music? I really like Lake Street Dive. So, if you can find someone kind of like them, that would be great.",Of course. Have you heard of Fatback? Fatback - Gotta Get My Hands On Some (Money).,validation
dlg-0f71fb45-f6be-4548-bb49-2924aba3ef91,dlg-0f71fb45-f6be-4548-bb49-2924aba3ef91_7_9,That's really interesting. They sound like an 80´s version of Lake Street Dive. Could you find me something else by them?,Certainly. Fatback - Is This the Future?,validation
dlg-0f71fb45-f6be-4548-bb49-2924aba3ef91,dlg-0f71fb45-f6be-4548-bb49-2924aba3ef91_11_18,"Yeah, I really like them. Well, could you find like something related to the band the Melvins? I kind of like them, too.",Sure. Have you heard of Faith No More? Faith No More - Epic. Yes. Faith No More - We Care A Lot.,validation
dlg-0faed27e-d9c7-4e1f-be8e-ffd5e3e474eb,dlg-0faed27e-d9c7-4e1f-be8e-ffd5e3e474eb_2_6,"Hi, today, I need your help finding music to listen to a song by Metallica. It's called Sad But True.",Here is Sad But True by Metallica.,train
dlg-0faed27e-d9c7-4e1f-be8e-ffd5e3e474eb,dlg-0faed27e-d9c7-4e1f-be8e-ffd5e3e474eb_9_15,This is one of their better albums. It's when they started changing from thrash to just like heavy metal rock kind of crap so. Thank you for playing that. Now I'd like to hear another song from them. It's called King Nothing.,Here is King Nothing by Metallica.,train
dlg-0fc30f7b-eda8-464d-b79d-f436d4d9f9c9,dlg-0fc30f7b-eda8-464d-b79d-f436d4d9f9c9_1_4,"Yes. Could you play something from the band Exodus, please?",Exodus - War Is My Sheppard. Exodus - Downfall.,validation
dlg-0fc30f7b-eda8-464d-b79d-f436d4d9f9c9,dlg-0fc30f7b-eda8-464d-b79d-f436d4d9f9c9_5_6,"This is awesome. Can you play one more song from them, please?",Strike of the Beast - Exodus.,validation
dlg-0fc83d42-76c2-4b85-b9fc-584ac8523fe9,dlg-0fc83d42-76c2-4b85-b9fc-584ac8523fe9_6_7,"Okay, let's listen to something by Drake something new.","Something new by Drake, correct?",train
dlg-10283d44-58c2-4796-b5a2-37edf39490a6,dlg-10283d44-58c2-4796-b5a2-37edf39490a6_0_6,Hi. I am looking for some new music to listen to. Dr. Steel.,"Have you heard of the artist Volt 9000? Here is your song, 9000 performing Echo drone.",train
dlg-10283d44-58c2-4796-b5a2-37edf39490a6,dlg-10283d44-58c2-4796-b5a2-37edf39490a6_7_8,Can you play me a new song?,Here's the same artist Volt 9000 performing Glitch in Time.,train
dlg-10283d44-58c2-4796-b5a2-37edf39490a6,dlg-10283d44-58c2-4796-b5a2-37edf39490a6_9_12,"Okay, can you help me find some new music?",How about from the artist King Gordy? Here is King Gordy performing Vader.,train
dlg-10283d44-58c2-4796-b5a2-37edf39490a6,dlg-10283d44-58c2-4796-b5a2-37edf39490a6_14_15,Can you make it an artist similar to Creature Feature?,How about a song from Dog Fashion Disco?,train
dlg-10283d44-58c2-4796-b5a2-37edf39490a6,dlg-10283d44-58c2-4796-b5a2-37edf39490a6_16_21,Is that related to Creature Feature?,"Dog Fashion Disco is an artist related to Creature Feature. Here is Dog Fashion Disco performing Vertigo Motel. Here is the same band, Dog Fashion Disco, performing a Magical band of fools.",train
dlg-103f2f68-064b-44bd-8cf8-1d832f159d80,dlg-103f2f68-064b-44bd-8cf8-1d832f159d80_2_6,I would love to hear some music by Michael Buble.,Here is the song by Michael Buble.,train
dlg-103f2f68-064b-44bd-8cf8-1d832f159d80,dlg-103f2f68-064b-44bd-8cf8-1d832f159d80_7_12,"This song is really nice. Thanks for finding it. But I was wondering if you could play something else for me. Yeah. This is okay. I know you picked it for me, but I don't love it. Can you find me something older song?",Older than Marvin Gaye?,train
dlg-105fc26d-ff18-4648-add7-7c7b4cbbc0b2,dlg-105fc26d-ff18-4648-add7-7c7b4cbbc0b2_1_6,I would like to hear something by Taylor Swift.,Here is Shake It Off by Taylor Swift. Here is I Don't Wanna Live Forever by Zayn Malik & Taylor Swift.,train
dlg-105fc26d-ff18-4648-add7-7c7b4cbbc0b2,dlg-105fc26d-ff18-4648-add7-7c7b4cbbc0b2_7_8,"Now, can you please switch it to the most recent video she has put out so far in 2017?",Let me check that for you. Here is Look What You Made Me Do by Taylor Swift.,train
dlg-106affdc-059d-439a-9de2-24e5bdfa9a39,dlg-106affdc-059d-439a-9de2-24e5bdfa9a39_1_8,"Hi. Can you help me by playing  the Fifth Harmony? Thank you, I like that song more. Could you play from their new released album? I liked it a lot. Can you play for me one more from their newest albums?",I have found for you something new just go through it.,train
dlg-106affdc-059d-439a-9de2-24e5bdfa9a39,dlg-106affdc-059d-439a-9de2-24e5bdfa9a39_13_15,Play me from the same similar artist.,I have found the new one that is love me like that By Steve 'Stone' Huff. Go through it.,train
dlg-106cea92-22e9-4e46-a28e-5df90f7c2d58,dlg-106cea92-22e9-4e46-a28e-5df90f7c2d58_1_3,I'd like to listen to some music from REO Speedwagon.,REO Speedwagon - Can't Fight This Feeling.,validation
dlg-106cea92-22e9-4e46-a28e-5df90f7c2d58,dlg-106cea92-22e9-4e46-a28e-5df90f7c2d58_4_5,It's a good song. Can you play some other song with same artist?,R.E.O Speedwagon- Keep On Loving You.,validation
dlg-106cea92-22e9-4e46-a28e-5df90f7c2d58,dlg-106cea92-22e9-4e46-a28e-5df90f7c2d58_6_7,I didn't know that song was that old.,It's old.,validation
dlg-107299df-4bc3-43d8-9a6c-b506407bc486,dlg-107299df-4bc3-43d8-9a6c-b506407bc486_1_8,"Would you play something from the band ""The Band"" for me? Okay. Yeah, I was asking if you would play something from The Band.",Here is The Weight by The Band.,train
dlg-107299df-4bc3-43d8-9a6c-b506407bc486,dlg-107299df-4bc3-43d8-9a6c-b506407bc486_9_12,"You know, this is really great. But would you mind playing something by a similar artist, maybe the Grateful Dead?","Here is Grateful Dead, Truckin.",train
dlg-107299df-4bc3-43d8-9a6c-b506407bc486,dlg-107299df-4bc3-43d8-9a6c-b506407bc486_13_14,"You know, I'm not a huge fan of this song, I have to confess. Would you mind playing another song by the Grateful Dead?","Not at all, here you go. Here is Casey Jones The Grateful Dead.",train
dlg-1082f939-13df-4f0b-a06f-9ac0f70f81ea,dlg-1082f939-13df-4f0b-a06f-9ac0f70f81ea_0_14,"Hi, I was wanting to find some new music, like Edge of Sanity and Opeth.","Okay, let me find some music similar to Edge of Sanity. Have you heard of the artist Devil Doll before? Let me find a song for you. Here's the song: Bourbon In Your Eyes by Devil Doll. Have you heard of the band At the Gates? How about the band Arch Enemy? Have you heard of them? How about the band Dark Tranquility? Here's the song Forward Momentum by Dark Tranquility. Would you like to hear another song by Dark Tranquility?",train
dlg-1082f939-13df-4f0b-a06f-9ac0f70f81ea,dlg-1082f939-13df-4f0b-a06f-9ac0f70f81ea_15_17,Hang on a second. I want to hear how this song goes just a little bit longer.,Here's the song: The Pitiless Play Dark Tranquility.,train
dlg-1082f939-13df-4f0b-a06f-9ac0f70f81ea,dlg-1082f939-13df-4f0b-a06f-9ac0f70f81ea_18_28,"New guys are actually pretty good, too. Alright. How about a band like Opeth? How about a band like Opeth?","Okay, I'll find a bands similar to them. Have you heard of the band Agalloch before? Okay, here's the song Falling Snow by Agalloch. Here's the song: You were but a ghost in my arms by Agalloch.",train
dlg-108e738a-ca67-4d0c-8d49-67695be21f91,dlg-108e738a-ca67-4d0c-8d49-67695be21f91_2_4,I'd like to hear music by The Chainsmokers.,How about Don't Let Me Down by The Chainsmokers?,train
dlg-108e738a-ca67-4d0c-8d49-67695be21f91,dlg-108e738a-ca67-4d0c-8d49-67695be21f91_6_8,Let's try one of their newer songs.,Here is Young by the Chainsmokers.,train
dlg-108e738a-ca67-4d0c-8d49-67695be21f91,dlg-108e738a-ca67-4d0c-8d49-67695be21f91_9_10,Can you play one of their more popular songs?,Here is Paris by the Chainsmokers.,train
dlg-10ba5db6-bb9b-464d-a2bb-6c94b03a2d78,dlg-10ba5db6-bb9b-464d-a2bb-6c94b03a2d78_3_5,Beyond Creation.,Beyond Creation - Coexistence.,validation
dlg-10ba5db6-bb9b-464d-a2bb-6c94b03a2d78,dlg-10ba5db6-bb9b-464d-a2bb-6c94b03a2d78_6_12,That's a pretty good song. How about something from their new album? Okay. How about a song from their old album?,Beyond Creation - Chromatic Horizon guitar cover. Beyond Creation - Theatrical Delirium.,validation
dlg-10baee1d-9f38-4b43-b909-427f34fc9b2b,dlg-10baee1d-9f38-4b43-b909-427f34fc9b2b_0_5,"Hi. I want to listen to some music by Mumford & Sons. Actually, could you play a different song by Mumford & Sons? I want a different song because this one isn't playing.","Sorry about that, I will be sending a new song called Babel.",train
dlg-10baee1d-9f38-4b43-b909-427f34fc9b2b,dlg-10baee1d-9f38-4b43-b909-427f34fc9b2b_8_15,"Yeah, I like this song. Is there other one because I want to hear something like that's kind of similar to them. Do you know Lord Huron? Could you play something by them? I want to hear something. They're kind of similar to the band that's called Lord Huron. Could you play something by Lord Huron? Okay, yeah. I like this song. This song is pretty awesome.",I will be playing the song called Fool for Love.,train
dlg-114082ae-fb1e-452d-997c-2365c72d0e97,dlg-114082ae-fb1e-452d-997c-2365c72d0e97_1_20,"Hi, I would like some help discovering some new music. Trisha Yearwood.","Okay, Trisha Yearwood. Let's see what else I can find that you might not be familiar with? The artists I was able to find it for you with similar styles of music are George Strait and Vince Gill. Okay, how about Cole Rangers and 38 Special? Okay, let me see what I can find by the Cole Rangers? Here is West Coast Bound by the Cole Rangers. Let me see what other music I can find by the Cole Rangers for you? Here is Home Tonight by the Cole Rangers. Ok, great! Let's look for something based on another one of your favorite artist.",test
dlg-114082ae-fb1e-452d-997c-2365c72d0e97,dlg-114082ae-fb1e-452d-997c-2365c72d0e97_21_28,How about Gary Allan?,"Okay Gary Allan, let's see what we find. Have you ever heard of The Cadillac Three? Okay, let me see if I can find some music by The Cadillac Three for you. Here is Back It Up by The Cadillac Three.",test
dlg-114082ae-fb1e-452d-997c-2365c72d0e97,dlg-114082ae-fb1e-452d-997c-2365c72d0e97_30_32,That's pretty interesting. I would like to hear some more by them.,Here is White Lightning by The Cadillac Three.,test
dlg-119746fb-abcb-4682-b65d-b21fa804b135,dlg-119746fb-abcb-4682-b65d-b21fa804b135_0_1,"Hello, I would love to hear some music by Billy Joel, please.",Here's the song Piano Man by Billy Joel.,train
dlg-119746fb-abcb-4682-b65d-b21fa804b135,dlg-119746fb-abcb-4682-b65d-b21fa804b135_3_7,That's not playing. Can you play me a different song by Billy Joel?,Here's the song Piano Man by Billy Joel. Here's another beautiful song called somewhere over the rainbow by Israel Kamakawiwo'ole.,train
dlg-11ef74e4-5252-4eb8-9eb5-2e1c03bba937,dlg-11ef74e4-5252-4eb8-9eb5-2e1c03bba937_1_2,Yeah. Can you play me some music by the Rolling Stones?,Here is The Rolling Stones - Start Me Up.,validation
dlg-11ef74e4-5252-4eb8-9eb5-2e1c03bba937,dlg-11ef74e4-5252-4eb8-9eb5-2e1c03bba937_3_4,That's pretty good. Can you play me something off the Steel Wheels album?,Here is Rolling Stones - Almost Hear You Sigh. Here is The Rolling Stones - Ride 'Em On Down.,validation
dlg-1201ea87-88ac-4850-96a4-432046194433,dlg-1201ea87-88ac-4850-96a4-432046194433_1_2,Hi. Can you play Colombia Heights by Wale ft. J Balvin?,"Okay, here is Wale - Colombia Heights.",train
dlg-1201ea87-88ac-4850-96a4-432046194433,dlg-1201ea87-88ac-4850-96a4-432046194433_4_5,"Can you play a different song by the same artist, please?","Okay, here is Wale - The Matrimony.",train
dlg-1201ea87-88ac-4850-96a4-432046194433,dlg-1201ea87-88ac-4850-96a4-432046194433_6_8,"I don't like this song. Can you play the same song by a different artist, please?","Okay, here is the same song by another artist. Here is Wale - Matrimony Cover. Here is Wale - Matrimony Cover.",train
dlg-12264c8c-e0d3-45e4-a4e4-0972064dc291,dlg-12264c8c-e0d3-45e4-a4e4-0972064dc291_0_1,Can you play me a song by Mumford & Sons?,I Will Wait by Mumford & Sons.,validation
dlg-12264c8c-e0d3-45e4-a4e4-0972064dc291,dlg-12264c8c-e0d3-45e4-a4e4-0972064dc291_2_6,Do you think you could actually play one of their less well-known songs?,Lovers Eyes by Mumford & Sons.,validation
dlg-12264c8c-e0d3-45e4-a4e4-0972064dc291,dlg-12264c8c-e0d3-45e4-a4e4-0972064dc291_7_10,"I'm not really in the mood for one of a romantic song, either. Perhaps something more general. Or at least not so obviously romantic.",Dance Dance Dance by Mumford & Sons.,validation
dlg-122ef00a-c3da-4ecf-8c0f-d3b0e4c89b31,dlg-122ef00a-c3da-4ecf-8c0f-d3b0e4c89b31_1_3,I'm looking for some music by Beyond Creation.,Here is Beyond Creation - Coexistence.,train
dlg-122ef00a-c3da-4ecf-8c0f-d3b0e4c89b31,dlg-122ef00a-c3da-4ecf-8c0f-d3b0e4c89b31_4_8,Awesome. Okay. Can I get something from their album Earthborn Evolution?,Here is Beyond Creation - Elusive Reverence.,train
dlg-122ef00a-c3da-4ecf-8c0f-d3b0e4c89b31,dlg-122ef00a-c3da-4ecf-8c0f-d3b0e4c89b31_9_11,Awesome. Great song. Alright. Let's go with Fundamental Process by them.,Here is Beyond Creation - Fundamental Process as requested.,train
dlg-1262fa53-ba71-45db-95fa-aefe955d2ff7,dlg-1262fa53-ba71-45db-95fa-aefe955d2ff7_1_3,Hi. I need help with browsing for some music to listen to. I'd like to have something from Justin Timberlake.,How about the song Rock Your Body by Justin Timberlake?,train
dlg-1262fa53-ba71-45db-95fa-aefe955d2ff7,dlg-1262fa53-ba71-45db-95fa-aefe955d2ff7_7_8,That's great. Thank you. I love that song. Can I hear something a little slower from Justin?,One moment. How about Mirrors by Justin Timberlake?,train
dlg-1262fa53-ba71-45db-95fa-aefe955d2ff7,dlg-1262fa53-ba71-45db-95fa-aefe955d2ff7_11_12,Thank you so much. That song has great lyrics. Could I hear something else by Justin? This time from the 20/20 Experience album?,Here's the song Suit & Tie from 20-20 experience album.,train
dlg-12717895-58d3-4631-838c-ef0f39acebfa,dlg-12717895-58d3-4631-838c-ef0f39acebfa_0_3,"Hi, could you play me something by The Counting Crows? Could you play me something by The Counting Crows?","Here is your song, Counting Crows with Anna Begins.",train
dlg-12717895-58d3-4631-838c-ef0f39acebfa,dlg-12717895-58d3-4631-838c-ef0f39acebfa_4_5,"Yeah, that's pretty good. That's one of my favorite songs. How about if you can find a cover of that song?",Here is Frank Turner with Anna Begins cover of Counting Crows.,train
dlg-12717895-58d3-4631-838c-ef0f39acebfa,dlg-12717895-58d3-4631-838c-ef0f39acebfa_6_7,"Yeah, that's pretty good. Does this guy have any other songs? Maybe something that he has written or another cover's fine.","Here's another song by Frank turner ""I called Thunder Road"" and take care, bye.",train
dlg-12d1f83c-e31e-4b4e-84d9-390f894c673a,dlg-12d1f83c-e31e-4b4e-84d9-390f894c673a_1_2,How about some newer R.E.M. off of their Something off their last album that they put out.,How about REM leaving New York?,test
dlg-12d1f83c-e31e-4b4e-84d9-390f894c673a,dlg-12d1f83c-e31e-4b4e-84d9-390f894c673a_3_4,Okay. Sounds good. That's pretty good. Their newer stuff's just not as good as their older stuff. How about How about a band that's out now that has a sound that's like R.E.M.?,How about Greta Van Fleet Highway tune?,test
dlg-13138f74-ac9a-4a3c-8005-4266750101c9,dlg-13138f74-ac9a-4a3c-8005-4266750101c9_3_6,I was thinking something by Jimmy Buffet.,"Sure, let me find a song by Jimmy Buffet. Here is Jimmy Buffet - Margaritaville.",train
dlg-13138f74-ac9a-4a3c-8005-4266750101c9,dlg-13138f74-ac9a-4a3c-8005-4266750101c9_8_15,It's blocked.,Here is Jimmy Buffet - Cheeseburger In Paradise. Here is Jimmy Buffett-A Pirate Looks At Forty.,train
dlg-13138f74-ac9a-4a3c-8005-4266750101c9,dlg-13138f74-ac9a-4a3c-8005-4266750101c9_17_24,It's blocked as well. How about something by Weird Al?,"Okay, let me find something from Weird Al. Here is Weird Al Yankovic - Fat. Here is Weird Al Yankovic-White and Nerdy.",train
dlg-13138f74-ac9a-4a3c-8005-4266750101c9,dlg-13138f74-ac9a-4a3c-8005-4266750101c9_27_28,How about the same song by a different artist?,Here is Chamillionaire - Ridin.,train
dlg-13138f74-ac9a-4a3c-8005-4266750101c9,dlg-13138f74-ac9a-4a3c-8005-4266750101c9_30_34,That one's blocked by Vevo.,Here is Chamillionaire - Ridin Dirty. Here is Chamilionaire - Riding Dirty.,train
dlg-1397b097-e11c-472d-bcd3-28c122ca335c,dlg-1397b097-e11c-472d-bcd3-28c122ca335c_1_4,I'd like to hear something by Stevie Nicks.,Now playing Stevie Nicks - Landslide.,train
dlg-1397b097-e11c-472d-bcd3-28c122ca335c,dlg-1397b097-e11c-472d-bcd3-28c122ca335c_5_7,"This is good, but I'd like something a little more rocking.",Here is Stevie Nicks - Edge of Seventeen.,train
dlg-1397b097-e11c-472d-bcd3-28c122ca335c,dlg-1397b097-e11c-472d-bcd3-28c122ca335c_9_11,"This is good. I'd like to hear one last thing by her, like maybe a duet that she's done with someone.",Here is Leather and Lace - Stevie Nicks and Don Henley.,train
dlg-13a85a2d-be3e-4593-8c10-d631144dd8d8,dlg-13a85a2d-be3e-4593-8c10-d631144dd8d8_0_3,Hello. I am trying to browse some music and I was looking for some stuff by Rick Astley.,Okay. Here is Rick Astley - Pray With Me. Here is Rick Astley with Dance.,train
dlg-13a85a2d-be3e-4593-8c10-d631144dd8d8,dlg-13a85a2d-be3e-4593-8c10-d631144dd8d8_4_5,How about some of his older material?,Here is Rick Astley with Cry For Help.,train
dlg-1473b9e3-6bfc-4576-bb9a-1fcf886cee20,dlg-1473b9e3-6bfc-4576-bb9a-1fcf886cee20_0_7,I was looking to find some new music to listen to. How about Hypocrisy?,Hypocrisy. Let's see what else I can find that you may not be familiar with. Looks like the artist Vader may be similar. Another is At the Gate. Are either of those new to you?,train
dlg-1473b9e3-6bfc-4576-bb9a-1fcf886cee20,dlg-1473b9e3-6bfc-4576-bb9a-1fcf886cee20_8_9,"Yeah, let me hear At the Gates.",At The Gates - Blinded By Fear.,train
dlg-1473b9e3-6bfc-4576-bb9a-1fcf886cee20,dlg-1473b9e3-6bfc-4576-bb9a-1fcf886cee20_10_11,"All right. Yeah, this is pretty good.",Vader - Triumph Of Death.,train
dlg-1473b9e3-6bfc-4576-bb9a-1fcf886cee20,dlg-1473b9e3-6bfc-4576-bb9a-1fcf886cee20_13_18,"Well, This is pretty good. I like this. All right. How about Beyond Creation?","Okay. Beyond Creation. Let's see what else I can find that you may not be familiar with. Okay, how about Psycroptic? Psycroptic - Cold (Official Music Video).",train
dlg-1473b9e3-6bfc-4576-bb9a-1fcf886cee20,dlg-1473b9e3-6bfc-4576-bb9a-1fcf886cee20_19_22,These guys aren't too bad.,Okay. Do you ever listen to Anata? Anata - Entropy Within.,train
dlg-1478de55-8e27-40f9-8fde-4717a6d522d3,dlg-1478de55-8e27-40f9-8fde-4717a6d522d3_1_2,"Hi assistant. I'd like to hear some rock music, please.",I think you said you want to hear some rock music.,train
dlg-1478de55-8e27-40f9-8fde-4717a6d522d3,dlg-1478de55-8e27-40f9-8fde-4717a6d522d3_8_19,"How about the 1990's? Let me play this in a different screen. It's not playing. Oh, this is a good pick assistant. Thank you. Could I hear something more current? No problem. Let me play that in a different screen. Could you play me something a little bit more upbeat?",Upbeat rock? Or dance?,train
dlg-1489795b-5f33-44b4-893e-e2848ee44a10,dlg-1489795b-5f33-44b4-893e-e2848ee44a10_1_2,Hi. Could I hear a song by Adele?,Here is Adele - Someone Like You.,test
dlg-1489795b-5f33-44b4-893e-e2848ee44a10,dlg-1489795b-5f33-44b4-893e-e2848ee44a10_3_6,Could I hear the same song by a different artist?,Here is Someone Like You (Adele Cover) - By Alexa Goddard. Here is Katy Perry - The One That Got Away.,test
dlg-14f5124b-c601-4901-a5e1-00e4a5cb0efb,dlg-14f5124b-c601-4901-a5e1-00e4a5cb0efb_0_1,I'd like to hear something by Kiss.,"Nice, Here is your song. This was the first Kiss song I heard.",train
dlg-14f5124b-c601-4901-a5e1-00e4a5cb0efb,dlg-14f5124b-c601-4901-a5e1-00e4a5cb0efb_2_3,"Yeah, it's good. Can I get some music by Billy Joel? Yeah, I like rock. It's good.",May I know if you don't like Rap?,train
dlg-14f5124b-c601-4901-a5e1-00e4a5cb0efb,dlg-14f5124b-c601-4901-a5e1-00e4a5cb0efb_4_5,I'd like to hear something by Billy Joel.,What about hip hop?,train
dlg-14f5124b-c601-4901-a5e1-00e4a5cb0efb,dlg-14f5124b-c601-4901-a5e1-00e4a5cb0efb_6_13,"Yeah, hip hop's good. Play something hip hop. Yeah, it's good. I like it. How about something in classical music? Let's hear something in jazz.",May I know if you enjoyed the alice coltrane?,train
dlg-14fe5b18-c24d-423e-8e51-4f1550c5c3fa,dlg-14fe5b18-c24d-423e-8e51-4f1550c5c3fa_0_3,Could you play me a song by Kelly Clarkson?,Here's the song called Piece by Piece by Kelly Clarkson.,train
dlg-14fe5b18-c24d-423e-8e51-4f1550c5c3fa,dlg-14fe5b18-c24d-423e-8e51-4f1550c5c3fa_4_6,"Okay, that's a cool song. Could you play me a song by Miranda Lambert?",Here is Tin Man Unplugged by Miranda Lambert.,train
dlg-1550c88c-4356-40dd-a6ac-7614259fd358,dlg-1550c88c-4356-40dd-a6ac-7614259fd358_0_6,I'd like some help discovering some new to me music. Darius Rucker.,Have you listened to James Otto? Here is James Otto- Just Got Started Loving You.,train
dlg-1550c88c-4356-40dd-a6ac-7614259fd358,dlg-1550c88c-4356-40dd-a6ac-7614259fd358_7_11,Very nice. Nice deep voice. Nice relaxing song.,Here is James Otto- For You.,train
dlg-15be3d2b-3213-4205-afc9-bef905202430,dlg-15be3d2b-3213-4205-afc9-bef905202430_0_2,"Hi. I'd like some help browsing the music of the Zac Brown Band, please.",Hold on one moment. Here's the song Cold Weather by Zac Brown Band. Here's the song Cold Weather by Zac Brown Band.,validation
dlg-15be3d2b-3213-4205-afc9-bef905202430,dlg-15be3d2b-3213-4205-afc9-bef905202430_3_7,Got an error on that.,Here's the song Sweet Annie by Zac Brown Band. Hold on one sec. Here's the song Uncaged by Zac Brown Band from the Same album. Here's the song Uncaged by Zac Brown Band from the Same album.,validation
dlg-15be3d2b-3213-4205-afc9-bef905202430,dlg-15be3d2b-3213-4205-afc9-bef905202430_8_9,"I like that. That's a little bit more upbeat. Let's try a different album but still with the Zac Brown Band, please?",Here's the song You Get What You Give by Zac Brown Band.,validation
dlg-15d61947-5f2c-4f4c-8578-a921b080876d,dlg-15d61947-5f2c-4f4c-8578-a921b080876d_1_5,Hi. Can you help me to find something new to listen? Queens of the Stone Age.,Alright. Queens of the Stone Age. Let's see what I can find that is similar to this. Have you heard about Foo Fighters or Royal Blood?,train
dlg-15d61947-5f2c-4f4c-8578-a921b080876d,dlg-15d61947-5f2c-4f4c-8578-a921b080876d_6_14,I haven't heard of Royal Blood.,Let me play something by Royal Blood. Here is Out Of The Black by Royal Blood. Have you heard about Nine Inch Nails?,train
dlg-15d61947-5f2c-4f4c-8578-a921b080876d,dlg-15d61947-5f2c-4f4c-8578-a921b080876d_15_17,Yes. Do you have any artists similar to Bruno Mars?,Let me find artist similar to Bruno Mars. Have you heard about Mike Posner or Ne-Yo?,train
dlg-15d61947-5f2c-4f4c-8578-a921b080876d,dlg-15d61947-5f2c-4f4c-8578-a921b080876d_18_20,"No, I don't know Mike Posner.",Let me play you something by Mike Posner. Here is the song Please Don't Go by Mike Posner.,train
dlg-15f01605-5141-4df7-979a-2e5a126dddcf,dlg-15f01605-5141-4df7-979a-2e5a126dddcf_1_2,Could you play me some R&B music?,Here is the song Dilemma by Nelly featuring Kelly Rowland.,train
dlg-15f01605-5141-4df7-979a-2e5a126dddcf,dlg-15f01605-5141-4df7-979a-2e5a126dddcf_3_6,"Oh yeah, that sounds good. I remember that song but play me something else. Play me something that I don't know. Could you play me a R&B song, please?",Here is the song called Babyface.,train
dlg-15f01605-5141-4df7-979a-2e5a126dddcf,dlg-15f01605-5141-4df7-979a-2e5a126dddcf_7_9,That's a good song. Play me some more R&B by Baby Face.,Here is the song called Soon As I Get Home by the artist Babyface.,train
dlg-15f01605-5141-4df7-979a-2e5a126dddcf,dlg-15f01605-5141-4df7-979a-2e5a126dddcf_10_11,"Yeah, I like this song. Play me some R&B, I need the most recent Babyface, he's my favorite.",Here is the song called We've Got Love by the artist Babyface.,train
dlg-167624d7-97b9-4c54-8580-0d1869ab8927,dlg-167624d7-97b9-4c54-8580-0d1869ab8927_0_3,"Hello. Can you please play some August Burns Red for me? This is perfect. Can you please play some older August Burns Red, though?",Here is the older August Burns Red.,test
dlg-167a8caa-f961-41a5-9a14-7a3ff19ff52b,dlg-167a8caa-f961-41a5-9a14-7a3ff19ff52b_0_7,Hi. I'd like to hear something by Rise Against.,Here's the Violence by Rise Against. Here's Satellite by Rise Against.,test
dlg-167a8caa-f961-41a5-9a14-7a3ff19ff52b,dlg-167a8caa-f961-41a5-9a14-7a3ff19ff52b_9_17,"This version is blocked. Can you play another version? This version is also blocked, if you could play one more version.",Here's Give it all by Rise Against.,test
dlg-1685ce65-b76c-4148-ba60-658baac1a3ac,dlg-1685ce65-b76c-4148-ba60-658baac1a3ac_0_9,"Hi, I would like to hear some music, similar to Madonna. Can you find me something? Like A Prayer by Madonna, something new to listen to.","Okay, Madonna. Let's see what else I can find that you may not be familiar with. Here is Like A Prayer by Madonna.",validation
dlg-1685ce65-b76c-4148-ba60-658baac1a3ac,dlg-1685ce65-b76c-4148-ba60-658baac1a3ac_10_13,"Thanks for finding me this song. Can you find me another song, like a new artist? Could I hear something new, something else?",Here is a similar song called When Doves Cry by prince.,validation
dlg-1685ce65-b76c-4148-ba60-658baac1a3ac,dlg-1685ce65-b76c-4148-ba60-658baac1a3ac_14_17,Thank you. Could I hear some music similar to like Cyndi Lauper?,How about Total Eclipse of the Heart by Bonnie Tyler?,validation
dlg-1685ce65-b76c-4148-ba60-658baac1a3ac,dlg-1685ce65-b76c-4148-ba60-658baac1a3ac_20_23,"Oh, thanks. Could I hear something similar?",How about something by Whitney Houston? How about the song I Will Always Love You by Whitney Houston.,validation
dlg-1685ce65-b76c-4148-ba60-658baac1a3ac,dlg-1685ce65-b76c-4148-ba60-658baac1a3ac_26_27,Thank you for your help. I really like that song.,Would you like me to play any other song by different artists?,validation
dlg-16a25ad8-57ab-4c17-8aed-37b852872e55,dlg-16a25ad8-57ab-4c17-8aed-37b852872e55_2_5,"Hi, today I need your help finding music to listen to. I'm looking for a song by the band Oasis. It's called Go Let It Out.",Here is your song Oasis - Go Let It Out.,validation
dlg-16a25ad8-57ab-4c17-8aed-37b852872e55,dlg-16a25ad8-57ab-4c17-8aed-37b852872e55_6_7,"Thank you, this is a pretty good album. They kept their sound and stayed pretty heavy with it. Oh, now I'd like to hear another song by Oasis. It's called Supersonic.",Here is your song Oasis - Supersonic.,validation
dlg-16bd906e-0c23-4f6a-8d5f-3b6ab19f61e7,dlg-16bd906e-0c23-4f6a-8d5f-3b6ab19f61e7_1_5,Hello assistant. I'd like to find some music to listen to that would be new to me. Bruce Springsteen.,Have you heard of Lynyrd Skynyrd or Mark Knopfler? Here is A Night In London by Mark Knopfler.,test
dlg-16bd906e-0c23-4f6a-8d5f-3b6ab19f61e7,dlg-16bd906e-0c23-4f6a-8d5f-3b6ab19f61e7_6_7,"That was pretty good. Can I hear that other band you mentioned, Lynyrd Skynyrd?",Here is Lynyrd Skynyrd - Simple Man.,test
dlg-16bd906e-0c23-4f6a-8d5f-3b6ab19f61e7,dlg-16bd906e-0c23-4f6a-8d5f-3b6ab19f61e7_10_15,Oh! Billy Joel.,Have you heard of Abba or Barenaked Ladies. Here is Abba - Dancing Queen. Here is Barenaked Ladies - One Week.,test
dlg-16cd01cf-9d2a-4ac4-ab3f-630ab4a4dcf8,dlg-16cd01cf-9d2a-4ac4-ab3f-630ab4a4dcf8_0_1,"Hi, I wanted to here some music Little Mix to listen to.",I can help you find new music. Can you tell me a particular artist that you do enjoy?,test
dlg-16cd01cf-9d2a-4ac4-ab3f-630ab4a4dcf8,dlg-16cd01cf-9d2a-4ac4-ab3f-630ab4a4dcf8_2_3,I like Little Mix.,Here's the song power by Little Mix featuring Stormzy.,test
dlg-16cd01cf-9d2a-4ac4-ab3f-630ab4a4dcf8,dlg-16cd01cf-9d2a-4ac4-ab3f-630ab4a4dcf8_4_5,"Yes, I like that one. Play me a different one. Something from their older material.","Hold on, here's the song Super Bass by Little Mix.",test
dlg-16dd0c90-8903-4be5-a477-7c55904ac38b,dlg-16dd0c90-8903-4be5-a477-7c55904ac38b_4_6,I am thinking something by Matchbox Twenty.,Searching the song Push by Matchbox 20.,train
dlg-16dd0c90-8903-4be5-a477-7c55904ac38b,dlg-16dd0c90-8903-4be5-a477-7c55904ac38b_7_12,"That sounds good but I'm thinking maybe something that's a little bit faster, little more upbeat.",Here's the song Real World by Matchbox 20. Here's the song The Difference by Matchbox 20 from their album More Than You Think You Are.,train
dlg-1781ecd9-dc49-4d64-9e67-8a42de07cb8e,dlg-1781ecd9-dc49-4d64-9e67-8a42de07cb8e_3_4,Could you play me maybe something by Fifth Harmony?,Here is the song He Like That performed by Fifth Harmony.,train
dlg-1781ecd9-dc49-4d64-9e67-8a42de07cb8e,dlg-1781ecd9-dc49-4d64-9e67-8a42de07cb8e_5_6,"Oh, yes. That song I really like. Could you play me something actually by one of their older albums?",Here is the song Down by Fifth Harmony.,train
dlg-1781ecd9-dc49-4d64-9e67-8a42de07cb8e,dlg-1781ecd9-dc49-4d64-9e67-8a42de07cb8e_8_9,Let's try one more Fifth Harmony song. Maybe from their very first album.,How about the song Miss Movin On by Fifth Harmony?,train
dlg-1782ab2d-af93-4e55-891b-204d48a644d1,dlg-1782ab2d-af93-4e55-891b-204d48a644d1_0_2,Hello. I'd like to hear a song by Waka Flocka Flame.,Got it. One second. Here's Waka Flocka Flame  O Let's Do It.,test
dlg-1782ab2d-af93-4e55-891b-204d48a644d1,dlg-1782ab2d-af93-4e55-891b-204d48a644d1_3_6,This is pretty amazing. Do you have anything similar?,Here's Waka Flocka Flame  Hard In Da Paint. Do you need anything else? Here's No Hands (feat. Roscoe Dash and Wale).,test
dlg-17881703-a860-4598-b2ac-7786e7c963d4,dlg-17881703-a860-4598-b2ac-7786e7c963d4_1_4,"I'm in the mood for some Reggae music. Can I listen to that, please?",How about the song One Love by Bob Marley?,train
dlg-17881703-a860-4598-b2ac-7786e7c963d4,dlg-17881703-a860-4598-b2ac-7786e7c963d4_6_8,Can we try to find something in the same genre of music that's more recent?,"How about the song Despacito by Justin Bieber, featuring Luis Fonsi & Daddy Yankee?",train
dlg-17881703-a860-4598-b2ac-7786e7c963d4,dlg-17881703-a860-4598-b2ac-7786e7c963d4_10_12,Could you play something that is sung primarily by a female artist in Reggae?,Here is the song Reggae by the artist Etana.,train
dlg-17881703-a860-4598-b2ac-7786e7c963d4,dlg-17881703-a860-4598-b2ac-7786e7c963d4_14_15,"Lastly, could you play a different track in the Reggae genre done by a male vocalist?",Here is the song Show Love by Jah Cure.,train
dlg-17b32f11-c5dd-4b2a-97b1-91a580e4ae39,dlg-17b32f11-c5dd-4b2a-97b1-91a580e4ae39_0_13,"Hey assistant, I would love to hear some coffeehouse music. Something kind of mellow, I guess. So, waiting for that coffeehouse music.",Okay I have found Jazz & Bossa Nova - Instrumental Music - Background Music.,test
dlg-17b32f11-c5dd-4b2a-97b1-91a580e4ae39,dlg-17b32f11-c5dd-4b2a-97b1-91a580e4ae39_17_20,Could I hear like another coffeehouse type song? A little bit even slower?,Here is the song called Coffee Shop Love.,test
dlg-17b32f11-c5dd-4b2a-97b1-91a580e4ae39,dlg-17b32f11-c5dd-4b2a-97b1-91a580e4ae39_24_27,"I like this song but could I hear another coffeehouse song? More lively, more upbeat.",Here is the song called Budapest by George Ezra.,test
dlg-17b32f11-c5dd-4b2a-97b1-91a580e4ae39,dlg-17b32f11-c5dd-4b2a-97b1-91a580e4ae39_30_34,"Oh, assistant, that one is not playing. Could I hear something different?",I have found a Coffee Shop Acoustic Session. Get Low Cover by Dan Henig.,test
dlg-17b32f11-c5dd-4b2a-97b1-91a580e4ae39,dlg-17b32f11-c5dd-4b2a-97b1-91a580e4ae39_36_39,"Hey assistant, could I hear one more Mellow coffeeshop song?",Here is the song called The Night We Met by Lord Huron.,test
dlg-17df3cf1-ea08-457d-a756-e69d8c76193b,dlg-17df3cf1-ea08-457d-a756-e69d8c76193b_0_2,Hey. I'm a pretty big fan of the band Loop. Can you find something on YouTube by them?,Sure let me find a song for you. Here is Loop - Forever.,train
dlg-17df3cf1-ea08-457d-a756-e69d8c76193b,dlg-17df3cf1-ea08-457d-a756-e69d8c76193b_3_4,"Hey, that's really cool. But can you find the same song but by a different composer?",Here is LOOP - Cinnamon Girl (Neil Young cover).,train
dlg-17df3cf1-ea08-457d-a756-e69d8c76193b,dlg-17df3cf1-ea08-457d-a756-e69d8c76193b_6_7,That's really interesting. Can you find a different song but the same artist?,Here is Loop - Rocket USA.,train
dlg-17e0df90-ab5b-4573-8bc4-74254ef41f07,dlg-17e0df90-ab5b-4573-8bc4-74254ef41f07_0_3,I want to discover some music by Crazy Penis.,Here's Love On The Line by Crazy Penis.,train
dlg-17e0df90-ab5b-4573-8bc4-74254ef41f07,dlg-17e0df90-ab5b-4573-8bc4-74254ef41f07_5_10,Can you play something a little bit shorter? I don't have that much time. Can you play something from their latest album?,Here's Cruel Mistress by Crazy Penis. Here's Give A Little by Crazy Penis.,train
dlg-17e96e65-eafe-4001-be0d-1d624e487276,dlg-17e96e65-eafe-4001-be0d-1d624e487276_1_3,Hi. Can I listen to a song by Shawn Mendes?,Here is the video of Shawn Mendes.,train
dlg-17e96e65-eafe-4001-be0d-1d624e487276,dlg-17e96e65-eafe-4001-be0d-1d624e487276_4_8,Can you play one of his newer songs? I feel like I've heard this one too much.,"Just a moment, here is Ruin by Shawn Mendes.",train
dlg-17e96e65-eafe-4001-be0d-1d624e487276,dlg-17e96e65-eafe-4001-be0d-1d624e487276_9_12,Maybe I'm not actually feeling Mendes. Let's try Ed Sheeran instead.,Here is The Shape Of You by Ed Sheeran.,train
dlg-17e9a02e-a9d8-4501-a2cd-cc25d144d27b,dlg-17e9a02e-a9d8-4501-a2cd-cc25d144d27b_0_5,I wanted to hear a new music. Look up Lady Gaga so that you play me an artist like her.,How about M.I.A? Here's M.I.A. - Paper Planes.,train
dlg-17e9a02e-a9d8-4501-a2cd-cc25d144d27b,dlg-17e9a02e-a9d8-4501-a2cd-cc25d144d27b_7_9,"Play me something else by her, maybe a little bit faster pace.",Here's M.I.A. - P.O.W.A.,train
dlg-17e9a02e-a9d8-4501-a2cd-cc25d144d27b,dlg-17e9a02e-a9d8-4501-a2cd-cc25d144d27b_10_15,"Oh yeah, that's a cool song. Let's switch it up. Play me a male artist. I really like Usher, so play me some music with a different person. Yeah, could you play me new male artists?",How about Lil Wayne? Here's my personal favorite. Lil Wayne : Swag Surfin.,train
dlg-17e9a02e-a9d8-4501-a2cd-cc25d144d27b,dlg-17e9a02e-a9d8-4501-a2cd-cc25d144d27b_16_18,"Oh, yeah. I like that song, but play me something a little bit current. Something released in the last 2 years.",Here's Lil Wayne - Big Bad Wolf.,train
dlg-187ae1e0-e73d-4b03-b1a4-b0f7113a1a90,dlg-187ae1e0-e73d-4b03-b1a4-b0f7113a1a90_2_4,I need your help finding music to listen to. I'm looking to hear a song by the band Oasis. It's called Don't Look Back in Anger.,Here's Don’t Look Back In Anger by Oasis.,train
dlg-187ae1e0-e73d-4b03-b1a4-b0f7113a1a90,dlg-187ae1e0-e73d-4b03-b1a4-b0f7113a1a90_6_10,"Well, it looks like the song is blocked, unfortunately. I'd like to hear another song by Oasis. It's called Gas Panic. Let's see if that one is available.",Here's Gas panic by Oasis.,train
dlg-187ae1e0-e73d-4b03-b1a4-b0f7113a1a90,dlg-187ae1e0-e73d-4b03-b1a4-b0f7113a1a90_13_16,"This is one of my favorite albums from them. They experimented with a little bit more stuff than their earlier albums, and it had a better sound to it. So, that's cool. Now I'd like to hear another song by Oasis. It's called Supersonic.",Here's Supersonic by Oasis.,train
dlg-190ce451-f73c-460e-9764-a6757476b21f,dlg-190ce451-f73c-460e-9764-a6757476b21f_2_17,I was looking to try to find some new music to listen to today. I was looking for something kind of similar to maybe J Cole.,"You say J Cole? Okay, Thank you. Let's see what else I can find that for you may not be familiar with. Have you heard of Kehlani? Have you heard of Kehlani? Okay, Then. Here is CRZY by Kehlani. Go through with this. Have you heard of Chase Atlantic? Okay. Here is ""Why Stop Now"" by Chase Atlantic. Go through with this.",train
dlg-190ce451-f73c-460e-9764-a6757476b21f,dlg-190ce451-f73c-460e-9764-a6757476b21f_18_24,Not really like J Cole but okay. Can you recommend me somebody like Adele? Can you recommend me somebody like Adele?,"Okay, I'll. Just wait for a second. Have you heard of artist Christina Perri? Have you heard of artist Christina Perri? Here is Jar of Hearts by Christina Perri. Go through with this.",train
dlg-193c2b02-2845-4f6d-8984-7d49ecd8a053,dlg-193c2b02-2845-4f6d-8984-7d49ecd8a053_1_4,Could you find me a song by All Star - Smash Mouth.,All Star - Smash Mouth. Smash Mouth - Stoned.,train
dlg-1970360a-bc67-46f3-9d1b-bea4f484e923,dlg-1970360a-bc67-46f3-9d1b-bea4f484e923_0_9,"Hi there, I wanna listen to some music by Quo Vadis. Any song by Quo Vadis. Q u o v a d i s.",Here is M2U by Quo Vadis. Here is the song Silence Calls the Storm by Quo Vadis.,train
dlg-1970360a-bc67-46f3-9d1b-bea4f484e923,dlg-1970360a-bc67-46f3-9d1b-bea4f484e923_11_15,"Yes, great song. Can I hear the same song by a different artist?",Here is the same song by different artists. Here's the song I Believe by Quo Vadis.,train
dlg-19727358-415b-42a1-a894-92d354c75315,dlg-19727358-415b-42a1-a894-92d354c75315_2_12,"Hi, I would love to hear some music by Katy Perry. Can you help me?",How about Katy Perry - Roar? How about Katy Perry - Part Of Me?,train
dlg-198df3bd-ed14-4ae0-bea6-ef3c8f334616,dlg-198df3bd-ed14-4ae0-bea6-ef3c8f334616_0_7,"Hi. Can I hear Nickelback, please?","Hello. Sure thing, here is Nickelback with ""How You Remind Me"". Here is Nickelback with ""Song On Fire"". Here is Nickelback ""satellite"".",train
dlg-199342b9-e44a-44bd-9b89-1b75dd3f5698,dlg-199342b9-e44a-44bd-9b89-1b75dd3f5698_0_2,Hello. Can you play something by August Burns Red?,Here's the song composed by August Burns Red.,train
dlg-199342b9-e44a-44bd-9b89-1b75dd3f5698,dlg-199342b9-e44a-44bd-9b89-1b75dd3f5698_3_5,"Okay, great. This is good. Now, can you play something newer by August Burns Red?",Here's the song of Blackwood by August Burns Red.,train
dlg-199342b9-e44a-44bd-9b89-1b75dd3f5698,dlg-199342b9-e44a-44bd-9b89-1b75dd3f5698_6_9,"Okay. Awesome. This is good, too. Can you play something older by August Burns Red now?","Yes, I will find you an older song. Here's the song up against the ropes by August Burns Red.",train
dlg-19f2f595-404b-421d-9dd9-0d730387f6a3,dlg-19f2f595-404b-421d-9dd9-0d730387f6a3_1_2,I like to listen to the band Kiss. Can you play a song by Kiss for me?,How about the song I Was Made For Loving You by the band Kiss?,test
dlg-19f2f595-404b-421d-9dd9-0d730387f6a3,dlg-19f2f595-404b-421d-9dd9-0d730387f6a3_5_8,"Yeah, I'd like that, and could you play something that a little bit slower by Kiss. A little bit more mellow.",Here is a little slower tempo song called Forever by the band Kiss.,test
dlg-19f2f595-404b-421d-9dd9-0d730387f6a3,dlg-19f2f595-404b-421d-9dd9-0d730387f6a3_10_13,"I like this track. Can you play another one with a faster tempo but the same band? Is that possible, you can play another one with a faster tempo but the same band? Maybe a number one hit.",Here is a fast tempo song called Tears Are Falling by the same band Kiss.,test
dlg-1a1519ce-ed79-4d8d-88b7-9589a91ec122,dlg-1a1519ce-ed79-4d8d-88b7-9589a91ec122_0_8,"Hi. I was wondering if you could help me in finding some new music to listen? I like R.E.M, a lot.",Did you have listened to Coldplay music? Then what about the Beatles? Then what about Pearl jam?,train
dlg-1a1519ce-ed79-4d8d-88b7-9589a91ec122,dlg-1a1519ce-ed79-4d8d-88b7-9589a91ec122_9_13,"Oh yes, I have went through it. Can you go with some of the new one?","Yes, sure. Have you heard Nirvana, Radiohead and The Killers? Then go through with The Killers - The World We Live In. It will make you feel good.",train
dlg-1a1519ce-ed79-4d8d-88b7-9589a91ec122,dlg-1a1519ce-ed79-4d8d-88b7-9589a91ec122_14_15,That is pretty good. How about another song by The Killers?,The other one of The Killers is Run For Cover. Go through it.,train
dlg-1a1519ce-ed79-4d8d-88b7-9589a91ec122,dlg-1a1519ce-ed79-4d8d-88b7-9589a91ec122_16_22,"Yeah, that is pretty good. I like that. How about finding me an artist kind of like Lenny Kravitz? Yes. How about another artist? How about finding me somebody like Lenny Kravitz?","How about the Matchbox 20? Then what about Sugar ray, Smash mouth, Fuel, Maroon 5, Nickelack, Coldplay, Foo Fighters, Sade, Macy gray and Craig David?",train
dlg-1a1519ce-ed79-4d8d-88b7-9589a91ec122,dlg-1a1519ce-ed79-4d8d-88b7-9589a91ec122_23_28,"Yeah, I have went through all of them. Except, the one with Craig David.","Okay, then go through with Craig David. Here is Craig David - 7 Days. Enjoy it by listening. Here is Craig David - Fill Me In. Enjoy the music.",train
dlg-1a20560a-e200-4bcb-a88b-f7c079152713,dlg-1a20560a-e200-4bcb-a88b-f7c079152713_2_3,"Hello, I'd like to listen some Punk music.",Here is the song called TiK ToK by the artist Kesha.,train
dlg-1a20560a-e200-4bcb-a88b-f7c079152713,dlg-1a20560a-e200-4bcb-a88b-f7c079152713_4_5,I'd like to listen something more modern of the genre.,Here is the song called Shape Of You by the artist Ed Sheeran.,train
dlg-1a20560a-e200-4bcb-a88b-f7c079152713,dlg-1a20560a-e200-4bcb-a88b-f7c079152713_6_7,I'd like to listen something by a female musician of the same genre.,Here is the song called Havana by the female artist Camila Cabello featuring Young Thug.,train
dlg-1a224477-a889-4ac2-9a0a-15898a7135ee,dlg-1a224477-a889-4ac2-9a0a-15898a7135ee_1_4,"Hi, I'd like to listen to some music. I'm looking for something in the classical category.",Here is Ludwig Van Beethoven's 5th Symphony in C Minor.,train
dlg-1a224477-a889-4ac2-9a0a-15898a7135ee,dlg-1a224477-a889-4ac2-9a0a-15898a7135ee_5_8,"Oh, I like this. Is it Beethoven? May I hear something similar by Beethoven now? He was the pop artist of his days.",Here is Beethoven's Moonlight Sonata.,train
dlg-1a224477-a889-4ac2-9a0a-15898a7135ee,dlg-1a224477-a889-4ac2-9a0a-15898a7135ee_9_10,"All right. Can I listen to something similar, maybe by Mozart?",Here is Mozart performing requiem.,train
dlg-1a224477-a889-4ac2-9a0a-15898a7135ee,dlg-1a224477-a889-4ac2-9a0a-15898a7135ee_12_13,Can I hear one more by Mozart?,"Absolutely, here is The Marriage of Figaro by Mozart.",train
dlg-1a3bbdad-035d-4bc3-9be3-d2c09b6cc9a3,dlg-1a3bbdad-035d-4bc3-9be3-d2c09b6cc9a3_3_11,This is cool. Send me another piano based song like this one.,Okay. Here's Bright Eyes - First Day of My Life. Here's Bright Eyes - First Day of My Life. Have you heard California Dreaming by The Mamma's and The Papa's? Here's California Dreaming by The Mamma's and The Papa's. Dedicated to the One I Love- The Mama's and the Papa's.,train
dlg-1a820e49-d014-41d3-be1a-80896fa379d4,dlg-1a820e49-d014-41d3-be1a-80896fa379d4_2_4,"Hi, can you play something by Asem Shama?",How about the song Kabuki by Asem Shama?,train
dlg-1a820e49-d014-41d3-be1a-80896fa379d4,dlg-1a820e49-d014-41d3-be1a-80896fa379d4_7_12,"Hey, I really actually want to hear something else and let me tell you that is the quite essential Asem Shama song. You really hit the nail on the head. You did such a good job but I'm wondering if you can find something from 'The Loss of Innocence'.",How about the song Magic's Gonna Happen? By Asem Shama.,train
dlg-1a820e49-d014-41d3-be1a-80896fa379d4,dlg-1a820e49-d014-41d3-be1a-80896fa379d4_15_21,That's another really good song. I guess something newer. I mean that's not a bad song. That's definitely one of the tracks on the Loss of Innocence.,How about the song Chaos Theory by Asem Shama from his latest album?,train
dlg-1ac4601f-b132-49a5-ae8a-1faa1956e1da,dlg-1ac4601f-b132-49a5-ae8a-1faa1956e1da_2_6,Hi. I would like to hear some music by Katy Perry.,One second. Here is Roar by Katy Perry.,test
dlg-1ac4601f-b132-49a5-ae8a-1faa1956e1da,dlg-1ac4601f-b132-49a5-ae8a-1faa1956e1da_7_11,"Oh, that track is not playing. Can I hear a different song by Katy Perry?",Just one moment. Here is chained to the Rhythm by Katy Perry.,test
dlg-1ac4601f-b132-49a5-ae8a-1faa1956e1da,dlg-1ac4601f-b132-49a5-ae8a-1faa1956e1da_13_17,"Thank you, I like this song. Thanks so much. Could I hear a similar song by a different artist?",Hold on just a second. Here is just like fire by Pink.,test
dlg-1ac8e151-2e13-4d4d-a0a9-de7f4bda5b10,dlg-1ac8e151-2e13-4d4d-a0a9-de7f4bda5b10_0_6,Hello Assistant. I'd like to hear some new music. I like Duran.,Have you heard of Inxs or Yello? INXS - Never Tear Us Apart.,train
dlg-1ac8e151-2e13-4d4d-a0a9-de7f4bda5b10,dlg-1ac8e151-2e13-4d4d-a0a9-de7f4bda5b10_8_9,"Okay, thank you. Assistant, Can I hear another song similar to Joran Doran?",Yello - The Race.,train
dlg-1ac8e151-2e13-4d4d-a0a9-de7f4bda5b10,dlg-1ac8e151-2e13-4d4d-a0a9-de7f4bda5b10_10_15,"Let me play this in a different browser, it's not playing. Let me play this in a different browser, it's not playing. This is pretty good. Assistant, I also like Michael Buble. Can you play me an artist similar to Michael Buble?","Yes, one moment. Are you familiar with Cee Lo Green or Ronan Keating? CeeLo Green – Brick Road.",train
dlg-1ac8e151-2e13-4d4d-a0a9-de7f4bda5b10,dlg-1ac8e151-2e13-4d4d-a0a9-de7f4bda5b10_16_17,"Thank you, Assistant. Could I hear like one more song, artist similar to Michael Buble?",Ronan Keating - When you say nothing at all.,train
dlg-1b0948dd-97ca-4563-a418-c597fae55de8,dlg-1b0948dd-97ca-4563-a418-c597fae55de8_1_2,Hi. I'd like some help for browsing the music of The Beatles.,"Okay, sure. Here is ""We Can Work it Out"" by The Beatles.",train
dlg-1b0948dd-97ca-4563-a418-c597fae55de8,dlg-1b0948dd-97ca-4563-a418-c597fae55de8_3_5,That was pretty good. How about a different early album?,"Here is the ""Please Me"" by The Beatles.",train
dlg-1b0948dd-97ca-4563-a418-c597fae55de8,dlg-1b0948dd-97ca-4563-a418-c597fae55de8_6_7,"Well, that was also excellent. How about something just a little newer?","Here is the ""Strawberry Fields Forever"" by The Beatles.",train
dlg-1b2521d9-cd90-4f1a-be0b-cdac572e6537,dlg-1b2521d9-cd90-4f1a-be0b-cdac572e6537_1_10,"Hello, I'm looking for new music that's like Katy Perry.",Have you heard of Christina Perri? Jar of Hearts by Christina Perri. Have you heard of Carly Rae Jespen? Call Me Maybe by Carly Rae Jepsen.,train
dlg-1b398946-d7ed-4f63-a9b9-6a2f4d5b9d3d,dlg-1b398946-d7ed-4f63-a9b9-6a2f4d5b9d3d_0_3,Can you play some music by Selena Gomez?,Here is the song Bad liar by Selena Gomez.,train
dlg-1b398946-d7ed-4f63-a9b9-6a2f4d5b9d3d,dlg-1b398946-d7ed-4f63-a9b9-6a2f4d5b9d3d_4_11,Can you play one of her newer songs?,"Sure, let me find you a newer one. That was her newest song. Here is a song called Come and Get It Off of the album Stars Dance released in 2013.",train
dlg-1b41103d-7f62-4fd4-bf82-e837f8083f67,dlg-1b41103d-7f62-4fd4-bf82-e837f8083f67_1_2,Hi. Can I hear a song by The Story So Far?,Here is The Story So Far - Nerve.,train
dlg-1b41103d-7f62-4fd4-bf82-e837f8083f67,dlg-1b41103d-7f62-4fd4-bf82-e837f8083f67_3_4,"Awesome, I want to change the music. Can I get the same song by a different artist?",Here is The Story So Far - Nerve by Christina Rotondo Cover.,train
dlg-1b41103d-7f62-4fd4-bf82-e837f8083f67,dlg-1b41103d-7f62-4fd4-bf82-e837f8083f67_5_6,"Okay, I don't want this one. Can can I get another one of the same song, Nerve, by like a different artist?",Here is The Story So Far - Nerve (VOCAL COVER by Alive Again).,train
dlg-1b497cf8-9879-4e82-a129-aeaea4b13edb,dlg-1b497cf8-9879-4e82-a129-aeaea4b13edb_2_3,"Hi, can you play something by Joyner Lucas, please?",Here's the song I'm not racist by Joyner Lucas.,train
dlg-1b497cf8-9879-4e82-a129-aeaea4b13edb,dlg-1b497cf8-9879-4e82-a129-aeaea4b13edb_4_9,This song is deep. Can you play something where Joyner Lucas is the feature? I like this song. Can you play something by Joyner Lucas where he is a feature?,Here's the song Sriracha by Tech Nine featuring logic & Joyner Lucas. Here's the other song Panda Remix by Joyner Lucas.,train
dlg-1b4d01a1-6c14-48f3-8b09-d6292ac1b9e5,dlg-1b4d01a1-6c14-48f3-8b09-d6292ac1b9e5_1_2,I'd like to hear some music by Blink-182.,"Okay, here is Blink-182 - All The Small Things.",train
dlg-1b4d01a1-6c14-48f3-8b09-d6292ac1b9e5,dlg-1b4d01a1-6c14-48f3-8b09-d6292ac1b9e5_3_7,Similar song by a different artist?,Here is The Killers - Mr. Brightside. Here are The Killers - When You Were Young.,train
dlg-1b7dd2f9-2ca6-43cf-a44b-2474c1365db6,dlg-1b7dd2f9-2ca6-43cf-a44b-2474c1365db6_1_11,Hello. I'm looking for I don't know. Like a new band. Something like Indie. Something kind of popular. Could you help me with that?,Okay. Indie. It looks like the artist Yung Gleesh may be a close match. Another one is Jasad. Is either of these new to you? Here is the song called Pew Pew by the artist Yung Gleesh.,train
dlg-1b7dd2f9-2ca6-43cf-a44b-2474c1365db6,dlg-1b7dd2f9-2ca6-43cf-a44b-2474c1365db6_14_17,That's good.,"Okay, let me play you something by Jasad. Here is the song called Siliwangi by the artist Jasad.",train
dlg-1b7dd2f9-2ca6-43cf-a44b-2474c1365db6,dlg-1b7dd2f9-2ca6-43cf-a44b-2474c1365db6_18_24,"That's pretty good, too.",Is another artist similar to Indie or some other artists?,train
dlg-1b7dd2f9-2ca6-43cf-a44b-2474c1365db6,dlg-1b7dd2f9-2ca6-43cf-a44b-2474c1365db6_25_30,Similar to Indie.,How about the artist Father? Have you heard about them? Here is the song called Hands by the artist Father.,train
dlg-1b7dd2f9-2ca6-43cf-a44b-2474c1365db6,dlg-1b7dd2f9-2ca6-43cf-a44b-2474c1365db6_33_36,No. New artists.,What about the Acid bath? Here is the song called Dope Fiend by the artist Acid Bath.,train
dlg-1b820e5d-c2d6-462f-b4b5-7cc640233711,dlg-1b820e5d-c2d6-462f-b4b5-7cc640233711_1_4,I would like to hear music by Linkin Park.,Here is Numb by Linkin Park.,train
dlg-1b820e5d-c2d6-462f-b4b5-7cc640233711,dlg-1b820e5d-c2d6-462f-b4b5-7cc640233711_5_8,I like this song. Show me newer music by this band.,Here is Talking to Myself by Linkin Park.,train
dlg-1b820e5d-c2d6-462f-b4b5-7cc640233711,dlg-1b820e5d-c2d6-462f-b4b5-7cc640233711_9_16,"I like this song, as well. Show me older material by this band.",Let me see what older tracks I can find for you. Here is Somewhere I Belong by Linkin Park. Here is One More Light by Linkin Park.,train
dlg-1ba0e110-1a96-4514-b494-f161896feeef,dlg-1ba0e110-1a96-4514-b494-f161896feeef_1_4,Can you play music by Tina Turner?,Here is Tina Turner-Simply the best. Here is Tina Turner - We Don't Need Another Hero.,train
dlg-1ba0e110-1a96-4514-b494-f161896feeef,dlg-1ba0e110-1a96-4514-b494-f161896feeef_7_8,"Yeah, Something by a similar artist.",Here is I Just Died In Your Arms Tonight - Cutting Crew.,train
dlg-1ba0e110-1a96-4514-b494-f161896feeef,dlg-1ba0e110-1a96-4514-b494-f161896feeef_9_10,"That didn't work. Play something different, Please.",Here is Cyndi Lauper - Girls Just Want To Have Fun.,train
dlg-1ba0e110-1a96-4514-b494-f161896feeef,dlg-1ba0e110-1a96-4514-b494-f161896feeef_11_12,"That didn't work, Either. Can you do something different?",Here is Bee Gees - Stayin Alive.,train
dlg-1ba0e110-1a96-4514-b494-f161896feeef,dlg-1ba0e110-1a96-4514-b494-f161896feeef_13_15,"That didn't work, Either. Play something similar to Tina Turner. Play something similar to Tina Turner.",Here is George Michael - Careless Whisper.,train
dlg-1ba905bc-a325-4dce-bbd6-ff5f3be3cd9d,dlg-1ba905bc-a325-4dce-bbd6-ff5f3be3cd9d_0_6,Play something by Radiohead.,"Here is Creep by Radiohead. I can do that, here is Burn The Witch by Radiohead. Here is Daydreaming by Radiohead.",test
dlg-1bb856f6-4376-4a84-b0d8-264cb1f36057,dlg-1bb856f6-4376-4a84-b0d8-264cb1f36057_1_3,Hi. I'd like some help in browsing the music of Florence and the Machine.,Here is Florence & the Machine - Cosmic Love.,train
dlg-1bb856f6-4376-4a84-b0d8-264cb1f36057,dlg-1bb856f6-4376-4a84-b0d8-264cb1f36057_4_5,"How about a different song, same artist, please?",Here is Florence and the Machine - Dog Days Are Over.,train
dlg-1bb856f6-4376-4a84-b0d8-264cb1f36057,dlg-1bb856f6-4376-4a84-b0d8-264cb1f36057_6_7,"Yeah, that's not quite working. How about a similar artist, please?",Here is She Will Be Loved- Maroon 5.,train
dlg-1bbfd7e4-d001-45ce-a4a1-9c6bcfcfddbf,dlg-1bbfd7e4-d001-45ce-a4a1-9c6bcfcfddbf_1_2,"Hello, I'd like to hear some music by Billy Joel.","Perfect, here is Billy Joel performing his hit, Piano Man.",train
dlg-1bbfd7e4-d001-45ce-a4a1-9c6bcfcfddbf,dlg-1bbfd7e4-d001-45ce-a4a1-9c6bcfcfddbf_4_5,I really like the song you picked. Could I hear something more upbeat?,"Absolutely, here is Billy Joel performing the longest time.",train
dlg-1bbfd7e4-d001-45ce-a4a1-9c6bcfcfddbf,dlg-1bbfd7e4-d001-45ce-a4a1-9c6bcfcfddbf_8_9,Can I hear one more Billy Joel song? That would be great.,"Here is one of my favorites, It's Still Rock And Roll to Me by Billy Joel.",train
dlg-1bd5d7d4-079a-4f4f-a0e7-14980f702f39,dlg-1bd5d7d4-079a-4f4f-a0e7-14980f702f39_2_18,"I'd like to hear something by Beyoncé. Where is the link? Oh, I see it now. It say it's blocked. I'd like to hear another song from a different album. Could you find me something out of I Am... Sasha Fierce?",Broken Hearted Girl?,train
dlg-1bd5d7d4-079a-4f4f-a0e7-14980f702f39,dlg-1bd5d7d4-079a-4f4f-a0e7-14980f702f39_19_20,"No. I think it was something like, ""Put a ring on it.""","Hey, it is called All My Single Ladies.",train
dlg-1be0b15c-5348-4415-928b-8e5fa07035f4,dlg-1be0b15c-5348-4415-928b-8e5fa07035f4_0_1,Hello. I'd like some help browsing the music of Justin Timberlake.,Here's the song What Goes Around Comes Around by Justin Timberlake.,train
dlg-1be0b15c-5348-4415-928b-8e5fa07035f4,dlg-1be0b15c-5348-4415-928b-8e5fa07035f4_2_3,Yes. That's most excellent. Let's try a different song from the same albums.,Here's the song Love Stoned by Justin Timberlake.,train
dlg-1be0b15c-5348-4415-928b-8e5fa07035f4,dlg-1be0b15c-5348-4415-928b-8e5fa07035f4_5_6,"That's a very solid album. Okay. Let's go for something newer, though.",Here's the song Can't Stop the Feeling by Justin Timberlake.,train
dlg-1bebbdb4-6bc4-4b98-8506-452be328467f,dlg-1bebbdb4-6bc4-4b98-8506-452be328467f_1_3,"Hello. Today, I need your help finding music to listen. I'm looking for the song Eyesdown by Bonobo.",Here is Bonobo - Eyesdown by AM.,train
dlg-1bebbdb4-6bc4-4b98-8506-452be328467f,dlg-1bebbdb4-6bc4-4b98-8506-452be328467f_5_6,This is a pretty awesome song off a good album that has experimental work and some jazz influences. That's what I like about his stuff. Now I'd like to hear another song by Bonobo. It's called Kiara.,Here is Bonobo - Kiara by unknown AFX.,train
dlg-1bebbdb4-6bc4-4b98-8506-452be328467f,dlg-1bebbdb4-6bc4-4b98-8506-452be328467f_9_12,"This one's pretty awesome because it starts off like a good classical sound to it. And then it goes into a hip hop kind of beat. Yeah, this one's awesome. Once the beat kicks in, it's really good. So now I would like to hear another song by Bonobo. It's called Change Down.",Here is Bonobo - Change down by Pavwelw92.,train
dlg-1c545ae4-7a05-4398-b0d0-42c859158345,dlg-1c545ae4-7a05-4398-b0d0-42c859158345_2_3,Pretty good. I'm interested in hearing a song by The Police. Can you find something on YouTube for me?,"Okay, Here we go, The Police - Every Breath You Take.",train
dlg-1c545ae4-7a05-4398-b0d0-42c859158345,dlg-1c545ae4-7a05-4398-b0d0-42c859158345_4_5,"Wow, 424 million views. That's an excellent choice, Assistant. I was thinking about maybe listening to another song by The Police. How about Walking on the Moon?","Okay, Here is your song, The Police - Walking on the Moon.",train
dlg-1c545ae4-7a05-4398-b0d0-42c859158345,dlg-1c545ae4-7a05-4398-b0d0-42c859158345_6_8,"Thank you. I'm going to listen to it now. That was excellent, Assistant. Can I hear something by Phil Collins now? That was excellent, assistant. Can I hear something by Phil Collins now?","Yes, Phil Collins - In The Air Tonight.",train
dlg-1c684c63-a220-4780-b960-c559be553a6a,dlg-1c684c63-a220-4780-b960-c559be553a6a_1_8,"Hi. Today, I need some help to find some music. I'm looking for a song by the singer Lorde. It's called Sober.",Here is Sober by Lorde. Here is Royals by Lorde.,train
dlg-1c684c63-a220-4780-b960-c559be553a6a,dlg-1c684c63-a220-4780-b960-c559be553a6a_13_19,"Me and my friend actually remixed the rap album sampling Lorde from her first album, so we made a whole new album with original music on it, too. It was pretty cool. Now I'd like hear another song by Lorde. It's called Tennis Court.",Here is Tennis Court by Lorde.,train
dlg-1c734002-eef6-4537-9f95-212eef8d7fc9,dlg-1c734002-eef6-4537-9f95-212eef8d7fc9_2_4,I'd love to hear a song by Bruce Springsteen.,"Here is the Boss, performing Dancing in the Dark.",test
dlg-1c734002-eef6-4537-9f95-212eef8d7fc9,dlg-1c734002-eef6-4537-9f95-212eef8d7fc9_5_6,That's excellent. Can I hear another song by Bruce Springsteen?,"Here is Born to Run, by Bruce Springsteen.",test
dlg-1c734002-eef6-4537-9f95-212eef8d7fc9,dlg-1c734002-eef6-4537-9f95-212eef8d7fc9_7_8,It's one of my favorites. May I have one more song from Bruce Springsteen?,"Here is my favorite Bruce Springsteen song, Born in the U.S.A.",test
dlg-1c800587-9165-4fc2-8eb1-c6c1cb7b20da,dlg-1c800587-9165-4fc2-8eb1-c6c1cb7b20da_1_8,"Hi. I'd like help browsing the music of Josh Groban, please.","How about the song called You Raise Me Up by Josh Groban? One moment, How about the song My Confession from the Same album?",train
dlg-1c800587-9165-4fc2-8eb1-c6c1cb7b20da,dlg-1c800587-9165-4fc2-8eb1-c6c1cb7b20da_11_12,"Another beautiful song, Okay. Let's try a different album now.","How about the song Evermore From ""Beauty and the Beast"" by Josh Groban.",train
dlg-1ca9a7b0-a9b8-44db-92ae-25b949317d3c,dlg-1ca9a7b0-a9b8-44db-92ae-25b949317d3c_0_11,Hi. Can you help me find an artist like Of Monsters and Men? Can you help me find an artist like Of Monsters and Men?,"Just one moment, please hold. Have you listened to bon iver? What about maroon 5? How about red hot chili peppers? What about Sufjan Stevens? You're in for a treat, please hold for a moment. Here's Should Have Known Better by him.",train
dlg-1ca9a7b0-a9b8-44db-92ae-25b949317d3c,dlg-1ca9a7b0-a9b8-44db-92ae-25b949317d3c_12_18,"I definitely really like the instrumentation. Can I hear another song by him, so I can get a broader picture? Yeah, Can you show me another song by him, so I can get a better feel of his portfolio?",Here's Casimir Pulaski Day. What about Jason Mraz? Here's Francis and the Lights - Friends ft. Bon Iver and Kanye West.,train
dlg-1ca9a7b0-a9b8-44db-92ae-25b949317d3c,dlg-1ca9a7b0-a9b8-44db-92ae-25b949317d3c_19_20,"Okay, Can I listen to an older song by them?",Here's Lost In The World.,train
dlg-1cc84566-3427-4ed4-bec0-d74c6b0d4194,dlg-1cc84566-3427-4ed4-bec0-d74c6b0d4194_1_2,Hi Assistant. Can I hear a song from The Knack?,The artist name is the Mack. Is that right?,train
dlg-1cc84566-3427-4ed4-bec0-d74c6b0d4194,dlg-1cc84566-3427-4ed4-bec0-d74c6b0d4194_3_8,"Knack, that's ""K"". ""N"" as is Nancy a c k. Knack.","Oh, The Knack. Sorry. Here is ""Good Girls Don't"" by The Knack. What do you think? Would you like to hear something else by The Knack?",train
dlg-1cc84566-3427-4ed4-bec0-d74c6b0d4194,dlg-1cc84566-3427-4ed4-bec0-d74c6b0d4194_9_12,"About ""My Sharona""?","Here is ""My Sharona"" by The Knack.",train
dlg-1cc84566-3427-4ed4-bec0-d74c6b0d4194,dlg-1cc84566-3427-4ed4-bec0-d74c6b0d4194_13_17,"That was their biggest hit. ""I don't like Mondays"" by the Boomtown Rats.","Let me see if I can find that one for you. Here is ""I Don't Like Mondays"" by the Boomtown Rats.",train
dlg-1cd31028-c80b-427c-a3de-418e71eb10c5,dlg-1cd31028-c80b-427c-a3de-418e71eb10c5_2_8,"Hello Assistant. I'd like to hear some music by Barry Manilow, please.","Here is the song, This One's For You by Barry Manilow. Here is Christopher Cross performing Arthur's Theme.",train
dlg-1cd31028-c80b-427c-a3de-418e71eb10c5,dlg-1cd31028-c80b-427c-a3de-418e71eb10c5_10_13,"That's a really great choice. Could I hear something newer? Oh, in pop music.","Here is Katy Perry's song, Swish Swish.",train
dlg-1d0a6823-321a-4e02-ab38-611f1787224d,dlg-1d0a6823-321a-4e02-ab38-611f1787224d_0_1,I like the band Lord Huron. Could you play me two new artists that are similar to them that I haven't heard before?,"Have you ever heard of Kopecky Family Band, or Night Beds?",train
dlg-1d0a6823-321a-4e02-ab38-611f1787224d,dlg-1d0a6823-321a-4e02-ab38-611f1787224d_2_9,"No, I have not. Play Kopecky Family Band first.",Here is Congo's with Come With Me Now.,train
dlg-1d716b38-7e6f-41f9-8a4b-ef3603791026,dlg-1d716b38-7e6f-41f9-8a4b-ef3603791026_1_3,Hello. Can you play a song by Taylor Swift?,Taylor Swift. Sure. Here's the song Bad Blood by Taylor Swift.,test
dlg-1d716b38-7e6f-41f9-8a4b-ef3603791026,dlg-1d716b38-7e6f-41f9-8a4b-ef3603791026_4_8,I don't actually prefer this one. Can you play one that's more upbeat?,More upbeat? Sure. One moment. Here's the song The Man by Taylor Swift. Here's the song Love Story by Taylor Swift. Is that all?,test
dlg-1e06c1d8-aeb4-4431-b0a9-f349f8537146,dlg-1e06c1d8-aeb4-4431-b0a9-f349f8537146_1_17,Hello. Can you play some music similar to Logic?,"Okay. Let's see what else I can find that you may not be familiar with. Looks like the artist Yonas may have similar style that may be a close match. Another is Black . Are either of those new to you? Here is the song called All Rise by the artist YONAS. Would you like me to play you another Track by the same artist or Black? Here is another song called Die Young by the artist YONAS. Here is the song called Problms by the other artist called slack. What do you think? Okay, let's look for something based on another of your favorite artists. Okay, let me play you something by slack. Here is the song called Cutting Ties by the artist BLACK.",train
dlg-1e2a1151-efd4-43c6-8aa7-0750c386e212,dlg-1e2a1151-efd4-43c6-8aa7-0750c386e212_2_3,Hi. Could you play me a song by Little Mix?,Here is Power - Little Mix.,train
dlg-1e2a1151-efd4-43c6-8aa7-0750c386e212,dlg-1e2a1151-efd4-43c6-8aa7-0750c386e212_4_7,"Yeah, I like that one. That's a cool one. Could you play me a song by a similar artist? Maybe Fifth Harmony. Play me a different song by a similar artist, maybe Fifth Harmony.",Here is Fifth Harmony - Down.,train
dlg-1e356fb3-dc18-4a3d-b568-2d04045d4539,dlg-1e356fb3-dc18-4a3d-b568-2d04045d4539_1_9,I'd like to listen to some Hank Williams.,"Okay, Hank Williams. Let's see what else I can find that you may not be familiar with. Looks like the artist Ray price may be similar/have the similar style/might be a close match/etc. Another is Tex Ritter. Is either of those new to you? Here is the song called For the Good Times by the artist RAY PRICE.",train
dlg-1e356fb3-dc18-4a3d-b568-2d04045d4539,dlg-1e356fb3-dc18-4a3d-b568-2d04045d4539_13_14,"Yeah. Nice. Not great, but it's nice.",Okay. Here is the song called The Deck Of Cards by another artist Tex Ritter.,train
dlg-1e356fb3-dc18-4a3d-b568-2d04045d4539,dlg-1e356fb3-dc18-4a3d-b568-2d04045d4539_19_20,It's not a song. It's more like a story. That's okay.,"Okay, let's look for something based on another of your favorite artists.",train
dlg-1e356fb3-dc18-4a3d-b568-2d04045d4539,dlg-1e356fb3-dc18-4a3d-b568-2d04045d4539_21_30,Okay. How about Alan Jackson?,"Okay, do you ever listen to the artist Ryan Bingham? Here is the song called Southside Of Heaven by the artist Ryan Bingham. Okay, here is another song called Country Roads by Ryan Bingham.",train
dlg-1e44a392-4f6c-485a-8d66-1a60b367dac6,dlg-1e44a392-4f6c-485a-8d66-1a60b367dac6_0_4,Hey. Can you play something by James Taylor?,Here's the song Fire and Rain by James Taylor.,train
dlg-1e44a392-4f6c-485a-8d66-1a60b367dac6,dlg-1e44a392-4f6c-485a-8d66-1a60b367dac6_6_7,It's a very special song. Can you play something from his album Flag?,Here's the song Company Man of the album Flag.,train
dlg-1e44a392-4f6c-485a-8d66-1a60b367dac6,dlg-1e44a392-4f6c-485a-8d66-1a60b367dac6_8_11,I really like that song. Can you find something else of that album to play?,Here's the song Johnny Comes Back by James Taylor.,train
dlg-1e58cfc6-c05f-4417-9420-699e1614ea4a,dlg-1e58cfc6-c05f-4417-9420-699e1614ea4a_1_2,Hi. I'd like to listen to some music by blink-182. Can you help me?,"Yes, Sure I'll help you. Just wait for a second. Here is blink-182 - What's My Age Again for you. Go through with that.",validation
dlg-1e58cfc6-c05f-4417-9420-699e1614ea4a,dlg-1e58cfc6-c05f-4417-9420-699e1614ea4a_3_4,I liked it. Can you send me another song by similar artist?,"Yes, sure I'll. Here is Good Charlotte - I Don't Wanna Be In Love for you. Go through with this.",validation
dlg-1e58cfc6-c05f-4417-9420-699e1614ea4a,dlg-1e58cfc6-c05f-4417-9420-699e1614ea4a_5_6,I don't like what's playing. Can you send me another song by similar artist?,"I'm sorry, You don't like it. Okay, I'll send you another one, wait for a while. Here is Green Day-""Boulevard Of Broken Dreams"". Go through with this.",validation
dlg-1e5cad57-6996-4a78-bb38-e7868b974d00,dlg-1e5cad57-6996-4a78-bb38-e7868b974d00_0_3,"Hi, I would like to hear something by the Zac Brown Band.",Here's the song Toes by the Zac Brown Band.,train
dlg-1e5cad57-6996-4a78-bb38-e7868b974d00,dlg-1e5cad57-6996-4a78-bb38-e7868b974d00_4_7,I'd like to hear something new.,Here's The Woods by the Zac Brown Band.,train
dlg-1e5cad57-6996-4a78-bb38-e7868b974d00,dlg-1e5cad57-6996-4a78-bb38-e7868b974d00_8_9,Can you play Colder Weather on that album?,Here's Colder Weather by the Zac Brown Band.,train
dlg-1e77ad95-d401-4f56-93a0-5fada1876901,dlg-1e77ad95-d401-4f56-93a0-5fada1876901_3_6,I was thinking about something from Mayer Hawthorne.,The Walk by Mayer Hawthorne. Just Ain't Gonna Work Out by Mayer Hawthorne.,test
dlg-1e77ad95-d401-4f56-93a0-5fada1876901,dlg-1e77ad95-d401-4f56-93a0-5fada1876901_7_8,"I love that one by him. Let's try one more. It can be either something newer, or one of his older ones.",Maybe So Maybe No by Mayer Hawthorne.,test
dlg-1e8bc96f-c4df-4717-a12e-66e777007318,dlg-1e8bc96f-c4df-4717-a12e-66e777007318_1_4,"Hi, I'm looking for a song by Usher. I'm looking for a song by Usher.",Usher. Got it. Let me find a song by usher.,train
dlg-1e8bc96f-c4df-4717-a12e-66e777007318,dlg-1e8bc96f-c4df-4717-a12e-66e777007318_7_12,"No, by Usher. Can you play the same song by but a different version? This song is too upbeat. Do you have anything less upbeat From Usher? Can you play Usher You Got It Bad, please?",Here is Usher - You Got It Bad.,train
dlg-1ea02699-9b43-44cd-8cf0-c4344e908fb4,dlg-1ea02699-9b43-44cd-8cf0-c4344e908fb4_1_2,"Hello, I was wondering if you could play me something by Aerosmith?",Here is Dream On by Aerosmith.,train
dlg-1ea02699-9b43-44cd-8cf0-c4344e908fb4,dlg-1ea02699-9b43-44cd-8cf0-c4344e908fb4_3_6,"So, could you play me a different song also by Aerosmith?",Here is Aerosmith - Dude Looks Like A Lady. Here is Come Together - Aerosmith.,train
dlg-1ea02699-9b43-44cd-8cf0-c4344e908fb4,dlg-1ea02699-9b43-44cd-8cf0-c4344e908fb4_7_8,Could you play another song by Aerosmith?,Here is Aerosmith - Pink.,train
dlg-1ec82589-0bc5-4623-b542-c5c807dcb125,dlg-1ec82589-0bc5-4623-b542-c5c807dcb125_1_2,Hi. I'd like to listen to some music. I like some Latin music.,"I think you said some Latin music, right?",train
dlg-1ec82589-0bc5-4623-b542-c5c807dcb125,dlg-1ec82589-0bc5-4623-b542-c5c807dcb125_5_8,Let's try the 70's. How about some Latin rock? What about from Latin country?,I think you said latin country?,train
dlg-1ecbf09c-3eae-487e-8243-3dc4e75f6ed6,dlg-1ecbf09c-3eae-487e-8243-3dc4e75f6ed6_0_2,"Hello, I'd like to hear a song by Taylor Swift.",Here is Wildest Dreams by Taylor Swift.,train
dlg-1ecbf09c-3eae-487e-8243-3dc4e75f6ed6,dlg-1ecbf09c-3eae-487e-8243-3dc4e75f6ed6_3_6,"It's blocked. Can you play another version, please?",Here is Should've Said No by Taylor Swift. Looks like a lot of Taylor Swift songs are blocked. Here is Teardrops On My Guitar by Taylor Swift.,train
dlg-1ecbf09c-3eae-487e-8243-3dc4e75f6ed6,dlg-1ecbf09c-3eae-487e-8243-3dc4e75f6ed6_7_10,"Same song, different artist now.",Here is Teardrops On My Guitar performed by Tiffany Alvord. Here is your song called We Are Never Ever Getting Back Together performed by Tiffany Alvord.,train
dlg-1eda109e-3122-4876-94cb-0eecc56ca8bb,dlg-1eda109e-3122-4876-94cb-0eecc56ca8bb_1_3,"I'd like help browsing the music by Norah Jones, please.",Hold on. Just a second. Norah Jones - I'll Be Your Baby Tonight.,train
dlg-1eda109e-3122-4876-94cb-0eecc56ca8bb,dlg-1eda109e-3122-4876-94cb-0eecc56ca8bb_4_5,"That's okay. Let's try a different song by Norah, please.",Bonnie Raitt & Norah Jones-Tennessee Waltz.,train
dlg-1eda109e-3122-4876-94cb-0eecc56ca8bb,dlg-1eda109e-3122-4876-94cb-0eecc56ca8bb_6_7,"That's not quite working. How about some older material just by Norah, please?",Norah Jones - Don't know why.,train
dlg-1ef9ccf0-53f8-4c91-9722-df4682e60949,dlg-1ef9ccf0-53f8-4c91-9722-df4682e60949_0_2,"Can you play a John Lennon song called Starting Over, please?",Here's the song Starting Over by John Lennon.,train
dlg-1ef9ccf0-53f8-4c91-9722-df4682e60949,dlg-1ef9ccf0-53f8-4c91-9722-df4682e60949_3_7,You know what? I'd rather not hear that Starting Over by John Lennon. I changed my mind. I want to hear Woman by John Lennon. Woman by John Lennon.,That song title is offensive.,train
dlg-1ef9ccf0-53f8-4c91-9722-df4682e60949,dlg-1ef9ccf0-53f8-4c91-9722-df4682e60949_8_14,Okay. Let's go with Imagine by John Lennon. It's a pretty good song. That's good. Bye-bye. Thank you.,Here's Imagine by John Lennon.,train
dlg-1f09a494-08ea-4bd3-b661-45ca648d540a,dlg-1f09a494-08ea-4bd3-b661-45ca648d540a_1_7,"Yeah, I was wondering if you could help me find some new music. Maybe something that sounds a little like Lenny Kravitz.","Sure, I can help you with your music search let me see who I can find similar to Lenny Kravitz. Looks like I found Jimi Hendrix and Pete Tong have you heard of either one of these artist? How about Kool & the Gang and Craig David?",train
dlg-1f09a494-08ea-4bd3-b661-45ca648d540a,dlg-1f09a494-08ea-4bd3-b661-45ca648d540a_8_12,I haven't heard of Craig David.,"Okay, let me play you something by Craig David and see if you like it. Here is Fill Me In by Craig David.",train
dlg-1f09a494-08ea-4bd3-b661-45ca648d540a,dlg-1f09a494-08ea-4bd3-b661-45ca648d540a_13_22,"Okay, that's pretty good. How about something that sounds like R.E.M? Or is like R.E.M.",Have you heard of Ash or Alanis Morissette? Have you heard of the band called Ash or Alanis Morissette.,train
dlg-1f09a494-08ea-4bd3-b661-45ca648d540a,dlg-1f09a494-08ea-4bd3-b661-45ca648d540a_23_26,I've heard of Alanis Morissette. I don't know. I can't understand what you're saying with the first word.,I apologize let me see if I can find you some music by Ash. Here is Set It All Free by Ash.,train
dlg-1f09a494-08ea-4bd3-b661-45ca648d540a,dlg-1f09a494-08ea-4bd3-b661-45ca648d540a_29_36,That's pretty good. I like that.,"Okay, have you ever heard of the band called Soundgarden. How about Snow Patrol? Okay, let me see what I can find from Snow Patrol. Here is Chasing Cars by Snow Patrol.",train
dlg-1f3201df-105c-4eb2-9dda-f4afec8d7a1c,dlg-1f3201df-105c-4eb2-9dda-f4afec8d7a1c_0_4,Can I hear some Nirvana?,Here is Nirvana Come As You Are.,train
dlg-1f3201df-105c-4eb2-9dda-f4afec8d7a1c,dlg-1f3201df-105c-4eb2-9dda-f4afec8d7a1c_5_6,Can I hear something off the In Utero album?,Here is all apologies off the In Utero album by Nirvana.,train
dlg-1f3201df-105c-4eb2-9dda-f4afec8d7a1c,dlg-1f3201df-105c-4eb2-9dda-f4afec8d7a1c_8_9,Can I hear Our Apologies?,"Wait, that was Our Apologies, was it not?",train
dlg-1f3201df-105c-4eb2-9dda-f4afec8d7a1c,dlg-1f3201df-105c-4eb2-9dda-f4afec8d7a1c_10_12,I mean can I hear Pennyroyal Tea?,Let me get you Pennyroyal tea. Here is Pennyroyal Tea by Nirvana off there album in utero.,train
dlg-1f51f3bb-f8da-48ca-8451-dcc723845c6b,dlg-1f51f3bb-f8da-48ca-8451-dcc723845c6b_1_5,I was wanting to listen to something from Septicflesh.,Dante's Inferno by Septicflesh. Communion by Septic Flesh.,train
dlg-1f51f3bb-f8da-48ca-8451-dcc723845c6b,dlg-1f51f3bb-f8da-48ca-8451-dcc723845c6b_6_9,Alright. Can I hear a similar song by a different artist?,Communion by Black Metal Dagger.,train
dlg-1f99514d-4555-460d-be3a-e94beed5e28a,dlg-1f99514d-4555-460d-be3a-e94beed5e28a_1_2,Hi. I was wanting to listen to something by Opeth.,OPETH - Era. Did you get that video?,test
dlg-1f99514d-4555-460d-be3a-e94beed5e28a,dlg-1f99514d-4555-460d-be3a-e94beed5e28a_3_8,"Yeah. I'm watching it. Interesting video. I don't really care much for the new Opeth, but How about something heavier? How about something heavier from Opeth? Like heavier music.",Something older maybe? Opeth - The Twilight is My Robe.,test
dlg-1f99514d-4555-460d-be3a-e94beed5e28a,dlg-1f99514d-4555-460d-be3a-e94beed5e28a_9_10,It says that it's blocked.,Okay. Opeth - Harvest.,test
dlg-1f99514d-4555-460d-be3a-e94beed5e28a,dlg-1f99514d-4555-460d-be3a-e94beed5e28a_11_12,Yeah. This is a good song. All right. Can I get something from the album Orchid?,Opeth - In the Mist She was Standing. Did you get that video?,test
dlg-1fb67207-3de0-46e5-9211-7533a1f16571,dlg-1fb67207-3de0-46e5-9211-7533a1f16571_0_4,Hi. I'd like to hear some music by Duran Duran.,Play Come Undone by Duran Duran.,train
dlg-1fb67207-3de0-46e5-9211-7533a1f16571,dlg-1fb67207-3de0-46e5-9211-7533a1f16571_6_9,"You know assistant, I'd really like to hear an older song of Duran Duran, you know from the 80's. Can you help me find something like that? Something like totally with a good beat?",Violence Of Summer by Duran Duran.,train
dlg-20adeab5-9295-4d07-a3e1-e5d1e2e1e46b,dlg-20adeab5-9295-4d07-a3e1-e5d1e2e1e46b_0_3,I'm a big fan of the Grateful Dead. I'd like to hear a video of them on YouTube called A Touch of Grey. Touch of Grey by the Grateful Dead One of the best rock groups that ever lived.,Let me get that for you. Here is your video The Grateful Dead - Touch Of Grey.,train
dlg-20adeab5-9295-4d07-a3e1-e5d1e2e1e46b,dlg-20adeab5-9295-4d07-a3e1-e5d1e2e1e46b_4_7,"So, Truckin' by the Grateful Dead. I want to change it.",Here is your music Grateful Dead - Truckin.,train
dlg-20adeab5-9295-4d07-a3e1-e5d1e2e1e46b,dlg-20adeab5-9295-4d07-a3e1-e5d1e2e1e46b_8_9,Okay. I'd like to hear some newer material by the Grateful Dead. Can you help me out with that?,"Yes I can. How about Grateful Dead - ""Foolish Heart""?",train
dlg-20d2a1a4-4df6-4d52-ac36-38f768ca5996,dlg-20d2a1a4-4df6-4d52-ac36-38f768ca5996_3_6,Can you find me something newer by Katy Perry?,This song is called Chained To The Rhythm by Katy Perry.,train
dlg-20d2a1a4-4df6-4d52-ac36-38f768ca5996,dlg-20d2a1a4-4df6-4d52-ac36-38f768ca5996_7_8,Play something from a different album than her newest one.,Here is a song called Dark Horse Off Her Album Prism by Katy Perry.,train
dlg-20e005c8-7e72-4aa5-adb5-26092f29f276,dlg-20e005c8-7e72-4aa5-adb5-26092f29f276_1_2,"Hi. Can you play music by 50 Cent, please?","Sure, here's the song many men by 50 Cent.",train
dlg-20e005c8-7e72-4aa5-adb5-26092f29f276,dlg-20e005c8-7e72-4aa5-adb5-26092f29f276_3_4,"Can you play a song that's more recent from 50 Cent, please?",Here's the song I'm The Man featuring Chris Brown by 50 Cent.,train
dlg-20e005c8-7e72-4aa5-adb5-26092f29f276,dlg-20e005c8-7e72-4aa5-adb5-26092f29f276_5_8,"Can you play a club song by 50 Cent, please? Can you play a club song by 50 Cent, please?","Here's the song in ""The Club by 50 Cent"".",train
dlg-211f0e9b-015a-42d0-8a1b-60ade19c1312,dlg-211f0e9b-015a-42d0-8a1b-60ade19c1312_1_6,I'd like to listen to some music by Foreigner.,"Okay, let me find some music by foreigner. Here is Foreigner - Waiting for a Girl Like You. Okay, let me find the same song by a different artist. Here is Foreigner - Waiting For A Girl Like You (by Danni Gust). I'm sorry let me find something by a similar artist. Here is Foreigner - Waiting For A Girl Like You Cover by J-Hype.",validation
dlg-218116bb-7bee-4fce-a219-2d9c4b5bc838,dlg-218116bb-7bee-4fce-a219-2d9c4b5bc838_0_1,"Hi, I'm looking to listen to some music by Beyond Creation.","Hello, here's the Aura by Beyond creation.",train
dlg-218116bb-7bee-4fce-a219-2d9c4b5bc838,dlg-218116bb-7bee-4fce-a219-2d9c4b5bc838_2_3,"Alright, good album. How about their newer album? Can I hear something off of that?",Hold just one moment. Here's the song Earthborn evolution by Beyond creation.,train
dlg-218116bb-7bee-4fce-a219-2d9c4b5bc838,dlg-218116bb-7bee-4fce-a219-2d9c4b5bc838_4_5,"Yeah, this is a great song. How about one of the songs off of this album that has a music video?",Hold one sec. Here's the song fundamental process by Beyond creation.,train
dlg-220244dc-cf43-4741-9217-c62ede71e43f,dlg-220244dc-cf43-4741-9217-c62ede71e43f_2_5,"Hey, I'm looking for some music to listen to. Can you play something by John Denver?","John Denver, let me find you something. Here's the song Take Me Home, Country Roads by John Denver.",validation
dlg-220244dc-cf43-4741-9217-c62ede71e43f,dlg-220244dc-cf43-4741-9217-c62ede71e43f_6_7,"Hey, can you find something from earlier in his career?","Yes, let me see what I can find for you. Here's the song called Annie´s Song by Jon Denver.",validation
dlg-220244dc-cf43-4741-9217-c62ede71e43f,dlg-220244dc-cf43-4741-9217-c62ede71e43f_10_11,"No, I don't think I want that. Can you play something early in his career?",How about the song Leaving On A Jet Plane?,validation
dlg-220d7e3c-7442-4d16-a1a9-0f103fd72161,dlg-220d7e3c-7442-4d16-a1a9-0f103fd72161_1_4,"Hi Assistant, I would love to hear a song by Macklemore.",Here is glorious by Macklemore.,train
dlg-220d7e3c-7442-4d16-a1a9-0f103fd72161,dlg-220d7e3c-7442-4d16-a1a9-0f103fd72161_6_12,"This song is totally cool. I really like it, but I'd like to hear something a little bit more mellow. I like this song, but I'm really in the mood for something completely different. Something upbeat.",Here is marmalade by Macklemore.,train
dlg-22215449-a9cc-49ef-aa4f-5031bc86074d,dlg-22215449-a9cc-49ef-aa4f-5031bc86074d_2_4,"Hi, I was wanting to listen to some music, I was thinking something by Confined.",Here is Confined - As I Lay Dying.,train
dlg-22215449-a9cc-49ef-aa4f-5031bc86074d,dlg-22215449-a9cc-49ef-aa4f-5031bc86074d_5_7,Okay. How about a newer song from them?,Here is Confined - Give U.,train
dlg-22215449-a9cc-49ef-aa4f-5031bc86074d,dlg-22215449-a9cc-49ef-aa4f-5031bc86074d_8_12,How about the same song by a different artist?,I cannot find a cover for that song.,train
dlg-22232102-d9f6-4865-9a77-a9435600075d,dlg-22232102-d9f6-4865-9a77-a9435600075d_1_11,"Hi Assistant, I need help finding new rap music, please. Joe Budden.","Ok, Joe Budden. Let's see what else I can find that you may not be familiar with. Let me get a song for you from Cisco. I can find a similar artists. Have you heard of a group called B2K. Bump, Bump, Bump by B2K, P. Diddy.",validation
dlg-223f8028-81b8-40a3-baec-fa4dee2187d6,dlg-223f8028-81b8-40a3-baec-fa4dee2187d6_1_3,"Hi. I'm in the mood for some music, how about some holiday music?",Some holiday music?,test
dlg-224a63cb-fa1a-45d8-8092-085652013852,dlg-224a63cb-fa1a-45d8-8092-085652013852_1_4,"Hey, I'm a big Blur fan, can you find me someone like Blur to listen to?",How about the band Gorillaz? Here are the Gorillaz performing Feel Good Inc.,train
dlg-224a63cb-fa1a-45d8-8092-085652013852,dlg-224a63cb-fa1a-45d8-8092-085652013852_5_6,I really like that. Can you find me something else like Colors?,Here is the song Dare by The Gorillaz.,train
dlg-224a63cb-fa1a-45d8-8092-085652013852,dlg-224a63cb-fa1a-45d8-8092-085652013852_7_12,"I also really liked Oasis too and I know they hated each other during Oasis. But, I'm wondering if you could find songs like similar to Oasis.",Have you heard of the band The Smiths? How about Snow Patrol? Here is Snow Patrol performing Chasing Cars?,train
dlg-224a63cb-fa1a-45d8-8092-085652013852,dlg-224a63cb-fa1a-45d8-8092-085652013852_13_17,"Very cool, can you play me something else by Snow Patrol?","Here is the same band Snow Patrol performing run. No problem, enjoy the new music.",train
dlg-22715b3e-5dfa-4c54-9a98-fed00cde284a,dlg-22715b3e-5dfa-4c54-9a98-fed00cde284a_1_2,Hi. I'd like some help browsing music on YouTube for the group Chicago.,Here is the song called Will You Still Love Me by Chicago.,train
dlg-22715b3e-5dfa-4c54-9a98-fed00cde284a,dlg-22715b3e-5dfa-4c54-9a98-fed00cde284a_3_4,"That's pretty good. How about something else from the same album, please?",Here is Hard to Say I'm Sorry by Chicago.,train
dlg-22715b3e-5dfa-4c54-9a98-fed00cde284a,dlg-22715b3e-5dfa-4c54-9a98-fed00cde284a_5_7,"Well, that's also excellent. How about something from their really early material like their first album?",Here is the song Transit Authority by Chicago from their first album.,train
dlg-22b2f896-4a82-4409-93a9-ff0b55bd65cc,dlg-22b2f896-4a82-4409-93a9-ff0b55bd65cc_4_5,"No, I don't like that. Newer material.",Metallica: Now That We're Dead.,train
dlg-22bebd98-34c3-4077-a0a4-3846782aa99b,dlg-22bebd98-34c3-4077-a0a4-3846782aa99b_0_3,Hello assistant. Could I hear some music by Elton John?,Hi. Yes let me find you a Song by Elton John. Here's the song Tiny Dancer by Elton John.,test
dlg-22bebd98-34c3-4077-a0a4-3846782aa99b,dlg-22bebd98-34c3-4077-a0a4-3846782aa99b_4_9,"Thank you. Oh, it's not working. Maybe Let me see if I can open it in a different link. Yes, it did. Thank you so much. Could I hear the a same song by a different artist?",Here's the song Tiny Dancer by Dave Grohl. Here's the song Run by Foo Fighters.,test
dlg-22d3be75-9a45-4e32-9829-ac0befd0b0c6,dlg-22d3be75-9a45-4e32-9829-ac0befd0b0c6_2_5,I want to hear something by Owl City.,Here is  Vanilla Twilight by Owl City.,test
dlg-22d3be75-9a45-4e32-9829-ac0befd0b0c6,dlg-22d3be75-9a45-4e32-9829-ac0befd0b0c6_7_9,That one's blocked. Can you play a different version?,Vanilla Twilight (Lyrics) by Owl City.,test
dlg-22d3be75-9a45-4e32-9829-ac0befd0b0c6,dlg-22d3be75-9a45-4e32-9829-ac0befd0b0c6_11_12,That one is blocked too. Can you play a different version?,Vanilla Twilight AMV Owl City Anime Mix.,test
dlg-22d3be75-9a45-4e32-9829-ac0befd0b0c6,dlg-22d3be75-9a45-4e32-9829-ac0befd0b0c6_14_17,That one's also blocked. Can you play a different version?,Owl City - Vanilla Twilight ( ID Remix).,test
dlg-22d3be75-9a45-4e32-9829-ac0befd0b0c6,dlg-22d3be75-9a45-4e32-9829-ac0befd0b0c6_20_23,Can I hear something faster by Owl City?,Owl City - Good Time ft. Carly Rae Jepsen.,test
dlg-22d3be75-9a45-4e32-9829-ac0befd0b0c6,dlg-22d3be75-9a45-4e32-9829-ac0befd0b0c6_25_26,That one's blocked. Can I play another version?,Wreck-It Ralph || Good Time - Owl City & Carly Rae Jepsen [HD].,test
dlg-22d3be75-9a45-4e32-9829-ac0befd0b0c6,dlg-22d3be75-9a45-4e32-9829-ac0befd0b0c6_28_29,That one is also blocked. Can you play different version?,Good Time - Owl City & Carly Rae Jepsen Cover (Brandyn Burnette & Savannah Outen).,test
dlg-22d3be75-9a45-4e32-9829-ac0befd0b0c6,dlg-22d3be75-9a45-4e32-9829-ac0befd0b0c6_31_33,This is a cover and I don't like it. Can you play Fireflies by Owl City?,Owl city - Fireflies.,test
dlg-22d3be75-9a45-4e32-9829-ac0befd0b0c6,dlg-22d3be75-9a45-4e32-9829-ac0befd0b0c6_35_36,That one's blocked as well. I think most of the non-cover non-remix versions of Owl City are going to be blocked.,Owl City Fireflies - BASS BOOSTED.,test
dlg-22fc5ca5-5562-4fb8-ac93-ce3b6f200b8c,dlg-22fc5ca5-5562-4fb8-ac93-ce3b6f200b8c_0_7,Hi. I want to hear some music. Can you play something by Krist Novoselic? Krist Novoselic.,"Just one moment. Dave Grohl & Krist Novoselic on Playing with Paul McCartney - ""12-12-12"". How does that sound? Dave Grohl & Krist Novoselic on Playing with Paul McCartney - ""12-12-12"". How does that sound?",train
dlg-22fc5ca5-5562-4fb8-ac93-ce3b6f200b8c,dlg-22fc5ca5-5562-4fb8-ac93-ce3b6f200b8c_10_17,"Can you find a similar song but by like a different artist? Well, I just wanted a similar song from a different artist.",Okay. Pearl Jam - Black. Pearl Jam - Black.,train
dlg-22fc5ca5-5562-4fb8-ac93-ce3b6f200b8c,dlg-22fc5ca5-5562-4fb8-ac93-ce3b6f200b8c_20_22,I don't like what's playing. Can you find a similar song by a different artist?,Okay. How about Dierks Bentley - Black? How about Dierks Bentley - Black?,train
dlg-230aab5a-efd9-48c4-8f77-be2698019111,dlg-230aab5a-efd9-48c4-8f77-be2698019111_0_4,"I wonder if you would play for me a song by The Psychedelic Furs. Yeah, I wonder if you would play a song by The Psychedelic Furs.",Here is Love My Way by the Psychedelic Furs.,train
dlg-230aab5a-efd9-48c4-8f77-be2698019111,dlg-230aab5a-efd9-48c4-8f77-be2698019111_5_8,"Okay. This is awesome, but would you mind going farther back in the catalog, playing something from an older album?",Here is Pretty in Pink by the Psychedelic Furs.,train
dlg-230aab5a-efd9-48c4-8f77-be2698019111,dlg-230aab5a-efd9-48c4-8f77-be2698019111_10_12,"Okay. You know, I love this song, but I think I've heard it just way too many times. Would you play me something else from a different album?",Here is Flowers by the Psychedelic Furs.,train
dlg-230aab5a-efd9-48c4-8f77-be2698019111,dlg-230aab5a-efd9-48c4-8f77-be2698019111_14_17,"It's not playing for me, unfortunately.",Here is Flowers by the Psychedelic Furs.,train
dlg-23429902-c87f-40d8-bfb3-7e2fd0dab55c,dlg-23429902-c87f-40d8-bfb3-7e2fd0dab55c_1_2,Actually. Could I listen to Nirvana?,What kind of music would you like to listen to Here's the song Heart-Shaped Box by Nirvana. Please turn down your speaker.,train
dlg-23429902-c87f-40d8-bfb3-7e2fd0dab55c,dlg-23429902-c87f-40d8-bfb3-7e2fd0dab55c_3_6,Okay. This song is good. Could I listen to A louder song by Nirvana?,Here's the song Smells Like Teen Spirit by Nirvana. This will just be a second. Here's the song Stay Away by Nirvana. Enjoy the music.,train
dlg-2353ad12-2d40-40ad-ad34-2b5c6e0dea1e,dlg-2353ad12-2d40-40ad-ad34-2b5c6e0dea1e_0_2,Hi. I would like to hear music that is classical.,Hello. I can help you find some classical music. Here is the song Four Seasons by Vivaldi. Go through with this.,train
dlg-2353ad12-2d40-40ad-ad34-2b5c6e0dea1e,dlg-2353ad12-2d40-40ad-ad34-2b5c6e0dea1e_3_5,Can I hear some music that is choral classical?,Here is the song Secret concertos by Bortnyansky. Go through with this.,train
dlg-2353ad12-2d40-40ad-ad34-2b5c6e0dea1e,dlg-2353ad12-2d40-40ad-ad34-2b5c6e0dea1e_6_9,Can I now hear some of that as a classical crossover?,Here is the song Without You by Addio a classical cover over group. Go through with this. Hear is some classical music from Baroque. Go through with this.,train
dlg-23a11c1f-5bf6-4075-93e5-de1e5bc70c22,dlg-23a11c1f-5bf6-4075-93e5-de1e5bc70c22_3_4,"Awesome. Well, I'm looking to find a song by Pretty Lights. It's called Cold Feeling.",Pretty Lights - Cold Feeling.,train
dlg-23a11c1f-5bf6-4075-93e5-de1e5bc70c22,dlg-23a11c1f-5bf6-4075-93e5-de1e5bc70c22_8_10,I like his songs. He's songs are just like electronic/hip-hop kind. Great. Now I'd like to hear another song by Pretty Lights. It's called Fly Away Another Day.,Pretty Lights - Fly Away Another Day.,train
dlg-23a11c1f-5bf6-4075-93e5-de1e5bc70c22,dlg-23a11c1f-5bf6-4075-93e5-de1e5bc70c22_13_15,It's one of my favorite ones. It's just got a very good atmosphere in it. Cool. Now I'd like to hear another song by Pretty Lights. It's called Stay.,Pretty Lights - Stay.,train
dlg-2410b000-2223-4d47-bd5c-e09dadee4534,dlg-2410b000-2223-4d47-bd5c-e09dadee4534_1_2,I'd like to hear something by Adele.,Here's the song Hello by Adele.,test
dlg-2410b000-2223-4d47-bd5c-e09dadee4534,dlg-2410b000-2223-4d47-bd5c-e09dadee4534_3_6,Such a fantastic song. It showcases her voice. Could I hear something else from Adele? This time from the 23 album. That's such a fantastic song. It's so original.,Here's the song Don't You Remember?,test
dlg-24127be3-cd09-4a22-b3e7-b4300a3c38c1,dlg-24127be3-cd09-4a22-b3e7-b4300a3c38c1_2_6,Play me music by Little Mix.,Here is the song Touch by Little Mix. Here is DNA by Little Mix.,train
dlg-2482dc4d-2bbb-4a1b-a4e6-47afa7a5c403,dlg-2482dc4d-2bbb-4a1b-a4e6-47afa7a5c403_2_5,Hi assistant. I'd like to hear some music by the Bee Gees.,Here is Staying Alive by the Bee Gees.,train
dlg-2482dc4d-2bbb-4a1b-a4e6-47afa7a5c403,dlg-2482dc4d-2bbb-4a1b-a4e6-47afa7a5c403_8_18,Why'd she go? Bee Gees not playing.,"Something's not right. Here is Staying Alive by the Bee Gees. Have you heard of the band cool and the gang? Okay, let me see what I can find by Cool and the Gang. Here is Get Down On It by Cool and the Gang.",train
dlg-2482dc4d-2bbb-4a1b-a4e6-47afa7a5c403,dlg-2482dc4d-2bbb-4a1b-a4e6-47afa7a5c403_20_23,That one's not playing. Could you find me a similar artist?,Here is Celebration by Cool and the Gang. Here is Ladies Night by Cool and the Gang.,train
dlg-248ba63c-0940-4d83-99d9-493f682eb2fd,dlg-248ba63c-0940-4d83-99d9-493f682eb2fd_1_4,"Hey, I was looking for some new music to listen to. Can you help me? Sure, Soundgarden.",Would you mind repeating that? Have u heard of incubus?,train
dlg-248ba63c-0940-4d83-99d9-493f682eb2fd,dlg-248ba63c-0940-4d83-99d9-493f682eb2fd_5_15,Soundgarden.,What about deftones? Here's Deftones - Mascara. Have u heard of nine inch nails? What about audioslave? Here's AudioSlave-Like a Stone.,train
dlg-248ba63c-0940-4d83-99d9-493f682eb2fd,dlg-248ba63c-0940-4d83-99d9-493f682eb2fd_19_28,How about Rise Against?,Have u heard of Chevelle? Send the pain below - Chevelle. Have u heard of jimmy eat world? What about Atreyu? Here's Atreyu - Ex's and oh's.,train
dlg-248ba63c-0940-4d83-99d9-493f682eb2fd,dlg-248ba63c-0940-4d83-99d9-493f682eb2fd_29_30,That one is blocked.,Here's Ex's and Oh's - Atreyu.,train
dlg-248ba63c-0940-4d83-99d9-493f682eb2fd,dlg-248ba63c-0940-4d83-99d9-493f682eb2fd_31_32,"Yeah, that was blocked, too.",Here's Atreyu - Ex's and Oh's.,train
dlg-24b7444c-9187-48ce-b6ce-ef255ab103ae,dlg-24b7444c-9187-48ce-b6ce-ef255ab103ae_0_1,Hi. I'm trying to get your help to listen to the music. Maybe something by Babymetal?,Here is Babymetal with Doki Doki Morning.,train
dlg-24b7444c-9187-48ce-b6ce-ef255ab103ae,dlg-24b7444c-9187-48ce-b6ce-ef255ab103ae_2_3,"It's pretty good, but do you have something by a different artist?",Here is Babymetal Doki Doki Morning covered by Mitch Howie the Dialectic.,train
dlg-24cb1a41-bdf4-4e2a-a327-1c1f06c04fad,dlg-24cb1a41-bdf4-4e2a-a327-1c1f06c04fad_2_4,I want to hear music by Little Mix.,Here is Power by little mix.,train
dlg-24cb1a41-bdf4-4e2a-a327-1c1f06c04fad,dlg-24cb1a41-bdf4-4e2a-a327-1c1f06c04fad_6_7,Like probably Touch. Play me Touch by Little Mix.,Here is touch by Little Mix.,train
dlg-24f77872-8b22-4169-bb37-d60ca4b79aa1,dlg-24f77872-8b22-4169-bb37-d60ca4b79aa1_1_7,I would like to be introduced to new music to listen to. Ed Sheeran. Ed Sheeran.,"Ed Sheeran, let me see what I can find that you may not be familiar with? Have you heard about the artist Alessia or Kygo?",train
dlg-24f77872-8b22-4169-bb37-d60ca4b79aa1,dlg-24f77872-8b22-4169-bb37-d60ca4b79aa1_10_13,Kygo is new to me.,Here is the song Scars To Your Beautiful by Alessia Cara.,train
dlg-24f77872-8b22-4169-bb37-d60ca4b79aa1,dlg-24f77872-8b22-4169-bb37-d60ca4b79aa1_14_16,"Oh, wow. She has a phenomenal voice.",I'm glad you liked this. Now let me play something by Kygo. Here is the song Stargazing featuring Justin Jesso by the artist Kygo.,train
dlg-251b38af-51b9-43bf-8683-4de7ecd998b4,dlg-251b38af-51b9-43bf-8683-4de7ecd998b4_0_2,"Hi. I'd like some help browsing music in the hiphop genre, please.",Sure. I think you said hip hop? I think you said hip hop?,train
dlg-251b38af-51b9-43bf-8683-4de7ecd998b4,dlg-251b38af-51b9-43bf-8683-4de7ecd998b4_8_9,"Oh, let's start old school.",Old school it is.,train
dlg-251b38af-51b9-43bf-8683-4de7ecd998b4,dlg-251b38af-51b9-43bf-8683-4de7ecd998b4_10_11,"Yeah, right. That was pretty interesting. Let's move up to the late '90s from the early '90s.",I think you said late 90's?,train
dlg-251b38af-51b9-43bf-8683-4de7ecd998b4,dlg-251b38af-51b9-43bf-8683-4de7ecd998b4_15_22,"Alright. Let's move into the 2000's, please. Alright, let's move to the current decade, please. Alright, I think number three was my choice and is something new to me rock the boat.",That was by the late Aaliyah.,train
dlg-25580a6e-a44e-4d35-b892-c29861c80c76,dlg-25580a6e-a44e-4d35-b892-c29861c80c76_0_5,"Hi, I like Kelly Clarkson. Could you play me a new artist that' similar to him?",Are you familiar with Vanessa Carlton? Here is your song. A Thousand Miles by Vanessa Carlton. Have you heard of an artist named Michelle Branch?,train
dlg-25580a6e-a44e-4d35-b892-c29861c80c76,dlg-25580a6e-a44e-4d35-b892-c29861c80c76_6_7,"Yes. Play me a Michelle Branch song, please.","Here is your song, Everywhere by Michelle Branch.",train
dlg-25580a6e-a44e-4d35-b892-c29861c80c76,dlg-25580a6e-a44e-4d35-b892-c29861c80c76_8_9,"Oh, cool. Play me one more different song by Michelle Branch.","Here is your song, All You Wanted by Michelle Branch.",train
dlg-25773cca-9957-47a1-9c98-13fa847a6a97,dlg-25773cca-9957-47a1-9c98-13fa847a6a97_2_7,"Can I hear this same song by a different artist, please? Same song. Different artist.","Sure, One second. Here is the Silverchair - Yellow Submarine.",train
dlg-25773cca-9957-47a1-9c98-13fa847a6a97,dlg-25773cca-9957-47a1-9c98-13fa847a6a97_8_9,"Could I have a different song by that same artist Silverchair, please?",Here is Silverchair - Tomorrow.,train
dlg-25b1b2ae-1956-435d-bae8-5c71ce7b3f64,dlg-25b1b2ae-1956-435d-bae8-5c71ce7b3f64_0_8,I'm looking to find new music to listen to. I'm looking to find new music to listen to. Enter Shikari. E n t e r s h i k a r i.,Have you listened to Madina Lake?,test
dlg-25b1b2ae-1956-435d-bae8-5c71ce7b3f64,dlg-25b1b2ae-1956-435d-bae8-5c71ce7b3f64_13_16,Twenty One Pilots. Twenty One Pilots.,Have you listened to Destroy The Runner?,test
dlg-25c04843-b7ac-4e0c-9d5c-19668ccb1ec8,dlg-25c04843-b7ac-4e0c-9d5c-19668ccb1ec8_1_7,"Hi, I'm looking to find some new artists to listen to. I like the artist Pink.","Pink. Let's see what else I can find that you may not be familiar with. This will just be a second. Give me a moment, please. Have you heard of the artist name Jessie J? Here is your song. Flashlight by Jessie J.",train
dlg-25c04843-b7ac-4e0c-9d5c-19668ccb1ec8,dlg-25c04843-b7ac-4e0c-9d5c-19668ccb1ec8_8_14,"Well, That's a cool song. Play me another song by her, I need the little older one. Let's try a different male artist.",Have u heard of a guy called Sebastian? Here is your song called Who's That Girl by Guy Sebastian.,train
dlg-25c04843-b7ac-4e0c-9d5c-19668ccb1ec8,dlg-25c04843-b7ac-4e0c-9d5c-19668ccb1ec8_16_17,"Oh yeah, That's a cool song. Now play me something a little bit on the same length of being from older.",Here is your song. Battle Scars by Lupe Fiasco & Guy Sebastian.,train
dlg-25d59517-d45b-4136-b0f5-dab4241a5dc5,dlg-25d59517-d45b-4136-b0f5-dab4241a5dc5_4_5,Play me a new song from him.,"Okay, here is Jamie Cullum.",train
dlg-25d59517-d45b-4136-b0f5-dab4241a5dc5,dlg-25d59517-d45b-4136-b0f5-dab4241a5dc5_6_9,"Okay. Yeah, that's cool. Play me one more song by him.",There's a different one by Jamie Cullum. Here is Gary BB Coleman the sky is crying.,train
dlg-25faefa9-c99c-45f0-bef3-e8f662d9a199,dlg-25faefa9-c99c-45f0-bef3-e8f662d9a199_1_12,Yeah. Could I hear something by Christina Aguilera?,Here's a song called Hurt by Christina Aguilera. Here's a song called Genie in a Bottle by the same artist Christina Aguilera. Here is a song called Your Body from the album Lotus released in 2012 by Christina Aguilera.,train
dlg-25ff6af6-38b7-49a5-8de5-62a02219c02b,dlg-25ff6af6-38b7-49a5-8de5-62a02219c02b_0_7,I want to hear something by Disturbed.,Disturbed - The Vengeful One.,train
dlg-25ff6af6-38b7-49a5-8de5-62a02219c02b,dlg-25ff6af6-38b7-49a5-8de5-62a02219c02b_8_9,Can I hear something from Ten Thousand Fists?,Disturbed-Ten Thousand Fist.,train
dlg-25ff6af6-38b7-49a5-8de5-62a02219c02b,dlg-25ff6af6-38b7-49a5-8de5-62a02219c02b_11_16,Can I hear DFI? Can I hear DFI? Can I hear the song Deify?,Disturbed - Deify.,train
dlg-26716119-d3d2-410a-b7d0-fde250bc4c20,dlg-26716119-d3d2-410a-b7d0-fde250bc4c20_3_4,"Hi. Today, I need your help finding music to listen to. I have a band in mind. It's by Oasis. The song I'm looking for is called Supersonic.",Here's the song Supersonic.,train
dlg-26716119-d3d2-410a-b7d0-fde250bc4c20,dlg-26716119-d3d2-410a-b7d0-fde250bc4c20_6_11,"It's a pretty classic song of their first album, had some really good guitar riffs from the get-go. I'd like to hear another song by Oasis. It's called Talk Tonight. I'd like to hear another song by Oasis. It's called Live Forever.",Here's the song Talk Tonight. Here's the song Live Forever.,train
dlg-267880d9-b151-439c-991b-d7ae9c8b69fb,dlg-267880d9-b151-439c-991b-d7ae9c8b69fb_2_5,Today I need your help finding music to listen to. I'm looking to hear a song by the band Oasis. It's called Going Nowhere.,"Here is Going Nowhere, by the band Oasis.",train
dlg-267880d9-b151-439c-991b-d7ae9c8b69fb,dlg-267880d9-b151-439c-991b-d7ae9c8b69fb_8_11,"And that whole Masterplan album was awesome. Yeah, I'd like to find the song Gas Panic.","Another classic, here is Gas Panic, performed by Oasis at Wembley stadium.",train
dlg-267880d9-b151-439c-991b-d7ae9c8b69fb,dlg-267880d9-b151-439c-991b-d7ae9c8b69fb_12_17,"Yeah, that was a good performance. And Liam wasn't drunk. That's one of the best albums that they made, I think. The song itself is like just It's not a cookie-cutter Brit-pop song. It's more of like experimental darker lyrics. Overall, that's I think maybe one more song I think I would look into. If you could play Don't Go Away by Oasis.","Perfect here is Don't go away, by the Oasis.",train
dlg-26b65a39-937a-4324-852b-1901fa3ed776,dlg-26b65a39-937a-4324-852b-1901fa3ed776_2_5,Play Adele. Play Adele.,How about the song Rolling In The Deep by Adele?,train
dlg-26b65a39-937a-4324-852b-1901fa3ed776,dlg-26b65a39-937a-4324-852b-1901fa3ed776_8_10,Play another version of Rolling in the Deep by Adele.,Here is the song Rolling In The Deep cover by Maddi Jane.,train
dlg-26b65a39-937a-4324-852b-1901fa3ed776,dlg-26b65a39-937a-4324-852b-1901fa3ed776_12_13,Play another Adele song.,Here is another song called Send My Love by Adele.,train
dlg-26b881e2-ac03-4666-9e7d-6d8bf9f778c3,dlg-26b881e2-ac03-4666-9e7d-6d8bf9f778c3_0_1,Play a song by Alkaline Trio.,Looking that up for you. This addiction by Alkaline Trio.,train
dlg-26b89c64-2447-4dd3-b3c0-949ae957bc67,dlg-26b89c64-2447-4dd3-b3c0-949ae957bc67_1_6,"Hi, I'd like some help in browsing new music. Well, I like the band Gloriana.","Okay, let me see what I can find based on the band Gloriana. This will just be a second. Have you heard of either Edens Edge or Lee Brice?",train
dlg-26b89c64-2447-4dd3-b3c0-949ae957bc67,dlg-26b89c64-2447-4dd3-b3c0-949ae957bc67_7_14,"How was the first one, Edens?","Edens Edge. Okay, let me see what I can find for you by Eden's Edge. Hold on just a second. Here is Too Good To Be True by Eden's Edge. What do you think? Here is Cherry Pie by Eden's Edge. A little slower of a track.",train
dlg-26b89c64-2447-4dd3-b3c0-949ae957bc67,dlg-26b89c64-2447-4dd3-b3c0-949ae957bc67_15_18,"Yeah, but I like that quite bit as well. Definitely going to have to check them out some more.","Good to hear. Have you heard of Elle King or Cruella? Okay, let me see what I can find for you? Just a moment. Here is Good Girls by Elle King.",train
dlg-26b89c64-2447-4dd3-b3c0-949ae957bc67,dlg-26b89c64-2447-4dd3-b3c0-949ae957bc67_19_21,It's not bad. It's different. I like that part. Got a bit of an edge to it which is interesting.,Here is America's Sweetheart by Elle King. What do you think of that one?,train
dlg-26d55f1a-7bda-47cc-a740-105ac115ba99,dlg-26d55f1a-7bda-47cc-a740-105ac115ba99_0_6,"Hey, I'm looking to find some new music. Can you help me with that? I really like John Denver. So, Can you find someone like John?",Have you ever listened to Fleetwood Mac?,validation
dlg-26d55f1a-7bda-47cc-a740-105ac115ba99,dlg-26d55f1a-7bda-47cc-a740-105ac115ba99_7_11,Not really. No. I've heard a few of their songs. But I haven't like sat down and specifically listened to Fleetwood Mac. Can you play something like deep in their catalog?,Here's Fleetwood Mac - Dreams. Here's Fleetwood Mac - The Chain. That one's more obscure.,validation
dlg-26d55f1a-7bda-47cc-a740-105ac115ba99,dlg-26d55f1a-7bda-47cc-a740-105ac115ba99_12_13,"Yeah, That sounds really good. Can you find something else off that album?",Here's Fleetwood Mac - Go Your Own Way.,validation
dlg-26d55f1a-7bda-47cc-a740-105ac115ba99,dlg-26d55f1a-7bda-47cc-a740-105ac115ba99_15_16,"Can you find like another artist, too?",Have you heard of the Carpenters?,validation
dlg-26d55f1a-7bda-47cc-a740-105ac115ba99,dlg-26d55f1a-7bda-47cc-a740-105ac115ba99_17_18,I know. I haven't. Are they from the 50's?,Here's Carpenters -We've Only Just Begun.,validation
dlg-26d55f1a-7bda-47cc-a740-105ac115ba99,dlg-26d55f1a-7bda-47cc-a740-105ac115ba99_19_21,"Alright. Yeah, It's really good. Can you find something live by them?",Here's the Carpenters in Concert at the New London Theatre - 1976.,validation
dlg-26d7d907-4aa4-4e54-ae65-c837191509dd,dlg-26d7d907-4aa4-4e54-ae65-c837191509dd_2_3,"Hello, can you play some music by Wage War?",Here is Wage War performing Witness.,train
dlg-26d7d907-4aa4-4e54-ae65-c837191509dd,dlg-26d7d907-4aa4-4e54-ae65-c837191509dd_4_5,"Okay, great. Can you put some older material?",Here is Wage War performing alive from their first album.,train
dlg-26d7d907-4aa4-4e54-ae65-c837191509dd,dlg-26d7d907-4aa4-4e54-ae65-c837191509dd_6_7,I'm not really feeling this song. Can you play same song by a different artist?,Here is Vicenzo Bernardo covering Alive by Wage War.,train
dlg-26f9f689-0bc0-4219-a0e9-6cc7f0901bdf,dlg-26f9f689-0bc0-4219-a0e9-6cc7f0901bdf_0_11,"I'd like to listen to some music by Linkin Park. I would like to hear music by Linkin Park. I don't like what's playing. Same song by a different artist. No, Same song by different artist.",Same song from a different artist?,test
dlg-26fbb6b2-043d-4d85-ab7c-57967336c7d5,dlg-26fbb6b2-043d-4d85-ab7c-57967336c7d5_0_3,"Hi, I want to listen to something by Dying Fetus.",Dying fever?,train
dlg-26fbb6b2-043d-4d85-ab7c-57967336c7d5,dlg-26fbb6b2-043d-4d85-ab7c-57967336c7d5_4_6,"No, Dying Fetus. That song is pretty good.","Okay, here's One Shot, One Kill by Dying Fetus.",train
dlg-26fbb6b2-043d-4d85-ab7c-57967336c7d5,dlg-26fbb6b2-043d-4d85-ab7c-57967336c7d5_7_8,How about something from one of their older albums?,Some rap?,train
dlg-26fbb6b2-043d-4d85-ab7c-57967336c7d5,dlg-26fbb6b2-043d-4d85-ab7c-57967336c7d5_9_12,"No, something from Dying Fetus, like one of their older albums.",Here's Schematics by Dying Fetus. Very disturbing stuff.,train
dlg-26fbb6b2-043d-4d85-ab7c-57967336c7d5,dlg-26fbb6b2-043d-4d85-ab7c-57967336c7d5_13_18,It's not that disturbing.,I do like the sound a lot. I would enjoy this while paint balling. This is perfect music to pump me up.,train
dlg-26fbb6b2-043d-4d85-ab7c-57967336c7d5,dlg-26fbb6b2-043d-4d85-ab7c-57967336c7d5_20_22,How about something from Grotesque Impalement album?,Here's Streaks of Blood from Grotesque Impalement.,train
dlg-271991d9-5e18-4e2c-bb6f-d5addbf89b05,dlg-271991d9-5e18-4e2c-bb6f-d5addbf89b05_0_3,I would like to hear a song from The Beatles.,"The Beatles - Don't Let Me Down. The Beatles - Hello, Goodbye.",train
dlg-271991d9-5e18-4e2c-bb6f-d5addbf89b05,dlg-271991d9-5e18-4e2c-bb6f-d5addbf89b05_4_5,How about a song from Abbey Road?,Sure thing. Come Together by The Beatles.,train
dlg-271991d9-5e18-4e2c-bb6f-d5addbf89b05,dlg-271991d9-5e18-4e2c-bb6f-d5addbf89b05_6_8,"How about a different song? I would like to hear something from Abbey Road, the song name is Carry That Weight please.",The Beatles - Golden slumbers - Carry that weight.,train
dlg-272ff01e-88e9-4d7e-bab8-41eb13111e6d,dlg-272ff01e-88e9-4d7e-bab8-41eb13111e6d_3_6,"That's pretty good. I like that one. How about a band that sounds like the Counting Crows, like a newer band? Somebody that I probably haven't heard of.",Just a moment. Here is Runaway Train by Soul Asylum. Thank you. Here is Runaway Train by Soul Asylum.,train
dlg-286e7fed-c873-4dd4-b64e-b7aa6a79144f,dlg-286e7fed-c873-4dd4-b64e-b7aa6a79144f_1_2,"Hi, could you play some music by The White Buffalo?",Here is Oh Darling What Have I Done by The White Buffalo.,validation
dlg-286e7fed-c873-4dd4-b64e-b7aa6a79144f,dlg-286e7fed-c873-4dd4-b64e-b7aa6a79144f_3_5,How about same song by a different artist?,Here is a cover of What Have I Done performance by Deniz Tekin.,validation
dlg-286e7fed-c873-4dd4-b64e-b7aa6a79144f,dlg-286e7fed-c873-4dd4-b64e-b7aa6a79144f_6_8,Yeah. And how about a similar artist?,Here is All Along the Watchtower by the forest rangers.,validation
dlg-289de558-8523-4e12-9ca2-9b7bf71cb250,dlg-289de558-8523-4e12-9ca2-9b7bf71cb250_1_6,I'd like to listen to something in the category of Latin.,"Latin music? Just a moment, Maluma - Corazon (Official Video) ft. Nego do Borel. Just a moment, Fly Me to the Moon/Lucky (Sinatra/Jason Mraz & Colbie Caillat MASHUP) Rick Hale & Breea Guttery.",train
dlg-289de558-8523-4e12-9ca2-9b7bf71cb250,dlg-289de558-8523-4e12-9ca2-9b7bf71cb250_7_10,"Okay, Play it. Maybe like smooth jazz.","smooth jazz, you said? Boney James ""Maker of Love"" 2013 ft. Raheem Devaughn.",train
dlg-289de558-8523-4e12-9ca2-9b7bf71cb250,dlg-289de558-8523-4e12-9ca2-9b7bf71cb250_15_18,A little bit more upbeat.,"Ok, Dan + Shay - From The Ground Up (Official Music Video).",train
dlg-28aa2dd4-b29d-4327-9718-ef517915893d,dlg-28aa2dd4-b29d-4327-9718-ef517915893d_1_10,"Hi. I need help looking for new music, rap music.",Sure. can you give me the name of an artist you like? Okay. Joyner lucas. Let's see what else I can find that you may not be familiar with. Have you heard of Alex Jones? Okay. Joyner lucas. Let's see what else I can find that you may not be familiar with. Have you heard of Alex Jones? Higher Level by Alex Jones. Have you heard of Kidd upstairs? The Color Purple ft. The Tree Mason by Kidd Upstairs.,train
dlg-28c9286c-bece-40ff-b1c3-73c431691ffa,dlg-28c9286c-bece-40ff-b1c3-73c431691ffa_0_4,I'd like to hear a song by one of my all time favorite groups. I want to hear Run-D.M.C. Adidas.,Here's My Adidas by Run-D.M.C.,train
dlg-28c9286c-bece-40ff-b1c3-73c431691ffa,dlg-28c9286c-bece-40ff-b1c3-73c431691ffa_5_6,"Well, that's a great song by them. I really love dancing to that song. That was awesome. I'd like to hear King of Rock by Run-D.M.C.","Here's my personal Run-D.M.C favorite, Kings of Rock.",train
dlg-28c9286c-bece-40ff-b1c3-73c431691ffa,dlg-28c9286c-bece-40ff-b1c3-73c431691ffa_8_9,"Oh, wow! I remember that one. That was really good. Now I'd like to hear Sucker MC's by Run-D.M.C.",Here's Sucker MC's by Run-D.M.C.,train
dlg-28db0b72-b544-4f0c-85ec-9b83da76ad03,dlg-28db0b72-b544-4f0c-85ec-9b83da76ad03_0_8,"Hello. I need some help browsing the music of the Zac Brown. Play Zac Brown Band, please.",Sure thing. Would you like me to play a song from Zac Brown's Band? Here is Zac Brown Band - My Old Man. Sure thing. Here is Let it Go by Zac Brown Band.,train
dlg-28db0b72-b544-4f0c-85ec-9b83da76ad03,dlg-28db0b72-b544-4f0c-85ec-9b83da76ad03_9_10,"Yeah, it's not working for me either. How about some newer Zac Brown, please.",Sure. Here is Alabama Jubilee (Live).,train
dlg-28ec2456-b3fd-47e5-b6f8-093db55f0252,dlg-28ec2456-b3fd-47e5-b6f8-093db55f0252_1_12,I would like to listen some music by George Jones.,Okay. George Jones. Let's see what else I can find that you may not be familiar with. Looks like the artist Lyle lovett may be have similar style might be a close match. Another is john conlee . Are either of those new to you? Here is the song called She's No Lady by the artist Lyle Lovett. Okay. Here is the song called I Don't Remember Loving You by another artist John conlee.,train
dlg-28ec2456-b3fd-47e5-b6f8-093db55f0252,dlg-28ec2456-b3fd-47e5-b6f8-093db55f0252_15_27,"Yeah, it's more of a George Jones style. What about Randy Travis?",Okay. Do you ever listen to gene watson? Here is the song called When A Man Can't Get A Woman Off His Mind by the artist Gene Watson. Would you like me to play another song by Gene Watson. One moment. Here is the song called Everybody Needs A Hero by the artist Gene Watson.,train
dlg-29083eda-dcf8-45aa-a35f-bf2b135ef467,dlg-29083eda-dcf8-45aa-a35f-bf2b135ef467_0_3,"Hi. I'd like some help listening to jazz music, please.","Here's Miles Davis - ""The Doo Bop Song"". The last album released while he was alive. You can hear the hip hop influence in his sound.",train
dlg-29083eda-dcf8-45aa-a35f-bf2b135ef467,dlg-29083eda-dcf8-45aa-a35f-bf2b135ef467_4_6,"Interesting. How about something a lot older, though? Real old classic.","Here's John Coltrane - Naima (Album:Giant Steps) 1959. Coltrane was real, pure genius.",train
dlg-29083eda-dcf8-45aa-a35f-bf2b135ef467,dlg-29083eda-dcf8-45aa-a35f-bf2b135ef467_7_10,Absolutely. I've certainly heard of Coltrane.,"Are you familiar with Alice? Yes. His wife, Alice. She plays the harp.",train
dlg-29083eda-dcf8-45aa-a35f-bf2b135ef467,dlg-29083eda-dcf8-45aa-a35f-bf2b135ef467_11_12,But not in jazz?,Here's Alice Coltrane ft. Pharoah Sanders - Journey In Satchidananda.,train
dlg-29083eda-dcf8-45aa-a35f-bf2b135ef467,dlg-29083eda-dcf8-45aa-a35f-bf2b135ef467_14_17,I definitely learned something new there. Okay. How about something that's like a modern jazz? Do you have something like that?,Here's Kamasi Washington - 'Clair de Lune' Brainfeedermedia. Kamasi has also played on Snoop Dogg and Kendrick Lamar records.,train
dlg-295010f4-f09e-4da3-9e74-914dc1cc614a,dlg-295010f4-f09e-4da3-9e74-914dc1cc614a_1_4,"Hi, can you play something by Wale, please? My Love by Wale.","Here the song My Love featuring Major Lazer, WizKid and Dua Lipa.",train
dlg-295010f4-f09e-4da3-9e74-914dc1cc614a,dlg-295010f4-f09e-4da3-9e74-914dc1cc614a_5_7,"This is a good song. Can you play a song where Wale is the feature, please?",Here is the song Last Night featuring Wale by Sebastian Mikael.,train
dlg-295010f4-f09e-4da3-9e74-914dc1cc614a,dlg-295010f4-f09e-4da3-9e74-914dc1cc614a_8_9,"All right. Can you play a slow song by Wale, please?",Here is the song The Break Up Song by Wale.,train
dlg-2976fd46-dcf0-499d-8e5a-087157e4d5fc,dlg-2976fd46-dcf0-499d-8e5a-087157e4d5fc_0_8,I would like to hear something by Joe Budden.,"Joe Budden - Broke. Joe Budden - Immortal. Joe Budden - NBA ft. Wiz Khalifa, French Montana.",validation
dlg-29ba2788-84a9-4262-8f33-2e8ddd06a6e6,dlg-29ba2788-84a9-4262-8f33-2e8ddd06a6e6_2_5,I'm kind of in the mood for Tool.,This is Sober by Tool.,validation
dlg-29ba2788-84a9-4262-8f33-2e8ddd06a6e6,dlg-29ba2788-84a9-4262-8f33-2e8ddd06a6e6_6_7,"That's cool. Okay, I want the same song by a different artist. Please change it to a different artist, but same song.","Okay, sure thing. Here is sober by John McConnell.",validation
dlg-29ba2788-84a9-4262-8f33-2e8ddd06a6e6,dlg-29ba2788-84a9-4262-8f33-2e8ddd06a6e6_8_11,"No, I don't like it. It's terrible. Can you play older material from Tool?",Here's the pot by Tool.,validation
dlg-2a0ca32b-ba43-4beb-bf95-cd940c7de142,dlg-2a0ca32b-ba43-4beb-bf95-cd940c7de142_2_6,"Hi, can I hear a song by Drake?",How about the song Started From The Bottom by Drake? Here's the song Tuscan Leather by Drake from a different album.,train
dlg-2a0ca32b-ba43-4beb-bf95-cd940c7de142,dlg-2a0ca32b-ba43-4beb-bf95-cd940c7de142_7_9,"Okay, I don't want this one. Can I get a song with the same name by a different artist?",Here is the same song Tuscan Leather sung by the artist Shama.,train
dlg-2a516aca-06db-4e5e-9ffb-1baeb2d55701,dlg-2a516aca-06db-4e5e-9ffb-1baeb2d55701_1_6,Hello. I'm looking for some new music to listen to. I really like John Denver.,"Have you heard of the artist Jim Croce? Here's Jim Croce performing ""Time in a Bottle"".",train
dlg-2a516aca-06db-4e5e-9ffb-1baeb2d55701,dlg-2a516aca-06db-4e5e-9ffb-1baeb2d55701_7_12,Wow. That must've been big years and years ago. Can you play something else by Jim Croce?,"Here is Jim Croce performing ""Operator"". How about music from Tiny Tim? Here is Tiny Tim performing ""Tiptoe Through the Tulips"".",train
dlg-2a516aca-06db-4e5e-9ffb-1baeb2d55701,dlg-2a516aca-06db-4e5e-9ffb-1baeb2d55701_13_14,Very interesting.,"Here is Tiny Tim performing ""Highway to Hell"".",train
dlg-2a516aca-06db-4e5e-9ffb-1baeb2d55701,dlg-2a516aca-06db-4e5e-9ffb-1baeb2d55701_15_16,"Yeah, that's pretty cool. Alright. Thank you so much.","No problem, Glad I could assist finding new music. Goodbye.",train
dlg-2aa0cd3a-5ef3-44f9-a0eb-a34983e9bd91,dlg-2aa0cd3a-5ef3-44f9-a0eb-a34983e9bd91_1_2,Hello. Could you help me to find some new music?,"I think you said new music, right?",train
dlg-2aa0cd3a-5ef3-44f9-a0eb-a34983e9bd91,dlg-2aa0cd3a-5ef3-44f9-a0eb-a34983e9bd91_3_6,"Yes, I'm looking for new pop music.",Here's the latest new pop song.,train
dlg-2aa0cd3a-5ef3-44f9-a0eb-a34983e9bd91,dlg-2aa0cd3a-5ef3-44f9-a0eb-a34983e9bd91_7_9,"No, just new pop music. All right, I hadn't heard that before, so that pretty good. Can you find me something else?",Another new pop song?,train
dlg-2aa0cd3a-5ef3-44f9-a0eb-a34983e9bd91,dlg-2aa0cd3a-5ef3-44f9-a0eb-a34983e9bd91_10_12,"Yes, by a different artist.",Hold on just a second. Here's another new pop song.,train
dlg-2ac58fd9-98e4-4dab-8d85-e0e16a1a7d55,dlg-2ac58fd9-98e4-4dab-8d85-e0e16a1a7d55_1_7,"Hello, can you play some new artists that are similar to August Burns Red? Can you play something similar to August Burns Red?","Sure, have you heard something from Blessthefall or Alesana? Let me play something from Blessthefall. Blessthefall - Dead Air. Blessthefall - Dead Air.",validation
dlg-2ac58fd9-98e4-4dab-8d85-e0e16a1a7d55,dlg-2ac58fd9-98e4-4dab-8d85-e0e16a1a7d55_8_9,"Okay, can you play another track by Alesana?","Alesana - ""The Thespian.""",validation
dlg-2ac58fd9-98e4-4dab-8d85-e0e16a1a7d55,dlg-2ac58fd9-98e4-4dab-8d85-e0e16a1a7d55_13_14,Can you play another track by Blessthefall?,Blessthefall - Hollow Bodies.,validation
dlg-2ac58fd9-98e4-4dab-8d85-e0e16a1a7d55,dlg-2ac58fd9-98e4-4dab-8d85-e0e16a1a7d55_17_22,Can you play Alesana then another track though? It's happening right there.,I will find artists similar to Alesana. Have you heard of A Skylit Drive or Eyes Set to Kill? Have you heard of A Skylit Drive or Eyes Set to Kill? A Skylit Drive - Love The Way You Lie.,validation
dlg-2ac7f894-e721-4de8-ab98-cff42cd9c4a9,dlg-2ac7f894-e721-4de8-ab98-cff42cd9c4a9_2_10,"Hi, I'd like some help browsing the music of the Zac Brown Band.",I have found one song called Goodbye In Her Eyes. By Zac Brown Band. Here is the song called Jump Right In by Zac Brown Band from the same album.,train
dlg-2ac7f894-e721-4de8-ab98-cff42cd9c4a9,dlg-2ac7f894-e721-4de8-ab98-cff42cd9c4a9_11_14,"I like it a lot, nice enough beat. Okay, let's go one more, but let's go for a different album, please. Something newer.",Here's the song called roots from the latest album Welcome home by the artist. Zac Brown Band.,train
dlg-2aeb2159-4335-4e4d-8818-612a27f9ea34,dlg-2aeb2159-4335-4e4d-8818-612a27f9ea34_4_14,Can you play something by Thunder & Roses?,"Thunder and roses, you got it. Here is Thunder And Roses White Lace And Strange. Here is AC/DC - Thunderstruck. Here is AC/DC - Back In Black.",train
dlg-2bb38c7a-fc2a-4716-9eb3-0aaf80b81018,dlg-2bb38c7a-fc2a-4716-9eb3-0aaf80b81018_0_1,"I want to listen to some new some music. I'm into rock right now. So, Play me some.",Can you tell me a rock artist that you like? So I can find something similar.,train
dlg-2bb38c7a-fc2a-4716-9eb3-0aaf80b81018,dlg-2bb38c7a-fc2a-4716-9eb3-0aaf80b81018_2_5,I really like Metallica.,Have you heard of the band Pearl Jam before? Here's the song Jeremy by Pearl Jam.,train
dlg-2bb38c7a-fc2a-4716-9eb3-0aaf80b81018,dlg-2bb38c7a-fc2a-4716-9eb3-0aaf80b81018_6_7,"Yeah, I like that. Play me something else by them. Like something from their most recent album.",This will just be a second. Here's the song corduroy by Pearl Jam from their latest album.,train
dlg-2bb38c7a-fc2a-4716-9eb3-0aaf80b81018,dlg-2bb38c7a-fc2a-4716-9eb3-0aaf80b81018_8_9,"Oh, That song's cool too. Let's play something else, A different band. Let's try Nirvana.",Here's the song Heart-Shaped Box by Nirvana.,train
dlg-2be76374-178c-4bf9-8097-cd23330ccfac,dlg-2be76374-178c-4bf9-8097-cd23330ccfac_1_6,"Hey, can you play something by Evergreen?","Here is the song, A Star is Born By Evergreen. Here's the song titled Love by Lana Del Rey. The song, A Star is Born?",train
dlg-2be76374-178c-4bf9-8097-cd23330ccfac,dlg-2be76374-178c-4bf9-8097-cd23330ccfac_7_8,"No, the song Love.","Here is your song, Eli Lieb covering the song Love.",train
dlg-2be76374-178c-4bf9-8097-cd23330ccfac,dlg-2be76374-178c-4bf9-8097-cd23330ccfac_9_13,"This is an awful song. But, his voice is nice, so I'm very glad to hear that.","No problem, enjoy your Eli Lieb song.",train
dlg-2bf926b9-48ca-423a-a38c-0ee30de21d56,dlg-2bf926b9-48ca-423a-a38c-0ee30de21d56_0_2,I'd like to hear some music by Paul McCartney.,Let me find that for you. Here is Maybe I'm Amazed by Paul McCartney.,train
dlg-2bf926b9-48ca-423a-a38c-0ee30de21d56,dlg-2bf926b9-48ca-423a-a38c-0ee30de21d56_3_6,Can you find same song by a different artist?,"Okay. Here is Maybe I'm Amazed by Dave Grohl and Norah Jones. Okay, I apologize. Here's Maybe I'm Amazed by Billy Joel.",train
dlg-2c3415dd-2033-4f89-8cbf-2713a23566e6,dlg-2c3415dd-2033-4f89-8cbf-2713a23566e6_1_4,Hi. Could you help me find some workout music?,Here's Work Out by J. Cole.,train
dlg-2c3415dd-2033-4f89-8cbf-2713a23566e6,dlg-2c3415dd-2033-4f89-8cbf-2713a23566e6_6_11,I did. Can I listen to something else? Maybe like a quicker tempo? Like a faster beat.,Here's Summer by Calvin Harris. Here's Pearly Gates by U.S. Girls.,train
dlg-2c3a058a-3453-41e6-a3ae-79d62ddcba58,dlg-2c3a058a-3453-41e6-a3ae-79d62ddcba58_0_2,I want to listen to a new artist.,I think you said a new artist?,test
dlg-2c3a058a-3453-41e6-a3ae-79d62ddcba58,dlg-2c3a058a-3453-41e6-a3ae-79d62ddcba58_3_7,"I like R&B music. Oh, yeah, Play me a different Cardi B song.",I think you said a different Cardi B song.,test
dlg-2c3a058a-3453-41e6-a3ae-79d62ddcba58,dlg-2c3a058a-3453-41e6-a3ae-79d62ddcba58_9_12,"Okay. Play me a male artist, though. A male R&B artist that's new, and I don't know.","I think you said a male R&B artist that you are unfamiliar with, right? Here is Saved by Khalid.",test
dlg-2c79dea1-6786-47e8-b4d3-0bb46ba66939,dlg-2c79dea1-6786-47e8-b4d3-0bb46ba66939_0_2,Hello. Can you play some Katy Perry for me?,I Kissed A Girl by Katy Perry.,train
dlg-2c79dea1-6786-47e8-b4d3-0bb46ba66939,dlg-2c79dea1-6786-47e8-b4d3-0bb46ba66939_4_6,"Great. This is an awesome song. Now, can you play some newer Katy Perry for me?",Bon Appetit by Katy Perry.,train
dlg-2c79dea1-6786-47e8-b4d3-0bb46ba66939,dlg-2c79dea1-6786-47e8-b4d3-0bb46ba66939_8_11,"And this is really good, too. Okay. Can you play Katy Perry's newest single for me?",Swish Swish by Katy Perry.,train
dlg-2c82684d-49a0-449a-a850-f18a7cf6b1f8,dlg-2c82684d-49a0-449a-a850-f18a7cf6b1f8_1_2,"Hi, could you play me something by Guns N' Roses?",Guns N' Roses - Sweet Child O' Mine.,test
dlg-2c82684d-49a0-449a-a850-f18a7cf6b1f8,dlg-2c82684d-49a0-449a-a850-f18a7cf6b1f8_3_4,"Okay, how about that same song but by a different artist?","Okay, one sec. Flying Squirrel - Rock cover - Sweet Child O' Mine.",test
dlg-2c82684d-49a0-449a-a850-f18a7cf6b1f8,dlg-2c82684d-49a0-449a-a850-f18a7cf6b1f8_5_6,How about something older?,Guns N' Roses - Welcome To The Jungle.,test
dlg-2c9faadf-871d-4d38-967a-dc96673aacfd,dlg-2c9faadf-871d-4d38-967a-dc96673aacfd_1_5,I'd like to hear a song by Bon Jovi. I'd like to hear some music by Bon Jovi.,Here is the song by Bon Jovi.,train
dlg-2c9faadf-871d-4d38-967a-dc96673aacfd,dlg-2c9faadf-871d-4d38-967a-dc96673aacfd_6_8,Can you play me some other music by Bon Jovi?,Here is the music by Bon Jovi.,train
dlg-2ca1f631-f9d1-4b98-9123-8b2711c1db85,dlg-2ca1f631-f9d1-4b98-9123-8b2711c1db85_1_2,Yes. Could I hear something by Led Zeppelin?,"Here they are, performing Immigrant Song.",test
dlg-2ca1f631-f9d1-4b98-9123-8b2711c1db85,dlg-2ca1f631-f9d1-4b98-9123-8b2711c1db85_4_5,"All right, this is a good song. I like it. Could I hear something else with a good strong guitar riff?","Here is one of the strongest guitar riffs ever, here is Kashmir by Led Zeppelin.",test
dlg-2ca1f631-f9d1-4b98-9123-8b2711c1db85,dlg-2ca1f631-f9d1-4b98-9123-8b2711c1db85_7_10,"Oh, that's a great choice. Could I hear something else from that era but with a great drum solo?","From Led Zeppelin as well? Here is Heartbreaker, by Led Zeppelin.",test
dlg-2cdc91fc-994c-4de2-94d6-67a469e1ac86,dlg-2cdc91fc-994c-4de2-94d6-67a469e1ac86_1_9,"Hi, I need some new music to listen to.",Is Scotty McCreery is familiar to you? Let me play you something by Scotty McCreery Here is the song called See You Tonight by Scotty McCreery,train
dlg-2cdc91fc-994c-4de2-94d6-67a469e1ac86,dlg-2cdc91fc-994c-4de2-94d6-67a469e1ac86_10_17,It's pretty good.,How about Trace Adkins? How about Darius Rucker? Here is the song called If I Told You by Darius Rucker.,train
dlg-2cfe196b-61a9-4d27-bdda-81707cde9094,dlg-2cfe196b-61a9-4d27-bdda-81707cde9094_1_3,Hello. I'd like to hear some music by Kiss.,How about the song 'I Was Made For Lovin´ You' by Kiss?,train
dlg-2cfe196b-61a9-4d27-bdda-81707cde9094,dlg-2cfe196b-61a9-4d27-bdda-81707cde9094_6_12,"Yeah, I like that. Could you play something by Breed?",You said Breed? How about the song 'It's Your Love Song' by the Breed.,train
dlg-2d2957b8-6e4f-4502-abff-8204f0790121,dlg-2d2957b8-6e4f-4502-abff-8204f0790121_1_2,Hello. I'd like to hear some music by Katy Perry.,Here is Katy Perry performing Hey Hey Hey.,train
dlg-2d2957b8-6e4f-4502-abff-8204f0790121,dlg-2d2957b8-6e4f-4502-abff-8204f0790121_4_7,Could I hear the same song by a different artist?,"Perfect, here is Shelter Grey covering Hey Hey Hey by Katy Perry.",train
dlg-2d2957b8-6e4f-4502-abff-8204f0790121,dlg-2d2957b8-6e4f-4502-abff-8204f0790121_11_14,"Okay, Thank you so much for the song. Could I hear a similar song by a different artist?","Here is Rihanna, Needed me.",train
dlg-2d3aa432-a884-46d2-a6a3-2bbaf78a9c3a,dlg-2d3aa432-a884-46d2-a6a3-2bbaf78a9c3a_2_12,Yeah. I'd like to hear some music by Eminem.,Here is Eminem-Infinite. Here is Eminem-Difficult. Here is Eminem-Difficult.,train
dlg-2d3aa432-a884-46d2-a6a3-2bbaf78a9c3a,dlg-2d3aa432-a884-46d2-a6a3-2bbaf78a9c3a_15_17,Can I play something by a similar artist?,Here is Hopsin - Sag My Pants.,train
dlg-2d677219-7fa6-42d4-b912-5a8df2ee8046,dlg-2d677219-7fa6-42d4-b912-5a8df2ee8046_3_5,Great. I'm thinking kind of folk Americana. You got anything like that?,"Here is mark jungers ""Black Limousine"".",train
dlg-2d677219-7fa6-42d4-b912-5a8df2ee8046,dlg-2d677219-7fa6-42d4-b912-5a8df2ee8046_6_11,It's not bad. Can you find something maybe a little more up tempo or faster?,"Here is ""Stack-o-lee"" by Doc Watson.",train
dlg-2d677219-7fa6-42d4-b912-5a8df2ee8046,dlg-2d677219-7fa6-42d4-b912-5a8df2ee8046_12_15,"That fits what I was looking for. I appreciate it. One last thing, Can you play Hurricane by Bob Dylan?","Here is ""hurricane"" by Bob Dylan.",train
dlg-2d71a02c-1cf8-41ff-802b-62d9f3d09e8a,dlg-2d71a02c-1cf8-41ff-802b-62d9f3d09e8a_2_5,I need help finding music to listen to. I'm wondering if you can help me. There's a song by Rebelution called Safe and Sound. I'd like to hear.,Safe And Sound - Rebelution.,train
dlg-2d71a02c-1cf8-41ff-802b-62d9f3d09e8a,dlg-2d71a02c-1cf8-41ff-802b-62d9f3d09e8a_6_10,"Thank you. It's a pretty good band. They're going to be live in my area in a couple weeks. I hope I can catch it, but I'm not sure yet. It's a pretty good band. They're going to be live in my area in a couple weeks. I hope I can catch it, but I'm not sure yet. Yes I did. Thank you for finding that. The song is called by Wrong Way by Sublime.",Sublime - Wrong Way.,train
dlg-2d71a02c-1cf8-41ff-802b-62d9f3d09e8a,dlg-2d71a02c-1cf8-41ff-802b-62d9f3d09e8a_11_15,"Thank you. Oh, it says the video is blocked by Vevo. Oh, it says the video is blocked by Vevo.",Sublime-Wrong Way.,train
dlg-2d99686f-3e47-47c9-8e8f-3e41d26877be,dlg-2d99686f-3e47-47c9-8e8f-3e41d26877be_1_2,"Play some rock music, Google.",How about the song Like a Stone by Audioslave?,train
dlg-2d99686f-3e47-47c9-8e8f-3e41d26877be,dlg-2d99686f-3e47-47c9-8e8f-3e41d26877be_3_8,How about something less smooth from the early 90s?,How about the song It's My Life by Bon Jovi? Let me find something for you. How about the song November Rain by Guns N Roses? Here's the song called No Excuses by Alice in Chains.,train
dlg-2daaf0d2-c4ef-4793-a337-7f3e6b931605,dlg-2daaf0d2-c4ef-4793-a337-7f3e6b931605_0_1,Hi. I'd like to hear something by Eminem.,I got the song by Eminem called Lose Yourself.,train
dlg-2daaf0d2-c4ef-4793-a337-7f3e6b931605,dlg-2daaf0d2-c4ef-4793-a337-7f3e6b931605_2_5,I'd like to hear older material from Eminem.,I got it. Here is 'Without me' from the Eminem's show album. Here's Eminem with 'You don't know featuring 50 Cent'.,train
dlg-2dca540c-9a4a-4591-b3a2-379616ba93dd,dlg-2dca540c-9a4a-4591-b3a2-379616ba93dd_1_2,"Hi, could I hear something by Elvis Presley?",Here is Elvis Presley - Jailhouse Rock.,train
dlg-2dca540c-9a4a-4591-b3a2-379616ba93dd,dlg-2dca540c-9a4a-4591-b3a2-379616ba93dd_4_8,Could I hear the same song by a different artist?,Here is The Blues Brothers - Jailhouse Rock. Here is Blues Brothers - Soul Man.,train
dlg-2e11635d-9fe1-4bc9-b79e-c614b09c4236,dlg-2e11635d-9fe1-4bc9-b79e-c614b09c4236_3_6,"George Jones, You Know who he is? He's a singer.",OK. George Jones. Let's see what else I can find that you may not be familiar with. Looks like the artist tracy byrd may be similar/have similar style/might be a close match/etc. Another is brenda lee . Are either of those new to you?,train
dlg-2e11635d-9fe1-4bc9-b79e-c614b09c4236,dlg-2e11635d-9fe1-4bc9-b79e-c614b09c4236_8_24,"Yeah, Brenda Lee. I've never heard of Brenda Lee. Can you play some?","Okay, Let me play you something by the artist Brenda lee. Here is the song called I'm Sorry by the artist Brenda Lee. OK, How about jim reeves? Do you listen to him ever? OK, here's He'll Have To Go by Jim reeves. OK, here's He'll Have To Go by Jim reeves. Here is the song called Am I Losing You by the artist Jim Reeves.",train
dlg-2e3c9ad1-8076-4f99-8a2a-c9c4c3a1ed34,dlg-2e3c9ad1-8076-4f99-8a2a-c9c4c3a1ed34_3_4,I'm interested in hearing a song by David Bowie.,Here is David Bowie - Starman video.,train
dlg-2e3c9ad1-8076-4f99-8a2a-c9c4c3a1ed34,dlg-2e3c9ad1-8076-4f99-8a2a-c9c4c3a1ed34_5_6,Can I listen to a similar artist now?,Here is Johnny Cash - Hurt video.,train
dlg-2e3c9ad1-8076-4f99-8a2a-c9c4c3a1ed34,dlg-2e3c9ad1-8076-4f99-8a2a-c9c4c3a1ed34_7_8,"Assistant, can we have a different song by Johnny Cash maybe something a little more modern more upbeat?",Here is Johnny Cash - God's Gonna Cut You Down video.,train
dlg-2e492d7c-3151-4b9d-aaf5-29a446477749,dlg-2e492d7c-3151-4b9d-aaf5-29a446477749_1_2,Can I get music from Breaking Benjamin?,"Sure, let me find that. This will be just a second. Here is Never Again by Breaking Benjamin.",train
dlg-2e492d7c-3151-4b9d-aaf5-29a446477749,dlg-2e492d7c-3151-4b9d-aaf5-29a446477749_3_4,I don't want Ashes of Eden to be playing right now.,And Here is the another song Ashes of Eden by Breaking Benjamin.,train
dlg-2e492d7c-3151-4b9d-aaf5-29a446477749,dlg-2e492d7c-3151-4b9d-aaf5-29a446477749_5_6,Can you please give me some similar artists like Breaking Benjamin?,"Okay, one second. Here is Blurry by Puddle of Mudd.",train
dlg-2ea00aa9-bb4e-4919-8477-5f7509263aa4,dlg-2ea00aa9-bb4e-4919-8477-5f7509263aa4_0_5,"Hi, I'm looking for some new music to listen to. Jacob Banks.",Have you heard of jp cooper before? Here's the song Closer by JP Cooper.,train
dlg-2ea00aa9-bb4e-4919-8477-5f7509263aa4,dlg-2ea00aa9-bb4e-4919-8477-5f7509263aa4_7_8,That one's blocked by Vevo. Could you try to avoid Vevo best you can? They're usually blocked.,Here's the song Wait by JP Cooper.,train
dlg-2ea00aa9-bb4e-4919-8477-5f7509263aa4,dlg-2ea00aa9-bb4e-4919-8477-5f7509263aa4_9_15,I like that. Can you play another song by JP Cooper?,Here is The Only Reason by JP Cooper. Have you heard of Jessie J before. Have you heard of Jessie J before. How about Jay Sean. Here's the song Do You Remember by Jay Sean featuring Sean Paul and Lil Jon.,train
dlg-2ea00aa9-bb4e-4919-8477-5f7509263aa4,dlg-2ea00aa9-bb4e-4919-8477-5f7509263aa4_16_19,That one's blocked by Vevo.,Here's a song Down by Jay Sean. Here's the song Maybe by Jay Sean.,train
dlg-2edec575-59fd-4006-bf1d-70d7c80757ac,dlg-2edec575-59fd-4006-bf1d-70d7c80757ac_0_1,"Can you play something by Metallica, please?",I certainly will. That's my favorite band.,train
dlg-2edec575-59fd-4006-bf1d-70d7c80757ac,dlg-2edec575-59fd-4006-bf1d-70d7c80757ac_6_9,"Nah, the one that's playing. Play a similar artist.",I will be playing AC DC Highway to Hell.,train
dlg-2f06d783-92c7-4b07-85f9-d9fc76968912,dlg-2f06d783-92c7-4b07-85f9-d9fc76968912_0_1,"Hi. Can you play something by Joyner Lucas, please?",Here is the song I'm Sorry by Joyner Lucas.,validation
dlg-2f06d783-92c7-4b07-85f9-d9fc76968912,dlg-2f06d783-92c7-4b07-85f9-d9fc76968912_2_3,"I like this song a lot. Do you have something that's more up-tempo, please?",Here is the song Ross Capicchioni by Joyner Lucas.,validation
dlg-2f06d783-92c7-4b07-85f9-d9fc76968912,dlg-2f06d783-92c7-4b07-85f9-d9fc76968912_4_7,"I'm not liking this beat. Can you play a low-tempo song by 50 Cent, please? Can you play something upbeat by 50 Cent, please?",Here is the song Up In The Club by 50 Cent.,validation
dlg-2f91af87-100f-42ee-9c79-2cba76c8d5b8,dlg-2f91af87-100f-42ee-9c79-2cba76c8d5b8_4_6,I'm interested in a David Bowie song. Is there something I can find right now?,David Bowie - Let's Dance.,train
dlg-2f91af87-100f-42ee-9c79-2cba76c8d5b8,dlg-2f91af87-100f-42ee-9c79-2cba76c8d5b8_7_14,It's a nice 80's tune by David Bowie. Do you have something a little bit older like the early 1970's? I would be interested in finding an older song by David Bowie. Let's go back to the early 1970's. Can you find something on YouTube for me?,David Bowie - Ziggy Stardust.,train
dlg-2f962028-fdab-4c2c-b8b9-46dbec5d968b,dlg-2f962028-fdab-4c2c-b8b9-46dbec5d968b_1_4,Yeah. Could you play me something by Sting off The Dream of the Blue Turtles soundtrack or album?,How about the song called Fortress Around Your Heart by the artist Sting?,train
dlg-2f962028-fdab-4c2c-b8b9-46dbec5d968b,dlg-2f962028-fdab-4c2c-b8b9-46dbec5d968b_7_10,"Okay, that's a great choice. I love that song. It's one of the best ones off that album. How about switching it up and playing something from The Police. See if you can pick me another good one.",How about the song called Englishman In New York by the artist Sting?,train
dlg-2f962028-fdab-4c2c-b8b9-46dbec5d968b,dlg-2f962028-fdab-4c2c-b8b9-46dbec5d968b_11_14,I was wanting you to play me something by The Police.,How about the song Every Breath You Take? Here is the song called Every Breath You Take by the The police.,train
dlg-2f962028-fdab-4c2c-b8b9-46dbec5d968b,dlg-2f962028-fdab-4c2c-b8b9-46dbec5d968b_15_19,Okay. That's a good choice. I like that song. How about switching it up again and we'll switch to another band member. How about something by Stewart Copeland?,Stewart Copeland. Here is the song Don’t Box Me In by Steward Copeland.,train
dlg-2f9d0c33-dbb0-44d8-873c-02c531cae98b,dlg-2f9d0c33-dbb0-44d8-873c-02c531cae98b_1_2,I want to hear something by August Burns Red.,"Sure, is there something in particular your looking for by August.",train
dlg-2fe27293-0fe4-4ce0-a74e-49a09ba1a8e6,dlg-2fe27293-0fe4-4ce0-a74e-49a09ba1a8e6_0_1,"Hello, can you play something by August Burns Red?",Hi. Here's the song Invisible Enemy by August Burns Red.,train
dlg-2fe27293-0fe4-4ce0-a74e-49a09ba1a8e6,dlg-2fe27293-0fe4-4ce0-a74e-49a09ba1a8e6_3_4,Can you play something older by August Burns Red?,Here's the song Truth of a Liar by August Burns Red.,train
dlg-2fe27293-0fe4-4ce0-a74e-49a09ba1a8e6,dlg-2fe27293-0fe4-4ce0-a74e-49a09ba1a8e6_5_7,"This sounds also really good, too. Can you play Constellations from August Burns Red?",Here's the song Constellations by August Burns Red.,train
dlg-2ff4752e-5f1a-4a60-b978-92d9c94c168c,dlg-2ff4752e-5f1a-4a60-b978-92d9c94c168c_2_3,Hey. Play something by J-Lo.,"Sure, here is the song by J-Lo.",train
dlg-300b8cd6-d683-4493-8a9d-96b4b4ccdbaa,dlg-300b8cd6-d683-4493-8a9d-96b4b4ccdbaa_3_6,Sure. How about some Backstreet Boys?,Have you heard of the band The Corrs? Here's the band The Corrs performing Runaway.,train
dlg-300b8cd6-d683-4493-8a9d-96b4b4ccdbaa,dlg-300b8cd6-d683-4493-8a9d-96b4b4ccdbaa_7_12,It's a surprising choice but I like this song a lot.,"Okay, have you heard of the artist Michael Learns to Rock? Here is Michael Learns to Rock performance Take Me to Your Heart.",train
dlg-300b8cd6-d683-4493-8a9d-96b4b4ccdbaa,dlg-300b8cd6-d683-4493-8a9d-96b4b4ccdbaa_13_16,"It's kind of interesting. A little low energy. Not as much energy as the Backstreet Boys, for example.",Maybe something like 98° is more of what you're looking for. Do you want to hear music from them? Here are 98 degrees performing my everything.,train
dlg-300b8cd6-d683-4493-8a9d-96b4b4ccdbaa,dlg-300b8cd6-d683-4493-8a9d-96b4b4ccdbaa_17_18,"That's a nice song. Also not very upbeat, though.",How about a song from the band NSYNC?,train
dlg-305c89ea-ffda-4072-8be7-7ff79daea740,dlg-305c89ea-ffda-4072-8be7-7ff79daea740_1_3,"Hello, I'd like to hear a song by Bruce Springsteen, please.",Here's the song by Bruce Springsteen.,train
dlg-305c89ea-ffda-4072-8be7-7ff79daea740,dlg-305c89ea-ffda-4072-8be7-7ff79daea740_4_11,I love the precaution in the opening sequence of this song. It really leads the rest of the song through. Could you play me a song of of Bruce Springsteen that was done live?,Bruce Springsteen live. Correct? Here's the song of Bruce Springsteen live. Okay. Here's the song by Bruce Springsteen.,train
dlg-3069de40-3105-41a1-b34f-43eccce8944e,dlg-3069de40-3105-41a1-b34f-43eccce8944e_2_13,Hello. Can you play some music similar to Katy Perry?,(Ke$ha) - Woman. On My Mind - Ellie Goulding. Demi Lovato - Tell Me You Love Me. Only Fooling Myself - Kate Voegele.,train
dlg-30b23104-bf8a-44e8-8b9b-4e2e4a0be209,dlg-30b23104-bf8a-44e8-8b9b-4e2e4a0be209_0_2,"Hi, could I hear something by Elvis Presley?",Here is Can't Help Falling in Love by Elvis Presley.,test
dlg-30b23104-bf8a-44e8-8b9b-4e2e4a0be209,dlg-30b23104-bf8a-44e8-8b9b-4e2e4a0be209_3_5,Can I hear the same song by a different artist?,Here is Suspicious Mind by Elvis Presley.,test
dlg-30b23104-bf8a-44e8-8b9b-4e2e4a0be209,dlg-30b23104-bf8a-44e8-8b9b-4e2e4a0be209_7_9,"Can I get some new material, please?",Here is Always On My Mind by Elvis Presley.,test
dlg-30b8a23e-6ad9-4ec2-b4bd-2154bb96a5ee,dlg-30b8a23e-6ad9-4ec2-b4bd-2154bb96a5ee_0_9,"I'm trying to find new study music. Do you think you could help me? Well, I'm a big fan of The Piano Guys, so I was thinking maybe somebody like them.",The Piano guys? How about Yanni? Heres Yanni - The Rain Must Fall.,train
dlg-30b8a23e-6ad9-4ec2-b4bd-2154bb96a5ee,dlg-30b8a23e-6ad9-4ec2-b4bd-2154bb96a5ee_10_12,Can I listen to a song of his that's not recorded live in front of an audience?,"Sure, here's Yanni - 1001. The cover art looks like an axe spray bottle.",train
dlg-30b8a23e-6ad9-4ec2-b4bd-2154bb96a5ee,dlg-30b8a23e-6ad9-4ec2-b4bd-2154bb96a5ee_13_19,"Yeah, I don't think I'm super fond of this guy. Is there somebody who's a little bit more mellow I guess?",Helen Jane Long. William Joseph. Heres William Joseph - Piano Fantasy. Heres William Joseph - Radioactive.,train
dlg-30f4c2a8-9301-4f47-b2ce-6932e0f38254,dlg-30f4c2a8-9301-4f47-b2ce-6932e0f38254_2_4,I'd like to listen to some music by Linkin Park.,Here is Linkin Park - Numb Lyrics.,train
dlg-30f4c2a8-9301-4f47-b2ce-6932e0f38254,dlg-30f4c2a8-9301-4f47-b2ce-6932e0f38254_6_8,Older material.,"Okay, let me find something older for you. Here is Linkin Park - Papercut.",train
dlg-315b6b06-5ba9-4760-a7e7-b3b9542de145,dlg-315b6b06-5ba9-4760-a7e7-b3b9542de145_3_11,Lincoln Park.,OK. Lincoln Park. Let's see what else I can find that you may not be familiar with. Have you heard of the group called Breaking Benjamin? The Diary of Jane by Breaking Benjamin. I Will Not Bow by Breaking Benjamin.,train
dlg-315b6b06-5ba9-4760-a7e7-b3b9542de145,dlg-315b6b06-5ba9-4760-a7e7-b3b9542de145_12_19,This song is good as well.,Have you heard of a group called Hollywood Undead? California Dreaming by Hollywood Undead. Everywhere I Go by Hollywood Undead.,train
dlg-315f7b43-fd08-4235-a891-3948e7fc3dcb,dlg-315f7b43-fd08-4235-a891-3948e7fc3dcb_0_2,"Hi, can I hear something by Sara Bareilles?",Here is Brave - Sara Bareilles.,validation
dlg-315f7b43-fd08-4235-a891-3948e7fc3dcb,dlg-315f7b43-fd08-4235-a891-3948e7fc3dcb_3_4,"Okay, I like that, but I really like Sara's earlier stuff the best. Can I hear one of her earlier songs?",Here is Sara Bareilles Love Song.,validation
dlg-315f7b43-fd08-4235-a891-3948e7fc3dcb,dlg-315f7b43-fd08-4235-a891-3948e7fc3dcb_5_8,Thank you so much. Could I hear a song that would be sort of similar to one that Sara would make but by a different artist?,Here is Mike Posner - Cooler than me. Here is Fighter-Christina Aguilera.,validation
dlg-3178ab26-d4bd-43a2-b93e-a04add8cc112,dlg-3178ab26-d4bd-43a2-b93e-a04add8cc112_0_7,"Hi. Can you play new rap music for me, please? Can you get me, Wale or Joyner Lucas?","Okay Wale, let's see what else I can find that you may not be too familiar with. Have you ever heard of Jay Electronica? Here is better in tune with the infinite by Jay Electronica.",validation
dlg-3178ab26-d4bd-43a2-b93e-a04add8cc112,dlg-3178ab26-d4bd-43a2-b93e-a04add8cc112_8_12,"Can you play a different video, please, because this one's blocked?","Sure thing, here is Jay Electronica Eternal Sunshine.",validation
dlg-318996c1-4437-433c-8464-a602014829ba,dlg-318996c1-4437-433c-8464-a602014829ba_0_1,Can you play some Third Eye Blind?,Here's how's it going to be by Third Eye Blind.,train
dlg-318996c1-4437-433c-8464-a602014829ba,dlg-318996c1-4437-433c-8464-a602014829ba_2_3,Love this. This is so good. Can you play another track by Third Eye Blind?,"Sure thing, Here is Deep inside of you by Third Eye Blind.",train
dlg-318996c1-4437-433c-8464-a602014829ba,dlg-318996c1-4437-433c-8464-a602014829ba_4_5,Yes. This is so good. Play something hard by Third Eye Blind.,Here is semi-charmed by Third Eye Blind.,train
dlg-31959ac0-c4d2-482f-9337-8982ca8b4543,dlg-31959ac0-c4d2-482f-9337-8982ca8b4543_1_4,Hi. Can I hear something by Adam Tell?,"Adam Tell, as in t e l l? Adam Tell - Foreground.",train
dlg-31959ac0-c4d2-482f-9337-8982ca8b4543,dlg-31959ac0-c4d2-482f-9337-8982ca8b4543_6_9,"I like that song, but can you please play something faster?",Here's the song by Adam Tell.,train
dlg-31959ac0-c4d2-482f-9337-8982ca8b4543,dlg-31959ac0-c4d2-482f-9337-8982ca8b4543_10_14,Can you play a different song by Adam Tell?,Adam Tell - Fiction In The Fire. Chime & Adam Tell - Whole (Rob Gasser Remix).,train
dlg-31b577d7-b5da-45c5-a377-9593f2302374,dlg-31b577d7-b5da-45c5-a377-9593f2302374_2_3,Hi. Can you play me a song by Johnny Cash?,Johnny Cash - I Walk The Line.,train
dlg-31b577d7-b5da-45c5-a377-9593f2302374,dlg-31b577d7-b5da-45c5-a377-9593f2302374_4_7,Can you play one of his slower songs?,Johnny Cash - Cocaine Blues. Cry Cry Cry by Johnny Cash.,train
dlg-31fbc50e-d7ac-446a-89cb-6f6a7d6a861a,dlg-31fbc50e-d7ac-446a-89cb-6f6a7d6a861a_0_5,"Hi, I want to listen to something by System of a Down.",Here is System Of A Down - Toxicity. Here is Tool - Opiate.,train
dlg-31fbc50e-d7ac-446a-89cb-6f6a7d6a861a,dlg-31fbc50e-d7ac-446a-89cb-6f6a7d6a861a_6_7,All right. This isn't really what I want to listen to. Can I hear a similar song by a different artist?,Here is A Maddel - Gamer.,train
dlg-3258e5ea-dcf8-450e-ac32-acbdce153a0d,dlg-3258e5ea-dcf8-450e-ac32-acbdce153a0d_2_3,How about some Rolling Stones?,Here is Paint It Black by The Rolling Stones.,test
dlg-3258e5ea-dcf8-450e-ac32-acbdce153a0d,dlg-3258e5ea-dcf8-450e-ac32-acbdce153a0d_4_7,"Okay, could you play me a different song still by The Rolling Stones, please?",Here is Symphony for the Devil by The Rolling Stones. Here is Motorhead playing Symphony for the devil.,test
dlg-325e6b6f-5438-44b7-ace3-7d0a3c69a6da,dlg-325e6b6f-5438-44b7-ace3-7d0a3c69a6da_1_4,"I want to listen to some music, hip hop. No particular artist, just let me hear hip hop.",Eminem - River ft. Ed Sheeran.,train
dlg-325e6b6f-5438-44b7-ace3-7d0a3c69a6da,dlg-325e6b6f-5438-44b7-ace3-7d0a3c69a6da_5_6,How about some Eminem?,"Okay, smooth jazz coming up.",train
dlg-325e6b6f-5438-44b7-ace3-7d0a3c69a6da,dlg-325e6b6f-5438-44b7-ace3-7d0a3c69a6da_7_8,"Can you play some Jazz, nice smooth jazz?","Take Five (Take Another Five) | GROVER WASHINGTON, JR.",train
dlg-325e6b6f-5438-44b7-ace3-7d0a3c69a6da,dlg-325e6b6f-5438-44b7-ace3-7d0a3c69a6da_11_13,"A rock kind of a jazz, with a little bit of rock in it.",Chicago - 25 Or 6 To 4.,train
dlg-329ade35-1357-4b29-929f-411d5a17fdb9,dlg-329ade35-1357-4b29-929f-411d5a17fdb9_1_2,"Hi. Can you play music by Joyner Lucas, please?",Joyner Lucas - Bank Account (Remix) is playing now.,train
dlg-329ade35-1357-4b29-929f-411d5a17fdb9,dlg-329ade35-1357-4b29-929f-411d5a17fdb9_3_4,"This song is cool. Can you play something from Joyner Lucas that's his own song, please?","Of course. Joyner Lucas - I'm Not Racist. Statik Selektah ""Don't Run"" feat. Joyner Lucas (Official Audio).",train
dlg-32a71684-8dc3-41b1-9fbb-b1d7a4e0074c,dlg-32a71684-8dc3-41b1-9fbb-b1d7a4e0074c_0_12,Hello. I'd like some help finding some new music to listen to. Justin Bieber.,Have you ever listened to The Eagles? What about Toto? What about Steve miller band? What about the Beatles? Here's Steve Miller Band - Fly Like An Eagle.,train
dlg-32a71684-8dc3-41b1-9fbb-b1d7a4e0074c,dlg-32a71684-8dc3-41b1-9fbb-b1d7a4e0074c_13_16,That was pretty interesting. Do you have something else by them?,Here's the song by Steve Miller.,train
dlg-32a71684-8dc3-41b1-9fbb-b1d7a4e0074c,dlg-32a71684-8dc3-41b1-9fbb-b1d7a4e0074c_17_23,"Yeah, I like that a lot. It kind of grabs you right from the beginning. Oh, okay. Jason Aldean, please.",How about Gary Allan? Here's Gary Allan - It Ain't The Whiskey.,train
dlg-32a71684-8dc3-41b1-9fbb-b1d7a4e0074c,dlg-32a71684-8dc3-41b1-9fbb-b1d7a4e0074c_26_27,I'd like to hear something else by Gary Allen.,Here's Gary Allan - Right Where I Need To Be.,train
dlg-32e17974-dba6-4390-8934-2b9c912a1d9a,dlg-32e17974-dba6-4390-8934-2b9c912a1d9a_0_3,Can I listen to David Bowie ? Hi. Can I listen to Giverny album?,Here's the song from Giverny album.,train
dlg-32f8e108-82cd-4fbe-9d2c-14b57c774fa0,dlg-32f8e108-82cd-4fbe-9d2c-14b57c774fa0_1_2,Hello. Can you play Invisible Enemy by August Burns Red?,August Burns Red by Invisible Enemy.,train
dlg-32f8e108-82cd-4fbe-9d2c-14b57c774fa0,dlg-32f8e108-82cd-4fbe-9d2c-14b57c774fa0_3_5,Can you play something older?,Speech Impediment by August Burns Red.,train
dlg-32f8e108-82cd-4fbe-9d2c-14b57c774fa0,dlg-32f8e108-82cd-4fbe-9d2c-14b57c774fa0_6_7,I don't really want to listen to this. Can you play something different by August Burns Red?,Okay. The Wake by August Burns Red.,train
dlg-3342523e-809c-444d-9f2d-b2dcde00c3b9,dlg-3342523e-809c-444d-9f2d-b2dcde00c3b9_1_6,Hello I would like to hear some music by Bruno Mars.,"Perfect, here is Bruno Mars performing what I like? Here is Grenade, by Bruno Mars.",train
dlg-3342523e-809c-444d-9f2d-b2dcde00c3b9,dlg-3342523e-809c-444d-9f2d-b2dcde00c3b9_9_10,I don't really like what's playing. Could I hear the same song by a different artist?,Here is Boyce avenue performing an acoustic version of Bruno Mars's Grenade.,train
dlg-33b8a909-0edd-463c-b50c-9b931f072db9,dlg-33b8a909-0edd-463c-b50c-9b931f072db9_1_3,"Hi. Today, I need help in finding music to listen. I'm looking for a Rage Against the Machine song. It's called Sleep Now in the Fire.",Here is Rage Against the Machine sleep now in the fire.,validation
dlg-33b8a909-0edd-463c-b50c-9b931f072db9,dlg-33b8a909-0edd-463c-b50c-9b931f072db9_5_7,"It's one of their heavy ones. I think that's off their last album that they made. Now, I'd like to listen to a song by Rage Against the Machine but an older track. I'm looking for Bulls on Parade.","Okay, here is Bulls on Parade by Rage Against the Machine.",validation
dlg-33b8a909-0edd-463c-b50c-9b931f072db9,dlg-33b8a909-0edd-463c-b50c-9b931f072db9_8_13,"Oh, now it's saying that the video is blocked from Vevo, but that's okay. Actually, I'd like to look into a song by Stone Sour. This one's pretty good quality. Now, I'd like to look into a song by the band Stone Sour. I'm looking into the song Cold Reader.",Here is the song Cold Reader.,validation
dlg-33c46192-1d17-4dc2-8519-8eb34d64d14a,dlg-33c46192-1d17-4dc2-8519-8eb34d64d14a_0_3,"Hi. Today, I need some help finding music to listen to. Right now, I'm looking for a song by Yung Lean. It's called Hurt.","Hear is Yung lean with hurt,  Sent a video to the user.",train
dlg-33c46192-1d17-4dc2-8519-8eb34d64d14a,dlg-33c46192-1d17-4dc2-8519-8eb34d64d14a_4_7,"This video is pretty cool and funny ,Waving Nintendo 64 games. Now I'd like to hear another song by Yung Lean. It's called Lightsaber.",Lightsaber? You got it. Here is young lean with lightsaber.,train
dlg-33c46192-1d17-4dc2-8519-8eb34d64d14a,dlg-33c46192-1d17-4dc2-8519-8eb34d64d14a_8_12,Nice. Now I'd like to hear a newer song by Yung Lean called Kyoto. k y o t o,Here is Yung lean with Kyoto.,train
dlg-33c89625-9f6b-4310-9302-8e9c573179a0,dlg-33c89625-9f6b-4310-9302-8e9c573179a0_1_3,Can you play me a song by Madelyn Bailey?,"""Rude"" by Madelyn Bailey.",validation
dlg-33c89625-9f6b-4310-9302-8e9c573179a0,dlg-33c89625-9f6b-4310-9302-8e9c573179a0_4_5,Do you think you could play one of her more recent songs?,Yeah. Wiser by Madelyn Bailey.,validation
dlg-33c89625-9f6b-4310-9302-8e9c573179a0,dlg-33c89625-9f6b-4310-9302-8e9c573179a0_6_9,Can you play a fast song by her?,Heart Attack by Madelyn Bailey.,validation
dlg-34220b41-7bd6-4de4-a878-833477c54f94,dlg-34220b41-7bd6-4de4-a878-833477c54f94_2_8,"Hello, Could you play me some older U2? Yes. Can you play me some older U2?",Here is With or Without You by U2.,test
dlg-34220b41-7bd6-4de4-a878-833477c54f94,dlg-34220b41-7bd6-4de4-a878-833477c54f94_9_12,"Yeah, That's pretty good. I like that. But how about something else off the same album?",Here is where the streets have no name by U2.,test
dlg-34220b41-7bd6-4de4-a878-833477c54f94,dlg-34220b41-7bd6-4de4-a878-833477c54f94_13_18,It wasn't quite my favorite song off that album but close. How about some new U2?,Here's you're the best thing about me by U2.,test
dlg-3459bc0f-6d30-4452-9854-57ac45759fee,dlg-3459bc0f-6d30-4452-9854-57ac45759fee_2_3,I want to listen to some reggae music.,I think you said reggae music.,test
dlg-3459bc0f-6d30-4452-9854-57ac45759fee,dlg-3459bc0f-6d30-4452-9854-57ac45759fee_6_7,Okay. How about something a little older from Bob Marley?,Here is the video of Bob Marley.,test
dlg-3459bc0f-6d30-4452-9854-57ac45759fee,dlg-3459bc0f-6d30-4452-9854-57ac45759fee_8_12,Okay. How about something that's not so overproduced? How about something that sounds less electronic?,Here is the video of less electronic.,test
dlg-346483d9-5a8c-42fd-872b-24f848654ad4,dlg-346483d9-5a8c-42fd-872b-24f848654ad4_1_4,"Hi, I was hoping you could play me some music by Bob Dylan. Some of his older music.",How about the song called Tangled Up In Blue by Bob Dylan?,train
dlg-346483d9-5a8c-42fd-872b-24f848654ad4,dlg-346483d9-5a8c-42fd-872b-24f848654ad4_11_12,"No, but that's all right. I think I've heard that before. Can you play something newer by him? Maybe in the last 10 years or so.",Here is the song called A Hard Rain's A-Gonna Fall by Bob Dylan.,train
dlg-346483d9-5a8c-42fd-872b-24f848654ad4,dlg-346483d9-5a8c-42fd-872b-24f848654ad4_13_16,"Alright, can you play Jimmy Fallon doing a spoof of Bob Dylan music?","Here is the clip of Jimmy Fallon as Bruce Springsteen, Bob Dylan and Neil Young.",train
dlg-3479151b-178f-4a17-a3d5-59b6db646c44,dlg-3479151b-178f-4a17-a3d5-59b6db646c44_1_2,I'd like to hear Lil Wayne.,"Lil Wayne - Love Me (Explicit) ft. Drake, Future.",train
dlg-3479151b-178f-4a17-a3d5-59b6db646c44,dlg-3479151b-178f-4a17-a3d5-59b6db646c44_3_4,Spell of me Wayne listed Saints. I'd like to hear something from No Ceilings.,Lil Wayne - Ice Cream Paint Job.,train
dlg-3479151b-178f-4a17-a3d5-59b6db646c44,dlg-3479151b-178f-4a17-a3d5-59b6db646c44_5_7,I don't like this song. I would like to hear Swag Surfin.,Lil Wayne - Swag Surf.,train
dlg-349cbd06-f539-45f6-9e9d-0c2e8ab255df,dlg-349cbd06-f539-45f6-9e9d-0c2e8ab255df_2_8,"Hi, I'd like to hear some music by Barry Manilow. I just love him and he's like a real old timer.",How about the song Copacabana by Barry Manilow?,test
dlg-349cbd06-f539-45f6-9e9d-0c2e8ab255df,dlg-349cbd06-f539-45f6-9e9d-0c2e8ab255df_9_10,I love it. That would be great.,Here is the song Copacabana by Barry Manilow.,test
dlg-349cbd06-f539-45f6-9e9d-0c2e8ab255df,dlg-349cbd06-f539-45f6-9e9d-0c2e8ab255df_11_18,Could I hear another song similar to this one? Something upbeat and fun?,Have you heard the song Shadow Dancing by the artist Andy Gibb? Here's the song Shadow Dancing by Andy Gibb.,test
dlg-349cbd06-f539-45f6-9e9d-0c2e8ab255df,dlg-349cbd06-f539-45f6-9e9d-0c2e8ab255df_21_26,You made a really good choice. Can I hear something similar?,How about a song by the Band Abba? Here's the song Dancing Queen by Abba.,test
dlg-349e5572-750b-479b-b72e-d8fdd6dbcec9,dlg-349e5572-750b-479b-b72e-d8fdd6dbcec9_3_4,Can you play something by Helen Reddy?,How about the song I Am Woman by Helen Reddy?,train
dlg-349e5572-750b-479b-b72e-d8fdd6dbcec9,dlg-349e5572-750b-479b-b72e-d8fdd6dbcec9_6_10,"Yeah, it's a really catchy, interesting song. It's really cool. Can you find something from later in her career?","Have you heard the song Somewhere In The Night. Okay, here's the song Somewhere In The Night by Helen Reddy.",train
dlg-349e5572-750b-479b-b72e-d8fdd6dbcec9,dlg-349e5572-750b-479b-b72e-d8fdd6dbcec9_11_18,"Yeah, it's That's really good, too. Can you find something by Helen Reddy? She did like a duet with someone. I am woman.",Here is a duet song If not for you. By Helen Reddy and Bobby Darin.,train
dlg-34df3f9e-841a-4431-88a9-42d730ff16ca,dlg-34df3f9e-841a-4431-88a9-42d730ff16ca_0_2,I'd like to hear some music by Katy Perry.,"Here is Teenage, Dream Katy Perry by Raychill.",train
dlg-34df3f9e-841a-4431-88a9-42d730ff16ca,dlg-34df3f9e-841a-4431-88a9-42d730ff16ca_3_5,I like this song. Show me older material.,"Here is Katy Perry, I Kissed A Girl by Gemmapurry.",train
dlg-34df3f9e-841a-4431-88a9-42d730ff16ca,dlg-34df3f9e-841a-4431-88a9-42d730ff16ca_6_7,"This song is good, as well. Show me newer material.","Here is Katy Perry, Dark Horse by Luise Marburger.",train
dlg-34df3f9e-841a-4431-88a9-42d730ff16ca,dlg-34df3f9e-841a-4431-88a9-42d730ff16ca_8_9,This is a good song. Show me music from a different album.,Here is Katy Perry - E.T. by Bdeis Voices of Soul.,train
dlg-34ec6fe7-8f7f-40a6-9f24-1dc29881e07a,dlg-34ec6fe7-8f7f-40a6-9f24-1dc29881e07a_0_1,Hi. I would like to hear something by Katy Perry.,Here's the song Will You Be My Witness by Katy Perry.,train
dlg-34ec6fe7-8f7f-40a6-9f24-1dc29881e07a,dlg-34ec6fe7-8f7f-40a6-9f24-1dc29881e07a_2_3,"Can you change the song, please, by Katy Perry?",Who's the Song Swish featuring Nicki Minaj by Katy Perry.,train
dlg-34ec6fe7-8f7f-40a6-9f24-1dc29881e07a,dlg-34ec6fe7-8f7f-40a6-9f24-1dc29881e07a_4_6,I like the opening vocals of this song. Now can you change it to a different song by the similar artist?,Here's the song Love Me Like You Do by Ellie Goulding.,train
dlg-34ec6fe7-8f7f-40a6-9f24-1dc29881e07a,dlg-34ec6fe7-8f7f-40a6-9f24-1dc29881e07a_7_8,I like this song. Can I hear a darker pop song now? Can I hear a song by Pink?,Here's the song What About Us by Pink.,train
dlg-3532caba-6a18-45ba-8c4b-0baf44f90259,dlg-3532caba-6a18-45ba-8c4b-0baf44f90259_0_3,Hi Assistant. Could you help me to find some pop music on YouTube?,How about Rihanna? Here's Rihanna - Work (Explicit) ft. Drake.,train
dlg-3532caba-6a18-45ba-8c4b-0baf44f90259,dlg-3532caba-6a18-45ba-8c4b-0baf44f90259_4_5,Okay. Very good. How about another pop song but this time something from a group not just a single artist?,Sure. Here's Mr Telephone Man - New Edition.,train
dlg-353d2925-0097-4214-9e35-a6d9c5d8d241,dlg-353d2925-0097-4214-9e35-a6d9c5d8d241_1_7,"Hi, I'm looking for music to listen to. Can you help me find Sia on Letterman?",Sia on letterman you said? Sia - Soon We'll Be Found LIVE on David Letterman 11-13-08. Sia - Santa's Coming For Us.,train
dlg-353d2925-0097-4214-9e35-a6d9c5d8d241,dlg-353d2925-0097-4214-9e35-a6d9c5d8d241_8_11,"Okay, now can you lastly play something from Sia, a live performance by Sia? Like in-studio or something. Not like the Letterman thing where she has a full band necessarily.",Sia - Chandelier (Live on SNL).,train
dlg-353d2925-0097-4214-9e35-a6d9c5d8d241,dlg-353d2925-0097-4214-9e35-a6d9c5d8d241_12_15,"That one is Vevo, so it's blocked. Can you find something not hosted by Vevo? Or content from Vevo.",Sia | Live in Sydney | Full Concert.,train
dlg-353d9060-ec0b-4d1a-b44f-f7343e92cc3d,dlg-353d9060-ec0b-4d1a-b44f-f7343e92cc3d_2_6,Hello. Can you play something by Slayer.,"Okay, I got it for you. Here is Raining Blood by Slayer. Go through with that.",train
dlg-353d9060-ec0b-4d1a-b44f-f7343e92cc3d,dlg-353d9060-ec0b-4d1a-b44f-f7343e92cc3d_9_11,Play some older material instead of this one.,"Okay, Looking for an older material. I got something for you. Here is Seasons In The Abyss by Slayer.",train
dlg-353d9060-ec0b-4d1a-b44f-f7343e92cc3d,dlg-353d9060-ec0b-4d1a-b44f-f7343e92cc3d_13_16,"No, I don't like this. Play the same one but from a different artist.","Oh! I'm sorry, you don't like it. Wait, let me find the same song by someone else. I got it. Here is Slayer- Seasons in the Abyss cover.",train
dlg-3542a494-9ecd-4c64-aab5-8bdcf2e4c90d,dlg-3542a494-9ecd-4c64-aab5-8bdcf2e4c90d_2_6,"Hello, I'd like to hear some music by Michael Buble.","Michael Buble, let me find you something by him that you may like? Here is the song called Feeling Good by Michael Buble.",train
dlg-3542a494-9ecd-4c64-aab5-8bdcf2e4c90d,dlg-3542a494-9ecd-4c64-aab5-8bdcf2e4c90d_8_11,Could I hear a different song by Michael Buble?,Here is the song called Haven't Met You Yet by the artist Michael Buble.,train
dlg-3542a494-9ecd-4c64-aab5-8bdcf2e4c90d,dlg-3542a494-9ecd-4c64-aab5-8bdcf2e4c90d_13_16,I don't really like this song playing. Could I hear a different song by Michael Buble?,Here is the song called Always On My Mind by Michael Buble.,train
dlg-3560ac38-931b-4cb2-96a2-1b8f051ffaad,dlg-3560ac38-931b-4cb2-96a2-1b8f051ffaad_0_6,I'd like to hear some music by Taylor Swift.,Here's You Belong With Me by Taylor Swift. Hold on One moment. Here's the song Love Story by Taylor Swift. Here's the song Love Story by Taylor Swift. Here's the song look what you made me do by Taylor Swift.,train
dlg-35ab2f5c-910b-4c9d-b402-24e07a550a6d,dlg-35ab2f5c-910b-4c9d-b402-24e07a550a6d_0_6,Could you play me a song by Fifth Harmony? Play me a song by Fifth Harmony.,"How about the song All In My Head? Here is the song, All In My Head by Fifth Harmony.",train
dlg-35ab2f5c-910b-4c9d-b402-24e07a550a6d,dlg-35ab2f5c-910b-4c9d-b402-24e07a550a6d_7_8,"Oh, yeah. That's perfect. Let's switch it up. Play me something from their newest album. I think their newest album is called Fifth Harmony. Wait, play me Angel by Fifth Harmony.",Here's the song Angel by Fifth Harmony.,train
dlg-35ed9e86-3926-490c-9fc6-7667037aac12,dlg-35ed9e86-3926-490c-9fc6-7667037aac12_4_6,"Time After Time. That's one of my favorites. Can I hear something from a different album, same artist?","Here is the song, Go through with that.",train
dlg-35ed9e86-3926-490c-9fc6-7667037aac12,dlg-35ed9e86-3926-490c-9fc6-7667037aac12_7_13,Great. Not playing. It's like I get fuzzy because it's pulling it from YouTube. It's not playing right. Hey. Can I get something with newer material?,"Here is the song, Go through with this.",train
dlg-35eff0a7-8aa7-4bb4-a8ac-6b6bb3fa7392,dlg-35eff0a7-8aa7-4bb4-a8ac-6b6bb3fa7392_0_1,Can you play something by Fiona Apple?,Here's the song Criminal by Fiona Apple.,train
dlg-35eff0a7-8aa7-4bb4-a8ac-6b6bb3fa7392,dlg-35eff0a7-8aa7-4bb4-a8ac-6b6bb3fa7392_2_3,"That's really cool. I really like the bass line in that, you know? I'm wondering if you could play, Like did she ever do a cover of a song?",Here's the song Jolene from Fiona Apple the song was originally written and performed by Dolly Parton.,train
dlg-35eff0a7-8aa7-4bb4-a8ac-6b6bb3fa7392,dlg-35eff0a7-8aa7-4bb4-a8ac-6b6bb3fa7392_4_5,"A super cool vibe. I really like I don't know if that's a bootleg, But I really do like those bootleg recordings. They're really cool, Especially with like, With all of the audience ambiance in there. Those are really cool. I'm wondering if you could play something off her latest album.",One sec. Here's the song every single night by Fiona Apple from her latest album. Bye.,train
dlg-360c2b99-a078-4093-a138-338fc3d4f0dc,dlg-360c2b99-a078-4093-a138-338fc3d4f0dc_1_10,I'd like to listen to music from Linkin Park.,"Sure. Let me find you a song by them. Here is heavy by linkin park. Here is heavy by linkin park. No problem. Hold on just a second. Here is Numb by linkin park. Here is NUmb by linkin park. Okay, Let me see if that is out there. Here is a numb cover by empires fade. Here is a numb cover by empires fade.",test
dlg-361dd07a-6a06-4f19-84a9-2dbb2b2e481c,dlg-361dd07a-6a06-4f19-84a9-2dbb2b2e481c_1_17,"Hi, I'd like you to help me find new music to listen to, please. Joyner Lucas.",Have you heard of the artist Skeme? Here is your song. Red Coupe ft. London Jae by Skeme. Do you like to hear another artist similar to him? Have you heard the artist named Designer? Here is your song. Outlet by Designer.,train
dlg-365be3a9-36f4-403b-8a12-f29e2c54dbf8,dlg-365be3a9-36f4-403b-8a12-f29e2c54dbf8_1_4,"Hey, I want to get something by Paul Chambers. Can you find that, some music?","Here is the Bass on Top by Paul Chambers. Here is your song, When We Were One by Johnny Griffin.",train
dlg-365be3a9-36f4-403b-8a12-f29e2c54dbf8,dlg-365be3a9-36f4-403b-8a12-f29e2c54dbf8_5_6,"Yeah, that's nice. Can you find something like kind of again by like a different musician?",Here is your song. Cool Struttin' by Sonny Clark.,train
dlg-36a73d8f-8051-4f0a-b11d-2126c620f610,dlg-36a73d8f-8051-4f0a-b11d-2126c620f610_2_4,Hi. I'm looking to find some new music.,"Okay, let's look for something based on your favorite artists.",train
dlg-36a73d8f-8051-4f0a-b11d-2126c620f610,dlg-36a73d8f-8051-4f0a-b11d-2126c620f610_5_9,I really like the artist Flume. F l u m e.,Have you heard of Major Lazer? Here's Major Lazer - Light It Up.,train
dlg-36a73d8f-8051-4f0a-b11d-2126c620f610,dlg-36a73d8f-8051-4f0a-b11d-2126c620f610_10_12,"Okay, this sounds pretty cool. Do you have another song by them?",Here's Major Lazer & DJ snake Lean on.,train
dlg-36a73d8f-8051-4f0a-b11d-2126c620f610,dlg-36a73d8f-8051-4f0a-b11d-2126c620f610_13_17,"Okay, this one sounds really good. Could you play me something similar to Kendrick Lamar now?",Have u heard of G-Eazy? Here's G-Eazy ft. Cardi B-No Limit.,train
dlg-36a73d8f-8051-4f0a-b11d-2126c620f610,dlg-36a73d8f-8051-4f0a-b11d-2126c620f610_18_19,This link isn't working.,Here's another link for G-Eazy ft. Cardi B-No Limit.,train
dlg-36a73d8f-8051-4f0a-b11d-2126c620f610,dlg-36a73d8f-8051-4f0a-b11d-2126c620f610_20_22,"Yeah, this song sounds awesome. Can you send me another one by him?","Here's G-Eazy x Bebe Rexha - Me, Myself & I.",train
dlg-36b7d6ce-96d3-443f-98ad-c1c1351b7ed4,dlg-36b7d6ce-96d3-443f-98ad-c1c1351b7ed4_1_4,"Hello, I'm looking to hear some new music. I really like Michael Bublé and I'd like to hear something new.",Sure. Have you heard of Dean Martin? Here is your song. Dean Martin - That's Amore.,train
dlg-36b7d6ce-96d3-443f-98ad-c1c1351b7ed4,dlg-36b7d6ce-96d3-443f-98ad-c1c1351b7ed4_6_11,"Oh, a very nice song. I would like to hear another new song that I've never heard before, I need a new artist song. I guess similar to Michael Bublé.",Have you heard of Jamie Cullum? Here is your song. Jamie Cullum - Pure Imagination.,train
dlg-36bd63ac-6526-4517-976d-498cfaf67380,dlg-36bd63ac-6526-4517-976d-498cfaf67380_0_6,"Hi, I'd like to hear some music by Bruno Mars.",Have you heard of the artist called Train? Here's Play That Song by Train.,train
dlg-36bd63ac-6526-4517-976d-498cfaf67380,dlg-36bd63ac-6526-4517-976d-498cfaf67380_8_10,"Oh, that one's not playing. Can I hear something else?",Here's Drops of Jupiter by Train.,train
dlg-36bd63ac-6526-4517-976d-498cfaf67380,dlg-36bd63ac-6526-4517-976d-498cfaf67380_12_17,"All right, that's cool.",Have you heard of artist Jason Mraz? Here's I'm Yours by Jason Mraz.,train
dlg-36bd63ac-6526-4517-976d-498cfaf67380,dlg-36bd63ac-6526-4517-976d-498cfaf67380_19_22,This is a great song. Any other songs you could play for me like this?,"Sure, have you heard of a group called Magic? Here's Rude by Magic.",train
dlg-36d8c822-c5ac-4f5e-b47c-c31cba45f296,dlg-36d8c822-c5ac-4f5e-b47c-c31cba45f296_4_5,Something by Led Zeppelin.,Kashmir-Led Zeppelin.,train
dlg-36d8c822-c5ac-4f5e-b47c-c31cba45f296,dlg-36d8c822-c5ac-4f5e-b47c-c31cba45f296_6_7,Can I hear something from Houses of the Holy?,Here are Dancing Days.,train
dlg-36d8c822-c5ac-4f5e-b47c-c31cba45f296,dlg-36d8c822-c5ac-4f5e-b47c-c31cba45f296_8_11,"No, I don't like that one. I want to hear D'yer Maker.",D'yer Mak'er - Led Zeppelin.,train
dlg-36e0976e-16c4-4702-bd55-57b5f964ef6c,dlg-36e0976e-16c4-4702-bd55-57b5f964ef6c_1_2,Hello. Can you play some music by August Burns Red?,"Okay, here is your song: August Burns Red - Invisible Enemy.",train
dlg-36e0976e-16c4-4702-bd55-57b5f964ef6c,dlg-36e0976e-16c4-4702-bd55-57b5f964ef6c_3_4,Okay. Can you play some like older August Burns Red right now for me?,Of course! Here you go: August Burns Red - Thirty And Seven.,train
dlg-36e0976e-16c4-4702-bd55-57b5f964ef6c,dlg-36e0976e-16c4-4702-bd55-57b5f964ef6c_5_6,"This is pretty good. Okay and then, can you play something from their Messengers album?","Sure, August Burns Red - The Balance.",train
dlg-371de0c3-a08e-469c-968e-417de90559ab,dlg-371de0c3-a08e-469c-968e-417de90559ab_1_4,I'm having a party and I want to listen to music by the band Little Mix.,Here is Oops featuring Charlie Puth by Little Mix.,train
dlg-371de0c3-a08e-469c-968e-417de90559ab,dlg-371de0c3-a08e-469c-968e-417de90559ab_5_9,"Okay. Yeah, I like that song. Now, can you play me maybe something from a different album from theirs?",Here is always be together by Little Mix.,train
dlg-379f0436-ad37-45a4-bde2-1fadcf27ab92,dlg-379f0436-ad37-45a4-bde2-1fadcf27ab92_0_10,Hi. I'm looking for some new music to listen to. How about something like Porter Robinson?,"Have you heard of Skrillex. How about Zedd? Here's Zedd, Liam Payne - Get Low. Heres Zedd - Stay The Night ft. Hayley Williams.",train
dlg-379f0436-ad37-45a4-bde2-1fadcf27ab92,dlg-379f0436-ad37-45a4-bde2-1fadcf27ab92_11_16,This is cool. Can we get something that sounds like Kendrick Lamar now?,"Yes, Definitely. Have you heard of Joey Badass. Here's Joey Badass - ""Christ Conscious"". Here's Joey Badass - Waves.",train
dlg-379f0436-ad37-45a4-bde2-1fadcf27ab92,dlg-379f0436-ad37-45a4-bde2-1fadcf27ab92_17_22,This is awesome. Thanks for the suggestions.,Have you listened to Dom Kennedy. Here is Dom Kennedy 1997.,train
dlg-379f0436-ad37-45a4-bde2-1fadcf27ab92,dlg-379f0436-ad37-45a4-bde2-1fadcf27ab92_23_24,This is dope.,Here's Dom Kennedy Locals Only.,train
dlg-380c6b71-d930-4e51-b068-c706afed6cd3,dlg-380c6b71-d930-4e51-b068-c706afed6cd3_0_2,"Hi, I'd like to hear something by Katy Perry.",Here's the song by Katy Perry.,train
dlg-380c6b71-d930-4e51-b068-c706afed6cd3,dlg-380c6b71-d930-4e51-b068-c706afed6cd3_3_6,Could I hear something from Teenage Dream?,Here's the song The One That Got Away.,train
dlg-38643236-a75f-4629-876d-7177a9752366,dlg-38643236-a75f-4629-876d-7177a9752366_1_12,"Hi, Can you play some new artists that are similar to Katy Perry?","One moment, Hold on. Ellie Goulding On My Mind. Ellie Goulding On My Mind. Yes. One moment please. Ellie Goulding - Still Falling For You. Yes. One moment please. Metro Station - Seventeen Forever. Metro Station - Kelsey.",train
dlg-3879824f-8419-4d68-9618-3f3dd11bdd78,dlg-3879824f-8419-4d68-9618-3f3dd11bdd78_1_4,I want to listen to some music by Little Mix.,Here is Oops featuring Charlie Puth by little mix.,train
dlg-3879824f-8419-4d68-9618-3f3dd11bdd78,dlg-3879824f-8419-4d68-9618-3f3dd11bdd78_5_8,"Oh, yes. I like that song. I really like Charlie Puth, so could you play me a song by him?",Here is attention by Charlie Puth.,train
dlg-38f60d3b-ed49-450b-978c-d759b3961191,dlg-38f60d3b-ed49-450b-978c-d759b3961191_0_3,"Hi, I would like to hear some music by Bruno Mars. That's a good one. I knew you had a sense of humor.",Here is Bruno Mars with 24K Magic.,train
dlg-38f60d3b-ed49-450b-978c-d759b3961191,dlg-38f60d3b-ed49-450b-978c-d759b3961191_5_8,Can I hear something with newer material? Can I hear some newer material?,Here's Bruno Mars-Valerie.,train
dlg-38f60d3b-ed49-450b-978c-d759b3961191,dlg-38f60d3b-ed49-450b-978c-d759b3961191_9_10,Great.,Here is Bruno Mars-Let's Go Crazy.,train
dlg-390643f4-3ebb-4d55-bec7-7634c6077042,dlg-390643f4-3ebb-4d55-bec7-7634c6077042_2_8,"Yeah, can you play me something by the Counting Crows?","Just to confirm you, would like me to play something by the band Counting Crows? Here is ""Mrs. Potters Lullaby"" by Counting Crows. Here is ""Hard Candy"" by Counting Crows.",train
dlg-390643f4-3ebb-4d55-bec7-7634c6077042,dlg-390643f4-3ebb-4d55-bec7-7634c6077042_9_10,"Okay, that's pretty good. Not a very inspired choice but good. How about find me an interesting cover by another band of the Counting Crows song?",Here is the same song Hard Candy by a different artist.,train
dlg-390da6c4-788e-4c46-bd42-83bab6d1b9bd,dlg-390da6c4-788e-4c46-bd42-83bab6d1b9bd_1_2,"Hi, Today I need your help finding music to listen to by Rapper Bones.",Here is the song Useless by the Rapper Bones.,train
dlg-390da6c4-788e-4c46-bd42-83bab6d1b9bd,dlg-390da6c4-788e-4c46-bd42-83bab6d1b9bd_3_5,"Overall, he's got a pretty good sound. It's got more of like a melancholic sound to it. It's not as, you know? You like a lot of commercial rap. He's got darker tones to it. Now I'd like to hear another song by Bones. It's called Dirt.",Here is the song Dirt by Bones.,train
dlg-391b1482-b9d0-43a6-a208-a4fc5b4fa9fd,dlg-391b1482-b9d0-43a6-a208-a4fc5b4fa9fd_0_3,Hello Assistant. Can I hear a song by Peter Gabriel?,Here is Peter Gabriel in your eyes.,train
dlg-391b1482-b9d0-43a6-a208-a4fc5b4fa9fd,dlg-391b1482-b9d0-43a6-a208-a4fc5b4fa9fd_5_6,Can I hear something else by Peter Gabriel?,Here is Here Comes the Flood by Peter Gabriel.,train
dlg-391b1482-b9d0-43a6-a208-a4fc5b4fa9fd,dlg-391b1482-b9d0-43a6-a208-a4fc5b4fa9fd_9_10,"Outstanding choice. That's one I haven't seen before. That's a very early Peter Gabriel. Can I get one when he was with Genesis, The Lamb Lies Down on Broadway?",Here is fly on a windshield by Genesis and Peter Gabriel.,train
dlg-3935d673-9343-44ec-8e0c-208305522118,dlg-3935d673-9343-44ec-8e0c-208305522118_1_2,I'd like to hear some music by Fall Out Boy.,Here is your song. Centuries - Fall Out Boy Lyrics.,train
dlg-3935d673-9343-44ec-8e0c-208305522118,dlg-3935d673-9343-44ec-8e0c-208305522118_3_4,This is a good song. Show me older music by this band.,"Here is your song, Fall Out Boy - Sugar We're Going Down With Lyrics! HQ.",train
dlg-3935d673-9343-44ec-8e0c-208305522118,dlg-3935d673-9343-44ec-8e0c-208305522118_5_6,This is an okay song. Show me newer music by this band.,"Here is your song, The Last Of The Real Ones || Fall Out Boy Lyrics.",train
dlg-3935d673-9343-44ec-8e0c-208305522118,dlg-3935d673-9343-44ec-8e0c-208305522118_7_8,This is a good song. Show me music from a different album by this band.,"Here is your song, Novocaine - Fall Out Boy (Lyrics).",train
dlg-39414292-bced-4414-8664-5fd560fd14f5,dlg-39414292-bced-4414-8664-5fd560fd14f5_1_8,"Hello, I'd like to hear some music by Duran Duran.",Here is Duran Duran-Rio. Here's Visage - Fade to Grey.,train
dlg-39414292-bced-4414-8664-5fd560fd14f5,dlg-39414292-bced-4414-8664-5fd560fd14f5_9_12,"I don't like this, could I hear some something that's older material?",Here's Visage - The Damned Don't Cry.,train
dlg-39a45443-031c-4717-b379-0cc8dea1f424,dlg-39a45443-031c-4717-b379-0cc8dea1f424_0_2,Could you play me a song by Bruno Mars?,Just one moment. Hold on. Here is that's what I like by Bruno Mars.,train
dlg-39a45443-031c-4717-b379-0cc8dea1f424,dlg-39a45443-031c-4717-b379-0cc8dea1f424_3_4,"Oh, nice. Could you play me a song by Al Green? I want something slow, like a slow Al Green song.",Sure thing. Here is Let's Stay Together by Al Green.,train
dlg-39e84341-fecd-4636-8128-7338fe0f6229,dlg-39e84341-fecd-4636-8128-7338fe0f6229_1_18,Yes. I'd like some help finding something new to listen. Probably i would like to hear something new by Drake.,Okay Drake. Let's see what else I can find that you may not be familiar with. Looks like the artist Ty Dolla Sign may have a similar song to Drake. Another one would be No Malice. How about the song Godz of Thunder by No Malice. Here is Pour Love by Ty Dolla Sign.,train
dlg-39e84341-fecd-4636-8128-7338fe0f6229,dlg-39e84341-fecd-4636-8128-7338fe0f6229_22_25,This one seems good.,"Would you like me to play anything else by the same artist, or do you want me to play something by another artist? Here is My Way by Ty Dolla Sign.",train
dlg-3a1081d7-996f-4389-8763-5a39ee5304bb,dlg-3a1081d7-996f-4389-8763-5a39ee5304bb_1_9,Hi. Can you help me find a new musician like Rhett & Link? Rhett & Link. R h e t t and l i n k.,Okay. Rhett and Link. Let's see what else I can find that you may not be familiar with. Have you heard the artist named Jon Lajoie? The Best Song by Jon Lajoie.,train
dlg-3a1081d7-996f-4389-8763-5a39ee5304bb,dlg-3a1081d7-996f-4389-8763-5a39ee5304bb_10_15,Does he have any songs that don't include swear words?,"Unfortunately, all of the songs have swear words. Let me find you another artist. Have you heard a group called ""Honor Society""? ""Over You"" by Honor Society.",train
dlg-3a1081d7-996f-4389-8763-5a39ee5304bb,dlg-3a1081d7-996f-4389-8763-5a39ee5304bb_16_17,Do they have another song that's slightly less electric guitar-heavy?,"""Serendipity"" by Honor Society.",train
dlg-3a1705df-69dc-435b-94b3-8cb3da7599cf,dlg-3a1705df-69dc-435b-94b3-8cb3da7599cf_1_5,Hi. Can you play me something by the Counting Crows off their latest album? Yes. Could you play me something by the Counting Crows off their latest album?,Here is Counting Crows - Cover up the sun. Go through with this.,train
dlg-3a1705df-69dc-435b-94b3-8cb3da7599cf,dlg-3a1705df-69dc-435b-94b3-8cb3da7599cf_6_8,"Okay. How about a different song by a similar artist? Not the Counting Crows, but somebody that sounds kind of like the Counting Crows.",Here is Dave Matthews - Some Devil. Go through with this.,train
dlg-3a1705df-69dc-435b-94b3-8cb3da7599cf,dlg-3a1705df-69dc-435b-94b3-8cb3da7599cf_9_12,No. How about some older Dave Matthews?,Here is Seek Up - Dave Matthews Band. Go through with this.,train
dlg-3a45413e-676f-43ff-ac96-5947b62400d3,dlg-3a45413e-676f-43ff-ac96-5947b62400d3_1_5,"Hello, I'd like to help listening the music of Lady Antebellum, please.","Lady Antebellum, Heart Break. Lady Antebellum, You Look Good.",train
dlg-3a45413e-676f-43ff-ac96-5947b62400d3,dlg-3a45413e-676f-43ff-ac96-5947b62400d3_6_9,"I love the way that starts. I love the way that starts. Okay, let's try one more but from a different album, please.","One moment. Lady Antebellum, Love Don't Live Here.",train
dlg-3a5bff81-2d28-4f40-a048-5b2bcbaa3ad0,dlg-3a5bff81-2d28-4f40-a048-5b2bcbaa3ad0_1_5,I would like to hear something by Tina Turner.,Here is What's Love Got to Do With It by Tina Turner.,train
dlg-3a5bff81-2d28-4f40-a048-5b2bcbaa3ad0,dlg-3a5bff81-2d28-4f40-a048-5b2bcbaa3ad0_6_14,"It actually says Proud Mary, And it's blocked.","Here's Better Be Good to Me by Tina Turner. Interesting. Let's try this one, I don't want to fight by Tina Turner.",train
dlg-3a5bff81-2d28-4f40-a048-5b2bcbaa3ad0,dlg-3a5bff81-2d28-4f40-a048-5b2bcbaa3ad0_15_19,"I'm still seeing that first video, First one, For Proud Mary. Well, let's change artists then, Because for some reason, This isn't working. Maybe it's a Tina Turner thing. How how about Madonna?","Good idea, Okay, lets see What can I find for you? Here is Like a Prayer by Madonna. Here is Like a Prayer by Madonna.",train
dlg-3a5bff81-2d28-4f40-a048-5b2bcbaa3ad0,dlg-3a5bff81-2d28-4f40-a048-5b2bcbaa3ad0_20_25,"That one did change. I'm Madonna from featuring Nicki Minaj, and it's blocked.",Let's try this one. Papa Don't Preach by Madonna. Looks like there's an issue.,train
dlg-3a5bff81-2d28-4f40-a048-5b2bcbaa3ad0,dlg-3a5bff81-2d28-4f40-a048-5b2bcbaa3ad0_26_27,"Yeah. Oh, That's okay. Let's try one more artist to see if we can get a song up, And then we'll give up. How about Crowded House?","I apologize, Here is better be home soon by Crowded House.",train
dlg-3a7cb42b-9715-488b-9f66-97807fc21f1b,dlg-3a7cb42b-9715-488b-9f66-97807fc21f1b_1_9,"Hi, could you help me find some new music to listen to? Sara Bareilles.",Have you heard of Mika? Mika ft. Ariana Grande - Popular Song. Let me check. Mika-Love Today. Mika-Love Today.,train
dlg-3a7cb42b-9715-488b-9f66-97807fc21f1b,dlg-3a7cb42b-9715-488b-9f66-97807fc21f1b_10_18,"Okay. Good. Could you help me find another artist, to find some new music? How about Adele?",Okay. Have you heard of a fine frenzy? A Fine Frenzy- Almost Lover. Sure. Ashes and Wine - A Fine Frenzy. Ashes and Wine - A Fine Frenzy.,train
dlg-3aa3ce59-95a0-4d9a-a795-287b761583ed,dlg-3aa3ce59-95a0-4d9a-a795-287b761583ed_1_2,I'd like to hear some music by Katy Perry.,How about Katy Perry - Teenage Dream.,train
dlg-3aa3ce59-95a0-4d9a-a795-287b761583ed,dlg-3aa3ce59-95a0-4d9a-a795-287b761583ed_4_7,This is a good song. Show me newer music by Katy Perry.,Katy Perry - Hey Hey Hey. Katy Perry - Witness.,train
dlg-3b4b8cee-6fe6-49d7-9119-f83557d74075,dlg-3b4b8cee-6fe6-49d7-9119-f83557d74075_0_6,"Hi, I'm looking for a song from the K-pop group Sistar.",Here is Sistar with Lonely. Here is I like that featuring Sistar.,train
dlg-3b4b8cee-6fe6-49d7-9119-f83557d74075,dlg-3b4b8cee-6fe6-49d7-9119-f83557d74075_7_8,"I like the artist, but I need a similar song by a different artist?",Here's I like that dance by East2west cover.,train
dlg-3b4b8cee-6fe6-49d7-9119-f83557d74075,dlg-3b4b8cee-6fe6-49d7-9119-f83557d74075_9_11,I don't want a cover. Perhaps a different girl group?,Here is Wannabe by Spice Girls.,train
dlg-3b5b4eae-3356-4c4e-b457-1fe09bf16705,dlg-3b5b4eae-3356-4c4e-b457-1fe09bf16705_2_26,"I need help looking for new artist to listen to, please. Young Jeezy.","Let me see what I can find based on Young Jeezy. Have you heard of the artist Big Tymers? How about twister? And how about Cassidy? Okay, let me see what I can find by Cassidy. Here is Grateful Dead by Cassidy. Here is Catch A Body by Cassidy. Here is Perfect Day by Jim Jones.",train
dlg-3babbdd1-222f-4897-afbf-fa1e3a686bd8,dlg-3babbdd1-222f-4897-afbf-fa1e3a686bd8_1_4,Hi. Let me hear something by Taylor Swift.,Here is Shake It Off (With Lyrics) - Taylor Swift. Here is Shake It Off - Taylor Swift - ATC Cover.,train
dlg-3babbdd1-222f-4897-afbf-fa1e3a686bd8,dlg-3babbdd1-222f-4897-afbf-fa1e3a686bd8_5_8,"No, play something older from Taylor Swift.",Here is Taylor Swift - Eyes Open. Here is Eyes Open-Taylor Swift (cover).,train
dlg-3babbdd1-222f-4897-afbf-fa1e3a686bd8,dlg-3babbdd1-222f-4897-afbf-fa1e3a686bd8_10_11,Play something from the album Red.,Here is Taylor Swift 22.,train
dlg-3bb26979-7c42-46a1-98cf-f2fcbfb127c8,dlg-3bb26979-7c42-46a1-98cf-f2fcbfb127c8_0_3,I am looking for music by Jacob Banks. Can you help me find some music by him? Great.,"Of course, Jacob Banks - Mercy A COLORS SHOW.",train
dlg-3bb26979-7c42-46a1-98cf-f2fcbfb127c8,dlg-3bb26979-7c42-46a1-98cf-f2fcbfb127c8_4_21,That's pretty good. Is there any other music like that? Or another live performance? Maybe another live performance by Jacob Banks. That might work. Or another live performance? Maybe another live performance by Jacob Banks. That might work.,"Let me see. Jacob Banks - Unknown Mahogany Session. One moment, JACOB BANKS - UNKNOWN (ESKY REMIX). Oh, no. I'll find a new one. I  have a piano cover. is that okay? I have a piano cover. is that okay? Jacob Banks - Unknown (piano cover) Rustam I. Jacob Banks - Mercy A COLORS SHOW.",train
dlg-3bbc45ef-bb3c-49a5-8dde-b076a4b5a60f,dlg-3bbc45ef-bb3c-49a5-8dde-b076a4b5a60f_1_2,"Hello. I'd like some help finding some new music, Please.","I think you said you need help with new music, Is it correct?",test
dlg-3bbc45ef-bb3c-49a5-8dde-b076a4b5a60f,dlg-3bbc45ef-bb3c-49a5-8dde-b076a4b5a60f_6_9,That's something similar to Diana Krall.,"I think you said similar to Diana Krall, Am I correct? Here is Everything I Do Gohn Be Funky by Madeleine Peyroux.",test
dlg-3bd457bc-5f6f-46e1-a1e9-e598bb28fe42,dlg-3bd457bc-5f6f-46e1-a1e9-e598bb28fe42_2_10,"I'd like some help discovering some new music, please. Florence.",Have you ever listened to Rllie Goulding? Here is Ellie Goulding - Lights.,train
dlg-3bd457bc-5f6f-46e1-a1e9-e598bb28fe42,dlg-3bd457bc-5f6f-46e1-a1e9-e598bb28fe42_11_17,It's pretty good.,How about Mumford and Sons? Heres Mumford & Sons - The Cave.,train
dlg-3bd457bc-5f6f-46e1-a1e9-e598bb28fe42,dlg-3bd457bc-5f6f-46e1-a1e9-e598bb28fe42_19_24,Let's try something in a totally different direction or a different kind of sound. How about something Kenny Chesney?,Have you ever listened to Luke Bryan? Here is Luke Bryan - That's My Kind Of Night.,train
dlg-3bd457bc-5f6f-46e1-a1e9-e598bb28fe42,dlg-3bd457bc-5f6f-46e1-a1e9-e598bb28fe42_25_27,"Can you play me something else by Luke Bryan, please?",Heres Luke Bryan - Drunk On You.,train
dlg-3bec7cd8-9fb4-4851-959b-cbda967e61a4,dlg-3bec7cd8-9fb4-4851-959b-cbda967e61a4_1_3,Can you play something by Elder?,Reflections of a Floating World by Elder.,train
dlg-3bec7cd8-9fb4-4851-959b-cbda967e61a4,dlg-3bec7cd8-9fb4-4851-959b-cbda967e61a4_4_12,Can you find something earlier in their career? That's a good album by the way. I like the album.,Black midnight by Elder. Do you want to hear songs of the artist Led Zeppelin? Stairway To Heaven by Led Zeppelin.,train
dlg-3c23ce86-8d66-48ff-824f-daf851b26ff2,dlg-3c23ce86-8d66-48ff-824f-daf851b26ff2_0_3,"Hello assistant, I would like to hear some music by Bon Jovi. I'd like to find some new music to listen to. Something similar to Bon Jovi.",Have you heard Guns N' Roses?,train
dlg-3c23ce86-8d66-48ff-824f-daf851b26ff2,dlg-3c23ce86-8d66-48ff-824f-daf851b26ff2_4_5,"No, I have not. Are you going to play me something with Guns N' Roses?",Here's Guns N' Roses-Sweet Child O' Mine.,train
dlg-3c23ce86-8d66-48ff-824f-daf851b26ff2,dlg-3c23ce86-8d66-48ff-824f-daf851b26ff2_7_10,"That was a really good choice, and something I've never heard before. I'd like to change gears a little bit. I like Cyndi Lauper. Could you play me something similar to her?",Sure. How's Kim Wilde? What about the Eurythmics?,train
dlg-3c23ce86-8d66-48ff-824f-daf851b26ff2,dlg-3c23ce86-8d66-48ff-824f-daf851b26ff2_11_12,"I'm not familiar with Eurythmics, either.",Here's Eurythmics - Sweet Dreams.,train
dlg-3c314693-1568-4f3e-acbf-3471919f824e,dlg-3c314693-1568-4f3e-acbf-3471919f824e_2_6,I want to listen to Little Mix.,Here's Touch by Little Mix. Power by Little Mix.,train
dlg-3c37cd6f-9252-48fe-b465-c475ce88db93,dlg-3c37cd6f-9252-48fe-b465-c475ce88db93_1_2,Hello! Can you play something by My Chemical Romance?,"Here is ""I'm Not Okay"" by My Chemical Romance.",train
dlg-3c37cd6f-9252-48fe-b465-c475ce88db93,dlg-3c37cd6f-9252-48fe-b465-c475ce88db93_3_5,Can you play something else that's much happier?,"Here is My Chemical Romance - ""Na Na Na"".",train
dlg-3c37cd6f-9252-48fe-b465-c475ce88db93,dlg-3c37cd6f-9252-48fe-b465-c475ce88db93_6_10,"I like this song as well but can you play something by Jakubi? J a k u b i. Assistant, can you play something by Kanye West?","Here is the ""Love Lockdown"" by Kanye West.",train
dlg-3c9579ec-c94a-4584-8cd9-5da258e1c713,dlg-3c9579ec-c94a-4584-8cd9-5da258e1c713_1_6,"Hi, I would like to hear a song by Michael Jackson.",Here is Michael Jackson-Beat it. Here is Michael Jackson - Beat It (Cover by Tom Huergo). Here is Pierce The Veil - Beat It (MJ Cover).,train
dlg-3cd4ff39-5388-4a22-a593-5477694ebbd2,dlg-3cd4ff39-5388-4a22-a593-5477694ebbd2_0_2,Hi. I'd like to find some music by Johnny Cash.,Rusty Cage by Johnny Cash.,train
dlg-3cd4ff39-5388-4a22-a593-5477694ebbd2,dlg-3cd4ff39-5388-4a22-a593-5477694ebbd2_4_5,"Yeah, I don't like that one. Could you play something a little bit more upbeat, maybe a with a dual, Johnny Cash and his like?",Jackson by Johnny Cash and June Carter.,train
dlg-3cd4ff39-5388-4a22-a593-5477694ebbd2,dlg-3cd4ff39-5388-4a22-a593-5477694ebbd2_6_7,"Hey, can you play something in the same theme, but a little bit more mellow?",God's Gonna Cut You Down by Johnny Cash.,train
dlg-3d7919d0-c7c8-4a15-a444-5190b60b3733,dlg-3d7919d0-c7c8-4a15-a444-5190b60b3733_1_3,"Hi. Today, I'm looking to hear some music. I'm hoping you can find it for me. I'm looking for a song by the band Tool. The name of the song is called 10000 Days Wings for Marie Part 2.","Sure, Let me find you that song. Here is a tool 10000 days Wings part 2. Here is a tool 10000 days Wings part 2.",train
dlg-3d7919d0-c7c8-4a15-a444-5190b60b3733,dlg-3d7919d0-c7c8-4a15-a444-5190b60b3733_4_7,"Thank you, Okay. Now, There's another song I'd like to hear by Tool.",Here is Lateralus by tool.,train
dlg-3d8d945e-6ec8-4734-9a1b-1b2e0d38c6e4,dlg-3d8d945e-6ec8-4734-9a1b-1b2e0d38c6e4_1_2,"Can you play me some music by Kiss, the rock band?",Here's Rock & Roll All Nite by Kiss.,train
dlg-3d8d945e-6ec8-4734-9a1b-1b2e0d38c6e4,dlg-3d8d945e-6ec8-4734-9a1b-1b2e0d38c6e4_3_4,"Yeah, can you give me something a little bit more down beat, a little bit more melody by Kiss?",Here is Rock And Roll Over - Ladies Room by Kiss.,train
dlg-3da3192f-3b1b-4892-a969-9ed7e72d71d8,dlg-3da3192f-3b1b-4892-a969-9ed7e72d71d8_1_4,Can you help me with playing some music by The Mamas & the Papas?,"Here, I got to play Monday Monday by The Mamas & the Papas.",train
dlg-3da3192f-3b1b-4892-a969-9ed7e72d71d8,dlg-3da3192f-3b1b-4892-a969-9ed7e72d71d8_5_7,"Actually, I want to listen Dream a Little Dream of Me by The Mamas & the Papas.",The Mamas & The Papas - Dream A Little Dream of Me.,train
dlg-3da3192f-3b1b-4892-a969-9ed7e72d71d8,dlg-3da3192f-3b1b-4892-a969-9ed7e72d71d8_8_9,"Okay, I had enough of that song. I want to listen something different by them. I want to listen my favorite song by them, California Dreamin' by The Mamas & the Papas.",The Mamas & the Papas - California Dreamin' (Live) Monterey 1967.,train
dlg-3e238163-b518-4cb6-818a-4a0830b7b392,dlg-3e238163-b518-4cb6-818a-4a0830b7b392_1_2,Hey there. I was wondering if you would play some music by Joni Mitchell for me.,Here is Joni Mitchell - Help Me.,validation
dlg-3e238163-b518-4cb6-818a-4a0830b7b392,dlg-3e238163-b518-4cb6-818a-4a0830b7b392_3_6,Awesome tune. Would you mind finding a cover of this song by another artist?,Here is Help Me Joni Mitchell (Morgan James cover). Here is A Case of You - Joni Mitchell.,validation
dlg-3ede27f8-a2df-4157-b801-fa5a6a3728ce,dlg-3ede27f8-a2df-4157-b801-fa5a6a3728ce_2_5,"Hi, can you look for music by J.R. Writer, please?","Was that J. R. Writer? I'm hoping this is the correct artist, here is J.R. Writer performing Get em.",train
dlg-3ede27f8-a2df-4157-b801-fa5a6a3728ce,dlg-3ede27f8-a2df-4157-b801-fa5a6a3728ce_7_8,"Good song. Can you play a freestyle by J. R. Radar, please?",Here is J. R. Radar performing of freestyle 48 hours after being released.,train
dlg-3f622a9d-5edf-4216-93a7-2fa7c42a6971,dlg-3f622a9d-5edf-4216-93a7-2fa7c42a6971_4_7,I want to hear some music by Alessia Cara. I feel like I heard this song too many times. Is there something that's new?,"Sure, let me find something new for you. Here is Alessia Cara - Here.",train
dlg-3f622a9d-5edf-4216-93a7-2fa7c42a6971,dlg-3f622a9d-5edf-4216-93a7-2fa7c42a6971_9_11,"I don't know if I'm really feeling this one, either. Does she have a song that's kind of a little bit more upbeat?",Let me find something more upbeat for you. Here is Alessia Cara - Seventeen.,train
dlg-3f8fd5e0-6aec-42b1-9ed6-252fdef41f65,dlg-3f8fd5e0-6aec-42b1-9ed6-252fdef41f65_0_2,"Hi, Play me a song by Queen.","Sure thing, A song by Queen, Right?",train
dlg-404a632e-e892-49e2-a0af-b216f4e95fde,dlg-404a632e-e892-49e2-a0af-b216f4e95fde_0_6,"Hi, please play some music from Nas. Play the song from Illmatic. I don't like this track. Please play New York State of Mind.",Nas New York State of Mind.,train
dlg-408038b6-8f48-4c38-b6d3-deb5608a5203,dlg-408038b6-8f48-4c38-b6d3-deb5608a5203_1_2,I'd like to hear some music by Taylor Swift.,Here is Taylor Swift performing look what you made me do.,train
dlg-408038b6-8f48-4c38-b6d3-deb5608a5203,dlg-408038b6-8f48-4c38-b6d3-deb5608a5203_3_4,This song was okay. Play older music by this artist.,Here is Taylor Swift performing back in December.,train
dlg-408038b6-8f48-4c38-b6d3-deb5608a5203,dlg-408038b6-8f48-4c38-b6d3-deb5608a5203_5_6,This is a good song. Play something from a different album.,Here's Taylor Swift performing the song Love Story.,train
dlg-408038b6-8f48-4c38-b6d3-deb5608a5203,dlg-408038b6-8f48-4c38-b6d3-deb5608a5203_7_8,"This was a good song as well. Okay, I'm finished.",I agree. She has a great voice. Have a great night.,train
dlg-408649a7-d05e-4344-a706-cea8ac0959a4,dlg-408649a7-d05e-4344-a706-cea8ac0959a4_2_15,"Hi, I was looking to find some new music to listen to. How about Dying Fetus?","Dying Fetus. Let me see what I can find that's similar to it. Have you heard about Necrophagist? How about Devourment? How about Kataklysm? What about Grail Knights? Here is the song called Sea Song by ""Grail knights"".",train
dlg-408649a7-d05e-4344-a706-cea8ac0959a4,dlg-408649a7-d05e-4344-a706-cea8ac0959a4_18_38,It's not too bad. Not quite what I was expecting.,"Have you heard about 'Ensiferum' artist. Ensiferum. E N S I F E R U M, ensiferum is the name of another artist. Here is the song called 'Bonus' song by the artist ""Ensiferum"". Have you heard about the artist called 'Borknagar'? What about Bal Sagoth? Here is the song called 'Callisto Rising' by ""Bal Sagoth"".",train
dlg-40d8d8a9-292f-4f2d-94c2-c2603815bacd,dlg-40d8d8a9-292f-4f2d-94c2-c2603815bacd_4_5,How about something from The Beatles?,"Ok, here's The Beatles - Don't Let Me Down.",train
dlg-40d8d8a9-292f-4f2d-94c2-c2603815bacd,dlg-40d8d8a9-292f-4f2d-94c2-c2603815bacd_6_8,"Could you play something from a similar artist, please?","Yes, here is something by a similar artist. Here is David Bowie – Space Oddity.",train
dlg-40d8d8a9-292f-4f2d-94c2-c2603815bacd,dlg-40d8d8a9-292f-4f2d-94c2-c2603815bacd_9_10,"Well, that's not working. Could you play me a similar song by a different artist, please?","Yes, there is Comfortably Numb - Pink Floyd.",train
dlg-40efae1c-c19c-450e-884b-4ef3d0565e5f,dlg-40efae1c-c19c-450e-884b-4ef3d0565e5f_2_8,"Hello, I'd like to find some new music to listen to. I like Michael Bublé.",Okay. Have you heard of Ben Rector? Ben Rector - Beautiful.,train
dlg-40efae1c-c19c-450e-884b-4ef3d0565e5f,dlg-40efae1c-c19c-450e-884b-4ef3d0565e5f_9_12,It sound like Michael Bublé. Could I hear another new artist?,Have you heard of chuck berry?,train
dlg-40efae1c-c19c-450e-884b-4ef3d0565e5f,dlg-40efae1c-c19c-450e-884b-4ef3d0565e5f_13_14,"Chuck Berry? No, I haven't.",Chuck Berry - Johnny B. Goode.,train
dlg-40efae1c-c19c-450e-884b-4ef3d0565e5f,dlg-40efae1c-c19c-450e-884b-4ef3d0565e5f_18_24,Could I hear one more new artist? Michael Bublé.,Have you heard of Jamie Cullum? Jamie Cullum - Pure Imagination.,train
dlg-41454288-564d-4666-b708-5fb219aa6e48,dlg-41454288-564d-4666-b708-5fb219aa6e48_1_4,Hi. Can you play me some music by Prince?,"Here is the classic, Purple Rain performed by Prince.",test
dlg-41454288-564d-4666-b708-5fb219aa6e48,dlg-41454288-564d-4666-b708-5fb219aa6e48_6_7,Not sure that's actually Prince but all right. Can you play me a live performance by Prince if you can find it?,"Here is Baby I'm a star, performed live by Prince.",test
dlg-41454288-564d-4666-b708-5fb219aa6e48,dlg-41454288-564d-4666-b708-5fb219aa6e48_9_12,"That's pretty good. Alright. Lastly, can you play me I think it was Rock & Roll Hall of Fame celebration with Tom Petty and Prince doing a live concert. I think there were other artists there, but I know Tom Petty and Prince were there. I don't know what it was called. I'm hoping you can find it for me.","Here is Prince, Tom Petty, Steve Winwood, Jeff Lynne and others, performing While my guitar gently weeps.",test
dlg-41677389-1fd5-40ed-b3eb-cc7ef6736463,dlg-41677389-1fd5-40ed-b3eb-cc7ef6736463_0_11,"Hi, I'm trying to get your suggestion for something to listen, and I'm looking for something by the band Linkin Park.",RIP Chester from Linkin Park.,train
dlg-4183980d-67d6-4410-b211-a3bc3b10d5f0,dlg-4183980d-67d6-4410-b211-a3bc3b10d5f0_1_2,"Hello, I'd like to listen to something in the holiday music category, please.",Here is Mariah Carey performing All I Want For Christmas Is You.,train
dlg-4183980d-67d6-4410-b211-a3bc3b10d5f0,dlg-4183980d-67d6-4410-b211-a3bc3b10d5f0_3_4,"Can we go ahead and Let's give something different a try. Can we get something more traditional, please?",Here is Frank Sinatra performing White Christmas.,train
dlg-4183980d-67d6-4410-b211-a3bc3b10d5f0,dlg-4183980d-67d6-4410-b211-a3bc3b10d5f0_5_6,"Let's change it up. Can we play something more modern, please?",Here is deer tick performing Christmas all summer long.,train
dlg-4183980d-67d6-4410-b211-a3bc3b10d5f0,dlg-4183980d-67d6-4410-b211-a3bc3b10d5f0_7_8,How about we change to a song that's more suited for children? A children's holiday music song.,Here is Run Run Rudolph performed by Chuck Berry.,train
dlg-4183980d-67d6-4410-b211-a3bc3b10d5f0,dlg-4183980d-67d6-4410-b211-a3bc3b10d5f0_9_12,"Lastly, Could you play something that's very popular?",Would you like it still in the Christmas song category? Here is Bing Crosby performing the voice of Christmas.,train
dlg-4183980d-67d6-4410-b211-a3bc3b10d5f0,dlg-4183980d-67d6-4410-b211-a3bc3b10d5f0_13_14,Bing Crosby: The Voice of Christmas is my favorite because I like the supplementary singers alongside the main singer.,I'd agree. That song is a Christmas must! Enjoy the music!,train
dlg-418af9ef-cab0-4e72-aeb8-ef93436cb69c,dlg-418af9ef-cab0-4e72-aeb8-ef93436cb69c_0_5,"Hi, I want to hear music something in the pop world. I really like the group Little Mix. Do you know them? Yes, please, play me a song from Little Mix.",Here is the song from Little Mix.,train
dlg-418af9ef-cab0-4e72-aeb8-ef93436cb69c,dlg-418af9ef-cab0-4e72-aeb8-ef93436cb69c_7_11,"Yeah, do you have the song Shout Out to My Ex from Little Mix?",Here's the song Shout Out to My Ex from Little Mix.,train
dlg-418d03fe-c01d-48f4-b55d-8f8ca64771a8,dlg-418d03fe-c01d-48f4-b55d-8f8ca64771a8_1_8,"Hello Assistant, I'd like to hear some new music. I really like Sinead O'Connor.",OK. Sinead O'Connor. Let's see what else I can find that you may not be familiar with. Are you familiar with Lene Marlin or Patti Smith? Patti Smith - Horses.,test
dlg-418d03fe-c01d-48f4-b55d-8f8ca64771a8,dlg-418d03fe-c01d-48f4-b55d-8f8ca64771a8_9_12,"Thank you. Could I hear another song, A new song, New artist? Similar to Sinéad O'Connor. Could I hear another song, a new song, new artist? Similar to Sinéad O'Connor.",Lene Marlin - Sitting Down Here.,test
dlg-418d03fe-c01d-48f4-b55d-8f8ca64771a8,dlg-418d03fe-c01d-48f4-b55d-8f8ca64771a8_13_19,"Thank you. It's a really good choice, Thank you so much. Assistant, I also like Ed Sheeran. Could I hear an artist similar to Ed Sheeran? It's a really good choice, thank you so much. Assistant, I also like Ed Sheeran. Could I hear an artist similar to Ed Sheeran?",Are you familiar with Bon Iver or Boyce Avenue? Bon Iver - I Can't Make You Love Me / Nick of Time.,test
dlg-418d03fe-c01d-48f4-b55d-8f8ca64771a8,dlg-418d03fe-c01d-48f4-b55d-8f8ca64771a8_20_23,Thank you. Could I hear one more artist similar to Ed Sheeran? Could I hear one more artist similar to Ed Sheeran?,One moment. Every Breath You Take - The Police (Boyce Avenue acoustic cover). Every Breath You Take - The Police (Boyce Avenue acoustic cover).,test
dlg-418fca66-250d-43f7-a34b-78d7cc66893d,dlg-418fca66-250d-43f7-a34b-78d7cc66893d_2_3,T H U R I S A Z.,Thurisaz. Is that correct?,validation
dlg-418fca66-250d-43f7-a34b-78d7cc66893d,dlg-418fca66-250d-43f7-a34b-78d7cc66893d_6_7,How about Rays Of Light?,"Rays Of Light, here it is.",validation
dlg-418fca66-250d-43f7-a34b-78d7cc66893d,dlg-418fca66-250d-43f7-a34b-78d7cc66893d_9_12,This is definitely my favorite song from them. I like this song. How about something from their older albums?,What do you think about Switch To Red? Here is the song Switch To Red by Thurisaz.,validation
dlg-418fca66-250d-43f7-a34b-78d7cc66893d,dlg-418fca66-250d-43f7-a34b-78d7cc66893d_13_14,Yeah. That's a pretty good song. How about something off of their first album?,How about the song Anno Viroviacum from their first album?,validation
dlg-419c03bf-2349-45cf-bdf8-fb28f8586b95,dlg-419c03bf-2349-45cf-bdf8-fb28f8586b95_0_3,"Hi, I need to hear something from Mötley Crüe, please.",Do you like to hear Kickstart My Heart by Motley Crue?,train
dlg-419c03bf-2349-45cf-bdf8-fb28f8586b95,dlg-419c03bf-2349-45cf-bdf8-fb28f8586b95_7_12,"I'm trying to think of the album, Of the Shout at the Devil, please instead. Yeah, I'm not liking this song. Can you play Looks That Kill, instead? I'd like to hear Looks That Kill instead, please.",Here is Looks that Kill by Motley Crue.,train
dlg-41b6b245-344e-4bae-b361-c3787c7f9e5a,dlg-41b6b245-344e-4bae-b361-c3787c7f9e5a_1_5,Hi Assistant. I'd like to hear some music by Celine Dion.,Kira is Celine Dion performing My Heart Will Go On live on the Billboard Music Awards.,train
dlg-41b6b245-344e-4bae-b361-c3787c7f9e5a,dlg-41b6b245-344e-4bae-b361-c3787c7f9e5a_9_10,"Oh, no problem. Can I hear another upbeat song by Celine Dion?",Here is Because You Loved Me performed by Celine Dion.,train
dlg-41b6b245-344e-4bae-b361-c3787c7f9e5a,dlg-41b6b245-344e-4bae-b361-c3787c7f9e5a_12_13,"This is a very nice track. Could I hear one more Celine Dion song, please?",Absolutely. Here is Celine Dion performing Power of Love.,train
dlg-41ba2bc1-f643-4da7-8b4b-0b5d89ea7a00,dlg-41ba2bc1-f643-4da7-8b4b-0b5d89ea7a00_0_4,"Hi, I'm trying to get a song from the group Powerwolf. Alright, it's not bad. But do you have something by a similar artist?",Sure let me find a similar artist. Here is Ghost - Cirice.,test
dlg-41d65e88-f602-47c4-a7b8-a34b2afb073d,dlg-41d65e88-f602-47c4-a7b8-a34b2afb073d_0_5,Hello Assistant. I would like to hear something from the artist Tom Petty.,Here's the song You Don't Know How It Feels by Tom Petty. Here's the song you don't know how it feels a cover by Jack Johnson and the Bahamas.,train
dlg-42237864-7a92-4145-8fb9-d5f188ddff99,dlg-42237864-7a92-4145-8fb9-d5f188ddff99_1_4,Could you play a song by Fifth Harmony?,He Like That by Fifth Harmony. Miss Moving On by Fifth Harmony.,train
dlg-42446cef-dea5-4a04-a19e-1d0b8841865f,dlg-42446cef-dea5-4a04-a19e-1d0b8841865f_3_13,I like the Zac Brown band.,"Ok, Zac Brown Band. Let's see what else I can find that you may not be familiar with. Looks like the artist Lucas may have similar style might be a close match etc. Another is Maren Morris. Are either of those new to you? Here is the song called ""I know somebody"" by the artist Lucas. What do you think? Here is another song called ""I Could Use a Love Song"" by the second artist Maren Morris.",train
dlg-42446cef-dea5-4a04-a19e-1d0b8841865f,dlg-42446cef-dea5-4a04-a19e-1d0b8841865f_14_24,"Yes. He's easy on the ears and the eyes. A nice combination. Okay, How about Adele?",What about the artist Tove Lo? Have you heard this artist before? Here is the song called Habits (Stay High) by the artist Tove Lo.,train
dlg-42446cef-dea5-4a04-a19e-1d0b8841865f,dlg-42446cef-dea5-4a04-a19e-1d0b8841865f_25_28,Not too excited about the video but singer is pretty good.,Here is the song called Talking Body by the artist Tove Lo.,train
dlg-424f5dfe-ea9f-4fb6-ac3f-7785d2f49fc9,dlg-424f5dfe-ea9f-4fb6-ac3f-7785d2f49fc9_1_4,I'd like to listen to Nirvana.,Here is Nirvana performing Smells Like Teen Spirit. Here is Nirvana performing Come As You Are.,train
dlg-424f5dfe-ea9f-4fb6-ac3f-7785d2f49fc9,dlg-424f5dfe-ea9f-4fb6-ac3f-7785d2f49fc9_5_8,I don't want what's playing. I'd like to listen to newer songs.,Here is Nirvana performing Lithium.,train
dlg-427695c5-ca4d-4dc9-bf06-121350cda398,dlg-427695c5-ca4d-4dc9-bf06-121350cda398_0_2,Hi. Can I listen to party music?,I can help you with that. Girl Talk - Oh No.,train
dlg-427695c5-ca4d-4dc9-bf06-121350cda398,dlg-427695c5-ca4d-4dc9-bf06-121350cda398_3_10,Can I listen to something that's more upbeat?,Definitely. How about LMFAO - Party Rock Anthem? DJ Snake feat Lil Jon - Turn Down for What. Van Morrison - Moon dance. Can't go wrong with Van Morrison.,train
dlg-42bbda4d-0aa0-4f4b-985a-aea6d8d6b638,dlg-42bbda4d-0aa0-4f4b-985a-aea6d8d6b638_0_5,"Hi, I want you to suggest a song for me from the artist My Chemical Romance.",Here is Helena from My Chemical Romance. Here is Famous last words by My Chemical Romance.,train
dlg-42bbda4d-0aa0-4f4b-985a-aea6d8d6b638,dlg-42bbda4d-0aa0-4f4b-985a-aea6d8d6b638_6_11,"Yeah, not really my type. Do you have like a similar song by a different artist, maybe?",Are you asking for a similar song to Helena? How about Thirty seconds to Mars by The kill? Thirty seconds to Mars by The kill.,train
dlg-42d9a779-5f76-46ea-a9fa-dda71f741208,dlg-42d9a779-5f76-46ea-a9fa-dda71f741208_0_2,"Can you help me find All Along the Watchtower by? Oh, god! I forgot his name, Jimi Hendrix, gracious brain fart.","Here is Jimi Hendrix's, All Along the Watchtower.",validation
dlg-42d9a779-5f76-46ea-a9fa-dda71f741208,dlg-42d9a779-5f76-46ea-a9fa-dda71f741208_3_4,"Okay, now can you play All Along the Watchtower by Bob Dylan?",Here is All Along the Watchtower by Bob Dylan.,validation
dlg-42d9a779-5f76-46ea-a9fa-dda71f741208,dlg-42d9a779-5f76-46ea-a9fa-dda71f741208_5_7,"Instead, could you play something new by Bob Dylan?",Here is Bob Dylan - Blowin' In the Wind.,validation
dlg-42e7b2ed-8c53-4e69-ab6d-ad7a28cf147e,dlg-42e7b2ed-8c53-4e69-ab6d-ad7a28cf147e_0_1,Hi. Can you play a song by The Beatles?,"Sure thing, here is Yesterday by the Beatles.",train
dlg-42e7b2ed-8c53-4e69-ab6d-ad7a28cf147e,dlg-42e7b2ed-8c53-4e69-ab6d-ad7a28cf147e_2_3,The quality on this isn't as great. Can you play a cover of this song by a different artist?,Here is the Beatles with Yesterday covered by Savanna Outen.,train
dlg-42e7b2ed-8c53-4e69-ab6d-ad7a28cf147e,dlg-42e7b2ed-8c53-4e69-ab6d-ad7a28cf147e_4_5,"I guess I'm not really feeling this song, after all. Do you think you could play a similar song by another cover artist?","Sure thing, here is Coins by Savannah Outen.",train
dlg-42f4f038-6005-43f2-9497-3d7db829790d,dlg-42f4f038-6005-43f2-9497-3d7db829790d_1_2,Please play Blink-182.,How about the song I Miss You by Blink-182?,train
dlg-42f4f038-6005-43f2-9497-3d7db829790d,dlg-42f4f038-6005-43f2-9497-3d7db829790d_4_16,"That video is blocked. This one's also blocked. This one's also blocked. This is a good song, but could you play something newer?","Here is the song called Home, Is Such A Lonely Place by the artist Blink-182.",train
dlg-42f4f038-6005-43f2-9497-3d7db829790d,dlg-42f4f038-6005-43f2-9497-3d7db829790d_18_21,"This is okay, but I was hoping to hear something a little faster.",How about the song called Kings of the Weekend by Blink 182?,train
dlg-431027ca-fdad-43ce-baf9-a78cfd5c553a,dlg-431027ca-fdad-43ce-baf9-a78cfd5c553a_1_3,"Yeah, can I hear something by Katy Perry, please?",Here is Katy Perry - Chained To The Rhythm.,train
dlg-431027ca-fdad-43ce-baf9-a78cfd5c553a,dlg-431027ca-fdad-43ce-baf9-a78cfd5c553a_4_6,Do you have anything older?,Here is Katy Perry - This Is How We Do.,train
dlg-431027ca-fdad-43ce-baf9-a78cfd5c553a,dlg-431027ca-fdad-43ce-baf9-a78cfd5c553a_7_9,I don't want this. How about a different song by Katy Perry?,Here is Katy Perry - Last Friday Night.,train
dlg-43964599-f13e-4486-a242-ee4feda5f524,dlg-43964599-f13e-4486-a242-ee4feda5f524_0_1,I would like to listen to some music by Nickelback.,"Okay. You got it, here's a song by Nickel back called song on fire.",train
dlg-43964599-f13e-4486-a242-ee4feda5f524,dlg-43964599-f13e-4486-a242-ee4feda5f524_2_5,Same song by a different artist.,"Do you want song on fire performed by a different artist, is that what you're asking? Here is song on fire performed by Awigo Knows. Sent a video to the user.",train
dlg-43aef6b6-c400-499e-a16e-4588de0931db,dlg-43aef6b6-c400-499e-a16e-4588de0931db_1_4,"Hi, today I need your help finding music to listen to. Right now I have an artist in mind. I'm looking to hear the song Sleepy Seven by Bonobo.",Sleepy Seven by bonobo.,train
dlg-43aef6b6-c400-499e-a16e-4588de0931db,dlg-43aef6b6-c400-499e-a16e-4588de0931db_5_7,Great. Thank you. It's a pretty good song. Got like an emotion tone to it that sets the like the album apart from other ones he's done. It's a pretty good song. Got like an emotion tone to it that sets the like the album apart from other ones he's done.,Shadowtricks by bonobo. Here you go.,train
dlg-43b72d3d-36a0-41c8-846c-275869297397,dlg-43b72d3d-36a0-41c8-846c-275869297397_0_2,Can you play some something new by Katy Perry?,Here's Katy Perry - Bon Appetit (Official) ft. Migos.,train
dlg-43b72d3d-36a0-41c8-846c-275869297397,dlg-43b72d3d-36a0-41c8-846c-275869297397_3_4,"Oh, great. This is awesome. I love it. Can you play something older by Katy Perry?",Here's Katy Perry - E.T. (Official) ft. Kanye West.,train
dlg-43b72d3d-36a0-41c8-846c-275869297397,dlg-43b72d3d-36a0-41c8-846c-275869297397_5_7,"Oh, this is really good, too. Can you play something else by Katy Perry?",Here's Katy Perry - Dark Horse (Official) ft. Juicy J.,train
dlg-43ef54be-0378-4240-b2ed-8b65384f2c85,dlg-43ef54be-0378-4240-b2ed-8b65384f2c85_0_2,"Hi, can you help me find new music to listen to? I like the artist Flurry.",Yeah let me find some artists that are similar to Flurry.,train
dlg-43ef54be-0378-4240-b2ed-8b65384f2c85,dlg-43ef54be-0378-4240-b2ed-8b65384f2c85_4_14,F-L-U-R-R-Y.,Have you heard of the artist Moonbeat before? That artist doesn't have many songs on YouTube. Let me find you another artist. Have you heard of Ariana Deboo before. Here is the song My Love For You by Ariana Deboo.,train
dlg-43ef54be-0378-4240-b2ed-8b65384f2c85,dlg-43ef54be-0378-4240-b2ed-8b65384f2c85_15_16,I really don't like the instrument tool used in this one. Can you find me a different song by her?,Here is Say So by Ariana Deboo.,train
dlg-43ef54be-0378-4240-b2ed-8b65384f2c85,dlg-43ef54be-0378-4240-b2ed-8b65384f2c85_17_22,"No, this is just a little bit too perky. Can you find me a different artist?",Have you heard of Laura Welsh. Here's the song cold front by Laura Welsh.,train
dlg-43ef54be-0378-4240-b2ed-8b65384f2c85,dlg-43ef54be-0378-4240-b2ed-8b65384f2c85_23_24,Is this one of her more recent songs?,This song was released in 2013.,train
dlg-43ef54be-0378-4240-b2ed-8b65384f2c85,dlg-43ef54be-0378-4240-b2ed-8b65384f2c85_25_28,Does she have any newer songs?,Yes her new song was released 8 months ago would you like to listen to that. Here's the song Red by Laura Welsh.,train
dlg-448346c1-01f9-4e5d-ba44-93cf450d2d11,dlg-448346c1-01f9-4e5d-ba44-93cf450d2d11_4_7,How about Sara Bareilles? Gravity.,"As requested by you, here is the song Gravity by Sara Bareilles.",train
dlg-448346c1-01f9-4e5d-ba44-93cf450d2d11,dlg-448346c1-01f9-4e5d-ba44-93cf450d2d11_8_10,Thank you. Can I hear something slightly older?,Here is Love Song by Sara Bareilles.,train
dlg-448346c1-01f9-4e5d-ba44-93cf450d2d11,dlg-448346c1-01f9-4e5d-ba44-93cf450d2d11_11_13,Thank you. Is it possible to hear the same song but by a different artist?,Here is the same song by a male artist Alex Goot.,train
dlg-44a73450-60d8-4e7a-9890-9f26a8488700,dlg-44a73450-60d8-4e7a-9890-9f26a8488700_3_6,How about some Florence & the Machine?,Here is Florence & the Machine - Cosmic Love. Here is Florence & the Machine - Seven Devils.,train
dlg-44f10c8a-ab56-4082-af53-e64800855bfc,dlg-44f10c8a-ab56-4082-af53-e64800855bfc_0_3,I would like to hear some music by an artist similar to Katy Perry. Can you help me?,Have you ever listened to Rihanna?,train
dlg-44f10c8a-ab56-4082-af53-e64800855bfc,dlg-44f10c8a-ab56-4082-af53-e64800855bfc_4_18,"I have heard of Rihanna, yes.",What about Estelle? Heres Estelle - American Boy [Feat. Kanye West]. It is catchy. Another Estelle song? Heres Estelle - Thank You.,train
dlg-44f10c8a-ab56-4082-af53-e64800855bfc,dlg-44f10c8a-ab56-4082-af53-e64800855bfc_21_25,Similar to Katy Perry.,How about Lily Allen? Heres Lily Allen - Smile.,train
dlg-44f10c8a-ab56-4082-af53-e64800855bfc,dlg-44f10c8a-ab56-4082-af53-e64800855bfc_30_37,"Oh, okay. How about Taylor Swift?",Have you ever listened to Selena Gomez? Or fifth harmony. Here is Fifth Harmony - Down.,train
dlg-44f10c8a-ab56-4082-af53-e64800855bfc,dlg-44f10c8a-ab56-4082-af53-e64800855bfc_40_41,"That one's not playing, assistant. Can you find me something else?",Here is Fifth Harmony - He Like That.,train
dlg-45480212-b33f-42a8-86c8-6a5553c9847c,dlg-45480212-b33f-42a8-86c8-6a5553c9847c_0_10,"Hello, I'm looking for music to listen to. Can you play something similar to August Burns Red?",Have you heard of the artist I killed the prom queen before? Here's the song Thirty One and Sevens by I killed the prom queen. Have you heard of the band Parkway Drive before? Here's the song Crushed by Parkway Drive. Here's the song Dark Days by Parkway Drive.,test
dlg-455284f0-b9f8-4a2f-bd2b-b7ab5ff5f37a,dlg-455284f0-b9f8-4a2f-bd2b-b7ab5ff5f37a_1_2,I'd like to listen to George Jones.,The Race Is On/ Bartender Blues by George Jones.,test
dlg-455284f0-b9f8-4a2f-bd2b-b7ab5ff5f37a,dlg-455284f0-b9f8-4a2f-bd2b-b7ab5ff5f37a_4_5,Same artist Heaven song same artist.,Borrowed Angel by George Jones.,test
dlg-455284f0-b9f8-4a2f-bd2b-b7ab5ff5f37a,dlg-455284f0-b9f8-4a2f-bd2b-b7ab5ff5f37a_6_7,Newer material.,It's Finally Friday by George Jones.,test
dlg-456e0fdc-f0ea-4c06-b9b6-8a98b02d379a,dlg-456e0fdc-f0ea-4c06-b9b6-8a98b02d379a_3_4,Sure. How about Sara Bareilles?,How about the song Gonna Get Over You by Sara Bareilles?,test
dlg-456e0fdc-f0ea-4c06-b9b6-8a98b02d379a,dlg-456e0fdc-f0ea-4c06-b9b6-8a98b02d379a_6_9,That was great. Could I hear something from a similar artist to Sara?,How about Colbie Caillat? Here's the song Bubbly by Colbie Caillat.,test
dlg-456e0fdc-f0ea-4c06-b9b6-8a98b02d379a,dlg-456e0fdc-f0ea-4c06-b9b6-8a98b02d379a_10_12,"Okay, can I hear something else by Colbie Caillat, but from a different album?",Here's the song Brighter Than The Sun by Colbie Caillat from a different album.,test
dlg-45833501-133b-4ac9-a3e7-34f453437444,dlg-45833501-133b-4ac9-a3e7-34f453437444_1_6,Hello. I'm in the mood for some acoustic covers.,Here is Come On Get Higher by Matt Nathanson.,train
dlg-45833501-133b-4ac9-a3e7-34f453437444,dlg-45833501-133b-4ac9-a3e7-34f453437444_8_14,Yeah. You got something to play that's a little bit more upbeat?,Let me see what I can find for you. Here is the song I Knew You Were Trouble. Originally sung by Taylor Swift. How about the cover song Payphone originally sung by Maroon 5?,train
dlg-45bc0b2b-2ab1-498c-843a-1ae06d344fd9,dlg-45bc0b2b-2ab1-498c-843a-1ae06d344fd9_0_1,Hi. I'd like some help in browsing the music by Josh Groban.,"Here is your song, You Raise Me Up by Josh Groban.",validation
dlg-45bc0b2b-2ab1-498c-843a-1ae06d344fd9,dlg-45bc0b2b-2ab1-498c-843a-1ae06d344fd9_2_3,"What an excellent first choice, a classic which I like a lot. How about something from same album but different song?","Sure, here is your song. My Confession by Josh Groban.",validation
dlg-45bc0b2b-2ab1-498c-843a-1ae06d344fd9,dlg-45bc0b2b-2ab1-498c-843a-1ae06d344fd9_4_5,"Those are excellent choices which I like a lot. Let's try something from a different album of Josh Groban, please.","Here is your song, Cinema Paradiso by Josh Groban.",validation
dlg-45cd3df0-3fe5-4e18-bc07-9d736ed87183,dlg-45cd3df0-3fe5-4e18-bc07-9d736ed87183_1_3,Hi. Can you play music by Demi Lovato?,Here is Demi Lovato - Stone Cold.,train
dlg-45cd3df0-3fe5-4e18-bc07-9d736ed87183,dlg-45cd3df0-3fe5-4e18-bc07-9d736ed87183_5_7,Can you play one of her newer songs?,Here is Demi Lovato - Confident.,train
dlg-45cd3df0-3fe5-4e18-bc07-9d736ed87183,dlg-45cd3df0-3fe5-4e18-bc07-9d736ed87183_9_12,"I don't know if I prefer this one, either. Can we try somebody similar, like Selena Gomez?",Here is Selena Gomez - Bad Liar.,train
dlg-45cf1b86-c041-4516-b336-4e7e841bf431,dlg-45cf1b86-c041-4516-b336-4e7e841bf431_0_2,"Hi, today I need your help finding music to listen. I have a song in mind and some others. I'm looking to hear the song Underwater by Bassnectar.",Underwater by Bassnectar?,train
dlg-45cf1b86-c041-4516-b336-4e7e841bf431,dlg-45cf1b86-c041-4516-b336-4e7e841bf431_4_5,"Thank you, it's one of the classic songs that he made when he first started making his stuff, which is cool. Back when dubstep has started. At least to get as popular as it is now. Great, now I would like to hear another song by Bassnectar. It's called Timestretch.",Timestretch by Bassnectar?,train
dlg-45cf1b86-c041-4516-b336-4e7e841bf431,dlg-45cf1b86-c041-4516-b336-4e7e841bf431_6_7,"Thank you, a really good album was it. Some pretty good electronic music. Just like the way the snares were in this one, and the bass is great, so now I'd like to hear one more song by Bassnectar. It's called Here We Go.",Here we Go by Bassnectar?,train
dlg-45e20ce6-7a5b-40b7-b429-d99bf5d66fd6,dlg-45e20ce6-7a5b-40b7-b429-d99bf5d66fd6_4_14,Blink-182.,Have you ever listened to Green Day? What about Fall Out Boy? What about Linkin Park? What about The All American Rejects? Here's Crawling by Linkin Park. Here's Numb by Linkin Park.,validation
dlg-45e20ce6-7a5b-40b7-b429-d99bf5d66fd6,dlg-45e20ce6-7a5b-40b7-b429-d99bf5d66fd6_15_18,I like both these songs by Linkin Park.,Here's It Ends Tonight by The All American Rejects. Here's Move Along by The All American Rejects.,validation
dlg-4613ccb4-f889-4b44-8721-648083235db9,dlg-4613ccb4-f889-4b44-8721-648083235db9_1_2,I would like to hear some music by Linkin Park.,Linkin park - What I've Done.,test
dlg-4613ccb4-f889-4b44-8721-648083235db9,dlg-4613ccb4-f889-4b44-8721-648083235db9_3_4,I really like this song. Show me older music by this artist?,Linkin Park- In The End.,test
dlg-4613ccb4-f889-4b44-8721-648083235db9,dlg-4613ccb4-f889-4b44-8721-648083235db9_5_6,I really like this song. Show me newer music by this artist?,Linkin Park (feat. Kiiara) - Heavy.,test
dlg-4636cfdc-0f7b-481b-a37e-85fab67d248e,dlg-4636cfdc-0f7b-481b-a37e-85fab67d248e_0_1,I'd like to listen to some music from Creed.,Here's the song With Arms Wide Open by Creed.,train
dlg-4636cfdc-0f7b-481b-a37e-85fab67d248e,dlg-4636cfdc-0f7b-481b-a37e-85fab67d248e_2_3,Yeah. That's a good song. Do you have something by the same song by a different artist?,Here's the song With Arms Wide Open by Andrea Valobra.,train
dlg-466ddbe0-453d-4caa-bdcf-293a1dccad6b,dlg-466ddbe0-453d-4caa-bdcf-293a1dccad6b_2_9,"Hi, can you play me some music by Guns and Roses?",Here is Guns N' Roses - November Rain by Neutralia. Here is Guns N' Roses - Out ta Get Me.,train
dlg-466ddbe0-453d-4caa-bdcf-293a1dccad6b,dlg-466ddbe0-453d-4caa-bdcf-293a1dccad6b_11_13,"Yeah, that's a good choice. Excellent song. Can you play me a Guns 'N Roses song sung by another famous artist?",Here is Avril Lavigne - Knocking on Heavens door by christie west.,train
dlg-46892158-949f-4649-b8ad-ec6437d01656,dlg-46892158-949f-4649-b8ad-ec6437d01656_0_5,I like Beyoncé. Could you play me two new artists that are similar to Beyoncé?,"Sure thing. Have you ever heard of the Pussycat Dolls or Casey? Here is your song, Pussycat Dolls button. Here is your song, Pussycat Dolls.",train
dlg-468c37fd-3d3f-46ba-a0c2-c8b986f60c47,dlg-468c37fd-3d3f-46ba-a0c2-c8b986f60c47_1_5,Hey. I wonder if you would play me something by Janis Joplin.,Janis Joplin- Piece of my heart. Jimi Hendrix 'Voodoo Child'.,train
dlg-468c37fd-3d3f-46ba-a0c2-c8b986f60c47,dlg-468c37fd-3d3f-46ba-a0c2-c8b986f60c47_6_9,"You know, I recently heard this song. It's just too familiar to me right now. Would you mind playing a similar song by a different artist?",Stevie Ray Vaughan-Voodoo Child.,train
dlg-469a1052-97ae-4a80-90fb-bcff4e2413fe,dlg-469a1052-97ae-4a80-90fb-bcff4e2413fe_0_3,"Hi there, I was wanting to listen to some music from Beyond Creation.",Here's the song Social Disability by Beyond Creation. Here's the song The Deported by Beyond Creation from the album The Aura.,train
dlg-469a1052-97ae-4a80-90fb-bcff4e2413fe,dlg-469a1052-97ae-4a80-90fb-bcff4e2413fe_4_5,"Alright, not a good song. How about a song from their newest album?",Here's the song Earth-born Evolution from Beyond Creation from their newest album.,train
dlg-46a91f57-c6f9-4124-bcb0-096cf1d28470,dlg-46a91f57-c6f9-4124-bcb0-096cf1d28470_0_6,Hi. I'd like some help in browsing music Michael Buble.,Haven't Met You Yet by Michael Buble . This will just be a second. It Had to Be You by Harry Connick Jr. Pure Imagination by Jamie Cullum .,train
dlg-46b8d600-b6e8-485e-a1f9-b349961f61a0,dlg-46b8d600-b6e8-485e-a1f9-b349961f61a0_0_5,"Can you play Linkin Park In The end? Actually, can you change to newer material? It's almost pretty good. Alright. I'm finished.",Here is the Linkin Park In The end. Is there anything else you need?,train
dlg-46c17d9e-9c8b-4fb4-9e98-0b6c2a6e24b8,dlg-46c17d9e-9c8b-4fb4-9e98-0b6c2a6e24b8_1_2,"Hi, could you play some music for me? I really kind of wanted to hear Idea Fire Company right now.",How about the song Beauty School by Idea Fire Company?,validation
dlg-46c17d9e-9c8b-4fb4-9e98-0b6c2a6e24b8,dlg-46c17d9e-9c8b-4fb4-9e98-0b6c2a6e24b8_3_7,"Well, that sounds phenomenal. That's a cool song. I like the feedback in it. That's really cool. I was wondering like maybe you could play something from their latest album?",How about the song The Land Of Intolerable Glare by Idea Fire Company?,validation
dlg-46c17d9e-9c8b-4fb4-9e98-0b6c2a6e24b8,dlg-46c17d9e-9c8b-4fb4-9e98-0b6c2a6e24b8_8_10,"Sound phenomenal. I really like that song, so that'll be nice to hear. Yeah, that's cool. It sounds like I had an album about like sounds these pygmies made. I think that's the right word for them. They were like Mbutu pygmies. I had this album of them. It was like all their war chants and stuff like that. And it kind of reminds me of the first 10 seconds of that. That's really cool. I'm wondering if you could find something like maybe a little bit shorter. Like kind of like a shorter song.",Let me try. Here is something I found called Lost At Sea II by Idea Fire Company.,validation
dlg-46c7c665-6c52-4586-aa9b-4e1e25316707,dlg-46c7c665-6c52-4586-aa9b-4e1e25316707_0_7,Hi. I'm looking for something new music to listen to. Celine Dion.,Have you ever listened to Cher? Heres Cher - Believe.,train
dlg-46c7c665-6c52-4586-aa9b-4e1e25316707,dlg-46c7c665-6c52-4586-aa9b-4e1e25316707_8_11,"That's interesting. How about something else? I like Katy Perry, too. How about something new?",Have you ever heard Rihanna? Heres Rihanna - Pour It Up.,train
dlg-46e685ad-4185-4f99-be9b-7521e2c8f9fc,dlg-46e685ad-4185-4f99-be9b-7521e2c8f9fc_1_6,"Hi, I was looking to find some new music to listen. Yeah, could you play me something similar to Led Zeppelin?",How about music from Queens of the Stone Age? Here is Queens of the Stone Age performing go with the flow.,test
dlg-46e685ad-4185-4f99-be9b-7521e2c8f9fc,dlg-46e685ad-4185-4f99-be9b-7521e2c8f9fc_7_8,Okay. This one sounds pretty good.,"Another similar artists that fans enjoy, is Deer Tick. Have you heard music from this artist?",test
dlg-46e685ad-4185-4f99-be9b-7521e2c8f9fc,dlg-46e685ad-4185-4f99-be9b-7521e2c8f9fc_11_14,This actually sounds really good. I like this.,Here is Deer Tick performance Baltimore Blues number one.,test
dlg-46f3d10b-ec8c-4619-b563-9801aab53141,dlg-46f3d10b-ec8c-4619-b563-9801aab53141_0_10,"Hi, could you help me discovering some new music, please? Justin Timberlake.",Have you listened to the Neptunes? Here's the song She wants to move by NERD (Neptunes). Here is the song by Nerd.,train
dlg-46f3d10b-ec8c-4619-b563-9801aab53141,dlg-46f3d10b-ec8c-4619-b563-9801aab53141_11_13,"It's okay, but nothing special. Can you play something by Ryan Leslie?",Have you listened to Ryan Leslie? Here is the song by Ryan Leslie.,train
dlg-46f3d10b-ec8c-4619-b563-9801aab53141,dlg-46f3d10b-ec8c-4619-b563-9801aab53141_14_22,"I like that better, but not great.","Have you listened to Michael Jackson? Okay, have you listened to Akon? Here is the song Don't Matter by Akon. Here is the video Don´t matter by Akon.",train
dlg-46f3d10b-ec8c-4619-b563-9801aab53141,dlg-46f3d10b-ec8c-4619-b563-9801aab53141_23_27,"Yeah, I like that a lot better. How about a different song from Akon?",Here is Mama Africa by Akon. Here is the video Mama Africa by Akon.,train
dlg-46f71662-a64f-4907-b807-08e5017cc23a,dlg-46f71662-a64f-4907-b807-08e5017cc23a_1_5,"Yeah, can you play me some R.E.M.? No. How about something old to start off with.",Here is The One I Love by R.E.M.,validation
dlg-46f71662-a64f-4907-b807-08e5017cc23a,dlg-46f71662-a64f-4907-b807-08e5017cc23a_6_10,"Okay, that's pretty good. Can you play something newer? How about something off the the last album they put out?","Here is We All Go Back To Where We Belong, Kirsten, 2011 by R.E.M. How about When Doves Cry by Prince?",validation
dlg-472ddf4d-4d55-4ff6-ad58-b05aea8e9d32,dlg-472ddf4d-4d55-4ff6-ad58-b05aea8e9d32_1_2,I'm looking for some music to listen to. Can you find some music by NYCC?,Here is NYCC. Can You Feel It?,train
dlg-472ddf4d-4d55-4ff6-ad58-b05aea8e9d32,dlg-472ddf4d-4d55-4ff6-ad58-b05aea8e9d32_3_6,"Hey, That's good. I'm looking for a sort of a similar song. Kind of like that upbeat thing but by a different artist.",Here is Queen - Don't Stop Me Now. Here is bonobo - Animals.,train
dlg-4771e452-0c16-464f-805c-10e1f8bf60d2,dlg-4771e452-0c16-464f-805c-10e1f8bf60d2_5_8,"Well, I've heard of Bloodbath. I haven't heard of Amorphis.",Okay let me see what I can find by Amorphis. Just a second. Here is the music by Amorphis. Here is the music by Amorphis.,test
dlg-4771e452-0c16-464f-805c-10e1f8bf60d2,dlg-4771e452-0c16-464f-805c-10e1f8bf60d2_9_12,"It's not too bad, actually.",What do you think? Here's another one by Amorphis. Here is death of the King by Amorphis. Here's another one by Amorphis. Here is death of the King by Amorphis.,test
dlg-479a8c44-6649-488c-bffb-809e09e3c297,dlg-479a8c44-6649-488c-bffb-809e09e3c297_1_2,Hi. Can you find me some holiday music to listen to?,The Christmas Song by Nat King Cole.,train
dlg-479a8c44-6649-488c-bffb-809e09e3c297,dlg-479a8c44-6649-488c-bffb-809e09e3c297_3_4,Can you play one that's a little bit more recent?,The Christmas Song by Michael Bublé.,train
dlg-479a8c44-6649-488c-bffb-809e09e3c297,dlg-479a8c44-6649-488c-bffb-809e09e3c297_5_6,This song is just kind of depressing sounding. Can you find one that has a little bit more pep?,A Muppet Family Christmas with the Sesame Street Gang.,train
dlg-479a8c44-6649-488c-bffb-809e09e3c297,dlg-479a8c44-6649-488c-bffb-809e09e3c297_7_8,A little bit too cheesy. Can you find one that's sung by a female maybe?,All I Want For Christmas Is You by Mariah Carey.,train
dlg-47cb8031-13fe-460a-bac9-80bec80a96ce,dlg-47cb8031-13fe-460a-bac9-80bec80a96ce_0_1,"Hi Assistant, Can you play something by Wale, please?","Here's the song ""Lotus Flower Bomb"" featuring Miguel by Wale.",train
dlg-47cb8031-13fe-460a-bac9-80bec80a96ce,dlg-47cb8031-13fe-460a-bac9-80bec80a96ce_2_4,"Can you play something more upbeat? I like this song, But I want something more upbeat.","Hold on just a second. Here's the song ""Love Hate Thing"" by Wale featuring Sam Dew.",train
dlg-47cb8031-13fe-460a-bac9-80bec80a96ce,dlg-47cb8031-13fe-460a-bac9-80bec80a96ce_5_7,"I like this song a lot. Can you play a club song by Wale, please?","Just one moment, Here's the song ""Running Back"" featuring Lil Wayne by Wale.",train
dlg-47f0704f-e600-49db-b609-aae98f85a25e,dlg-47f0704f-e600-49db-b609-aae98f85a25e_0_1,"Hi. I'm looking for some music to listen to. I was thinking about the Counting Crows, Maybe.",Counting Crows - Round Here.,train
dlg-47f0704f-e600-49db-b609-aae98f85a25e,dlg-47f0704f-e600-49db-b609-aae98f85a25e_2_5,It's not playing for me. It's telling me its blocked and I have to watch it on YouTube. It's telling me its blocked and I have to watch it on YouTube.,One moment. Counting Crows - Mr. Jones. Counting Crows - Mr. Jones.,train
dlg-47f0704f-e600-49db-b609-aae98f85a25e,dlg-47f0704f-e600-49db-b609-aae98f85a25e_6_8,Okay. How about a similar song by a different artist?,Okay. Semisonic - Closing Time. Semisonic - Closing Time.,train
dlg-47f0704f-e600-49db-b609-aae98f85a25e,dlg-47f0704f-e600-49db-b609-aae98f85a25e_9_10,Okay now. How about same song by different artist?,Leonard Cohen - Closing Time,train
dlg-4835722b-342c-498f-8be0-cfb34d17a39d,dlg-4835722b-342c-498f-8be0-cfb34d17a39d_2_3,I want to hear pop songs.,Here is filthy by Justin Timberlake.,test
dlg-4835722b-342c-498f-8be0-cfb34d17a39d,dlg-4835722b-342c-498f-8be0-cfb34d17a39d_4_7,I'd like to hear something more descriptive.,Did you say descriptive? Here is Tell Me You Love Me by Demi Lovato.,test
dlg-4835722b-342c-498f-8be0-cfb34d17a39d,dlg-4835722b-342c-498f-8be0-cfb34d17a39d_10_16,Give me Jon Bellion.,Here is All Time Low by Jon Bellion. Here is Driving My Life Away by Eddie Rabbitt.,test
dlg-483e5a79-439b-466a-8f83-33f4c4a17d55,dlg-483e5a79-439b-466a-8f83-33f4c4a17d55_0_2,"Hello. Can you play Invisible Enemy by August Burns Red, please?",Here is August Burns Red by Invisible Enemy.,test
dlg-483e5a79-439b-466a-8f83-33f4c4a17d55,dlg-483e5a79-439b-466a-8f83-33f4c4a17d55_3_6,Can you play a similar song by a different artist?,Here is Empire by August Burns Red.,test
dlg-483e5a79-439b-466a-8f83-33f4c4a17d55,dlg-483e5a79-439b-466a-8f83-33f4c4a17d55_7_8,I don't want it. Can you play something newer?,Here is August Burns Red by White Washed.,test
dlg-485a4fdd-3f82-48ab-96ae-ad91be2a2596,dlg-485a4fdd-3f82-48ab-96ae-ad91be2a2596_1_2,I'd like to listen to R&B.,I can help you with that. How about Blackstreet - No Diggity?,train
dlg-485a4fdd-3f82-48ab-96ae-ad91be2a2596,dlg-485a4fdd-3f82-48ab-96ae-ad91be2a2596_3_4,That sounds good. Could I listen to something that's more new?,Here is the song The Weekend - SZA.,train
dlg-485a4fdd-3f82-48ab-96ae-ad91be2a2596,dlg-485a4fdd-3f82-48ab-96ae-ad91be2a2596_5_10,Could I listen to something from the 90s?,For sure. Still in R&B? What about Ginuwine - Pony? Classic 90's R&B song.,train
dlg-485c04a9-cf43-452b-ace7-9aa0511de103,dlg-485c04a9-cf43-452b-ace7-9aa0511de103_0_9,"Hi, Can you help me find some new tunes to listen to? I like Of Monsters and Men.","Looks like I found an artist called Bag Raiders, have you heard of them? Here's the song Shooting Stars by Bag Raiders.",train
dlg-485c04a9-cf43-452b-ace7-9aa0511de103,dlg-485c04a9-cf43-452b-ace7-9aa0511de103_10_14,"Okay. I really like this. Do you think you could find something like Mumford & Sons, too?",Have you heard of the Band Stornoway? Here is a popular song by Stornoway called Absorbing.,train
dlg-485c53fc-9528-46ab-b34f-1fb37ac88cf2,dlg-485c53fc-9528-46ab-b34f-1fb37ac88cf2_1_4,"Hi. Could you play me some U2, please? Maybe something from one of their first albums. U2.",With Or Without You by U2?,train
dlg-485c53fc-9528-46ab-b34f-1fb37ac88cf2,dlg-485c53fc-9528-46ab-b34f-1fb37ac88cf2_5_6,"Yeah, that's pretty good, that's one of my favorite songs. How about playing something off of the album War by U2?",Second by U2.,train
dlg-485c53fc-9528-46ab-b34f-1fb37ac88cf2,dlg-485c53fc-9528-46ab-b34f-1fb37ac88cf2_8_9,How about something more up-to-date. How about some new U2. Or newer?,I Love You by U2.,train
dlg-485ff7ad-db12-4dcc-9416-48930f375230,dlg-485ff7ad-db12-4dcc-9416-48930f375230_2_6,"Hi. I'd like to listen to some acoustic covers, please.",How about the song Payphone originally sung by Maroon 5? Boyce Avenue acoustic cover.,validation
dlg-485ff7ad-db12-4dcc-9416-48930f375230,dlg-485ff7ad-db12-4dcc-9416-48930f375230_8_13,"This guy is really talented, can you play an acoustic or an amateur made it, please? How much you're made acoustic video or cover song?",How about the song Stay With Me by Sam Smith? Hannah Trigwell acoustic cover.,validation
dlg-485ff7ad-db12-4dcc-9416-48930f375230,dlg-485ff7ad-db12-4dcc-9416-48930f375230_14_17,"This is interesting. Can you play popular acoustic cover, please?",Here is the song called I Look To You (Whitney Houston) cover By Aldrich & James.,validation
dlg-486f5e17-af22-4cc6-b917-b7ddbcfae2e8,dlg-486f5e17-af22-4cc6-b917-b7ddbcfae2e8_1_3,Can you play a song by Hans Zimmer?,"Yes, Let me find a song by Hanz Zimmer for you. Here is Hans Zimmer - Time. Here is Hans Zimmer - Time.",train
dlg-486f5e17-af22-4cc6-b917-b7ddbcfae2e8,dlg-486f5e17-af22-4cc6-b917-b7ddbcfae2e8_4_6,"I've heard this piece a lot. Do you think you could play a different song, But still by Zimmer?","Yes, Let me find something different by Hanz Zimmer. Here is S.T.A.Y - Hans Zimmer. Enjoy. Here is S.T.A.Y - Hans Zimmer.",train
dlg-486f5e17-af22-4cc6-b917-b7ddbcfae2e8,dlg-486f5e17-af22-4cc6-b917-b7ddbcfae2e8_8_10,Still not quite right. Can you find one of his older songs?,"Sure, Let me find something older. Here is He's a Pirate by Hans Zimmer. Enjoy. Here is He's a Pirate by Hans Zimmer.",train
dlg-4891351e-be92-4bac-9384-df93ed50547c,dlg-4891351e-be92-4bac-9384-df93ed50547c_0_10,Hello assistant. I would like to hear some music by Cyndi Lauper.,I can play you music from Cyndi Lauper. Here's the song Time After Time by Cyndi Lauper. There's the song True Colors by Cyndi Lauper. Here's the song Kids In America by Kim Wilde and artist known to be similar to Cyndi Lauper.,train
dlg-48ee87ef-1bd6-4565-bcad-024acd661289,dlg-48ee87ef-1bd6-4565-bcad-024acd661289_5_8,"Yes, I've heard of both of those. I'd like Noel Gallagher's High Flying Birds. Is there any music from them, like any new stuff? That'd be cool to hear.",Here is Noel Gallagher's High Flying Birds Everybody's On The Run.,train
dlg-48ee87ef-1bd6-4565-bcad-024acd661289,dlg-48ee87ef-1bd6-4565-bcad-024acd661289_9_10,"Okay, Everybody's On The Run, awesome. I think I've heard this only a couple times. But he got a fairly different sound than what Oasis had, but he's the one who carried their music of the band. But this sounds pretty cool. Now, I'd like to hear another song that's similar to the Foo Fighters like maybe a band that sounds like the Foo Fighters.",Have you ever heard of the band called Thrice r Green Day?,train
dlg-48ee87ef-1bd6-4565-bcad-024acd661289,dlg-48ee87ef-1bd6-4565-bcad-024acd661289_11_14,"I've heard of Thrice r Green Day. I haven't heard like a lot from Thrice r Green Day. I wouldn't mind hearing something from them, possibly.",Here is a song by Thrice called Hurricane.,train
dlg-48f32b9e-4d00-4b57-a5fd-d1c8f97a262e,dlg-48f32b9e-4d00-4b57-a5fd-d1c8f97a262e_4_5,How about something by The Pillows?,Let me find something by the Pillows.,train
dlg-48f32b9e-4d00-4b57-a5fd-d1c8f97a262e,dlg-48f32b9e-4d00-4b57-a5fd-d1c8f97a262e_7_9,"Yeah, it's p i l l o w s, like a pillow that you sleep on.",Here is The Pillows - Runners High.,train
dlg-48f32b9e-4d00-4b57-a5fd-d1c8f97a262e,dlg-48f32b9e-4d00-4b57-a5fd-d1c8f97a262e_11_18,How about something by a similar artist?,Here is FLCL OST - One Life. Here is Slime Girls - Vacation Wasteland.,train
dlg-48f32b9e-4d00-4b57-a5fd-d1c8f97a262e,dlg-48f32b9e-4d00-4b57-a5fd-d1c8f97a262e_19_21,How about some older material from this artist?,Here is Slime Girls - Heart On Wave.,train
dlg-4919eef4-3cb0-4cd9-a098-651a56b71a89,dlg-4919eef4-3cb0-4cd9-a098-651a56b71a89_1_4,"Assistant, I'd like to hear some music by Duran Duran.",Here is Ordinary World by Duran Duran.,train
dlg-4919eef4-3cb0-4cd9-a098-651a56b71a89,dlg-4919eef4-3cb0-4cd9-a098-651a56b71a89_6_7,Could I hear a different song by Duran Duran?,"How about the classic, hungry like the wolf by Duran Duran?",train
dlg-4919eef4-3cb0-4cd9-a098-651a56b71a89,dlg-4919eef4-3cb0-4cd9-a098-651a56b71a89_8_11,That sounds great. Could I hear a similar song by a different artist?,"Here is Arcadia, the election day.",train
dlg-496d5b04-b940-4603-8ce1-f73229c654dd,dlg-496d5b04-b940-4603-8ce1-f73229c654dd_0_2,Can you play me a song by Christina Perri?,How about the song 'A Thousand Years' by Christina Perry.,test
dlg-496d5b04-b940-4603-8ce1-f73229c654dd,dlg-496d5b04-b940-4603-8ce1-f73229c654dd_4_5,"Actually, do you think you could play a faster song by her?",Here is the song 'Distance' by Christina Perri.,test
dlg-496d5b04-b940-4603-8ce1-f73229c654dd,dlg-496d5b04-b940-4603-8ce1-f73229c654dd_6_7,Do you think you could find one of her songs that's latest?,Here is 'The Lonely' one of her latest song.,test
dlg-49dc9300-8e6e-40ab-ba83-0a9f4818daa9,dlg-49dc9300-8e6e-40ab-ba83-0a9f4818daa9_2_7,I'd like to hear something by Pat Benatar.,Here is a classic.,train
dlg-49f86012-0cc4-46df-909e-c1e262cee13a,dlg-49f86012-0cc4-46df-909e-c1e262cee13a_1_4,"Hi. I'd like some help in browsing music in the pop genre, please.","Here is Katy Perry singing her hit song, 'Wide Awake'.",train
dlg-49f86012-0cc4-46df-909e-c1e262cee13a,dlg-49f86012-0cc4-46df-909e-c1e262cee13a_5_8,"All right. Let's try something a little older, please.","Here is Hanson performing MMMBop. Here is the hit, 'I want it that way' performed by the Backstreet Boys.",train
dlg-49f86012-0cc4-46df-909e-c1e262cee13a,dlg-49f86012-0cc4-46df-909e-c1e262cee13a_9_10,"Okay, let's go even a little bit older, please.","Here is 'Billy Jean', by the late great Michael Jackson.",train
dlg-49f86012-0cc4-46df-909e-c1e262cee13a,dlg-49f86012-0cc4-46df-909e-c1e262cee13a_11_14,And the winner is Michael Jackson. The man was gifted.,"Always. He's the greatest pop star ever. Glad, I could help you find some great pop songs. Have a great night.",train
dlg-4a0426af-2df1-4509-aed0-85d9fb1eea54,dlg-4a0426af-2df1-4509-aed0-85d9fb1eea54_1_2,I would like to hear a song by Justin Timberlake.,How about the song called Can't stop the feelings by the artist Justin Timberlake.,train
dlg-4a0426af-2df1-4509-aed0-85d9fb1eea54,dlg-4a0426af-2df1-4509-aed0-85d9fb1eea54_5_6,Now he changes to him to notice as a like music wise to Justin Timberlake.,How about the song called Mirrors by the artist Justin Timberlake?,train
dlg-4a0426af-2df1-4509-aed0-85d9fb1eea54,dlg-4a0426af-2df1-4509-aed0-85d9fb1eea54_7_8,Can you play a artist? I want a different artist different to Justin Timberlake.,How about the song called Havana by the artist Camila Cabello.,train
dlg-4a0426af-2df1-4509-aed0-85d9fb1eea54,dlg-4a0426af-2df1-4509-aed0-85d9fb1eea54_11_12,I don't know what's playing. Can I just hear a different album by the Saddist?,Here is the different song called Never Be the Same by the same artist Camila Cabello.,train
dlg-4a25fc46-d3b3-4e04-8eb4-4e1b4d7a2845,dlg-4a25fc46-d3b3-4e04-8eb4-4e1b4d7a2845_0_7,Hi. I'm trying to find new artists to listen to. Do you think you could help me? Okay. I like The Fray. I like The Fray.,Have you ever listened to Cold Play?,train
dlg-4a25fc46-d3b3-4e04-8eb4-4e1b4d7a2845,dlg-4a25fc46-d3b3-4e04-8eb4-4e1b4d7a2845_8_14,"Yes, I've heard Cold Play.",What about Death Cab for Cutie? What about Matt Kearney? Here's Mat Kearney - Nothing Left To Lose.,train
dlg-4a25fc46-d3b3-4e04-8eb4-4e1b4d7a2845,dlg-4a25fc46-d3b3-4e04-8eb4-4e1b4d7a2845_15_20,"Okay. Thank you. And then, I also like Amber Run. Do you think you could find somebody like them?",Have you ever listened to Osca? Here's Osca: Blood.,train
dlg-4abc6c87-03f0-4c10-9754-47871dfcdbe6,dlg-4abc6c87-03f0-4c10-9754-47871dfcdbe6_1_6,"Hi, can you play me some classical music, please?",How about Tchaikovsky - Waltz of the Flowers? Mozart - Requiem.,validation
dlg-4abc6c87-03f0-4c10-9754-47871dfcdbe6,dlg-4abc6c87-03f0-4c10-9754-47871dfcdbe6_7_9,"Okay, this one is pretty good. Can you send me something a little more upbeat?",Chopin - Spring Waltz (Mariage d'Amour).,validation
dlg-4abc6c87-03f0-4c10-9754-47871dfcdbe6,dlg-4abc6c87-03f0-4c10-9754-47871dfcdbe6_10_11,"Okay, this is pretty good. Can you send me another song by him?",Chopin - Nocturne op.9 No.2.,validation
dlg-4ac4c269-6a7e-4864-b2c6-f4c158a6a422,dlg-4ac4c269-6a7e-4864-b2c6-f4c158a6a422_0_4,"Hi, I'm looking for music by Slaughterhouse.",Here is Microphone by Slaughterhouse. Just be a second. Here is a song The One by Slaughterhouse.,train
dlg-4ac4c269-6a7e-4864-b2c6-f4c158a6a422,dlg-4ac4c269-6a7e-4864-b2c6-f4c158a6a422_5_10,I don't like this song. Can you play some older material from the group?,"This will take at least a minute, still searching for older music by Slaughterhouse, the earliest I can find by Slaughterhouse is in 2009. Here is a title called House Rules by Slaughterhouse.",train
dlg-4ad71e5a-36bb-48b4-b91d-cca4a72c4412,dlg-4ad71e5a-36bb-48b4-b91d-cca4a72c4412_0_2,Hi. Can you find me something by New Edition?,Here is Can You Stand The Rain by New Edition.,train
dlg-4ad71e5a-36bb-48b4-b91d-cca4a72c4412,dlg-4ad71e5a-36bb-48b4-b91d-cca4a72c4412_6_7,Same group would be great. New Edition again.,Here is New Edition with cool now.,train
dlg-4ad71e5a-36bb-48b4-b91d-cca4a72c4412,dlg-4ad71e5a-36bb-48b4-b91d-cca4a72c4412_8_9,"Okay. That's one of my favorites, actually. Can I hear something from N.E. Heartbreak album?",Here is where It All Started by New Edition.,train
dlg-4ad8492d-ff05-4299-be12-510e529a2d92,dlg-4ad8492d-ff05-4299-be12-510e529a2d92_1_2,Hi. I want to hear something by the Beatles.,The Beatles - Hey Jude.,train
dlg-4ad8492d-ff05-4299-be12-510e529a2d92,dlg-4ad8492d-ff05-4299-be12-510e529a2d92_4_5,Give me some of the Beatles newer music.,The Beatles - Real Love.,train
dlg-4ad8492d-ff05-4299-be12-510e529a2d92,dlg-4ad8492d-ff05-4299-be12-510e529a2d92_6_8,Can I hear the Beatles new music?,The Beatles - Free As A Bird.,train
dlg-4b2493a1-0e04-471d-9891-ea6e976457b9,dlg-4b2493a1-0e04-471d-9891-ea6e976457b9_1_2,Hello. Could you play me some music by Johnny Cash?,I Hung My Head by Johnny Cash.,train
dlg-4b2493a1-0e04-471d-9891-ea6e976457b9,dlg-4b2493a1-0e04-471d-9891-ea6e976457b9_3_6,"Okay, great. Could you play me some of the newer material by that artist? More recent stuff.",His Final Live Performance 2003 by Johnny Cash. Rusty Cage by Johnny Cash.,train
dlg-4b4e2a86-9c2c-4383-8251-2c9e9943722f,dlg-4b4e2a86-9c2c-4383-8251-2c9e9943722f_3_8,Yeah. I like Beat Happening.,Ok. Beat Happening. Let's see what else I can find that you may not be familiar with. Have you heard of a group called Gang Gang Dance? Of course. Princes by Gang Gang Dance.,validation
dlg-4b4e2a86-9c2c-4383-8251-2c9e9943722f,dlg-4b4e2a86-9c2c-4383-8251-2c9e9943722f_10_11,You play something by Gang Gang Dance? From a different album maybe?,Ok. Before My Voice Fails by Gang Gang Dance.,validation
dlg-4b4e2a86-9c2c-4383-8251-2c9e9943722f,dlg-4b4e2a86-9c2c-4383-8251-2c9e9943722f_12_18,"Yeah, that's pretty cool.",Have you heard of the group named Afghan Whigs? Debonair by The Afghan Whigs.,validation
dlg-4b4e2a86-9c2c-4383-8251-2c9e9943722f,dlg-4b4e2a86-9c2c-4383-8251-2c9e9943722f_19_21,"Yeah, they're really good.",Algiers by The Afghan Whigs.,validation
dlg-4b76f534-8a6a-43c6-8d99-815bfc201d80,dlg-4b76f534-8a6a-43c6-8d99-815bfc201d80_1_2,"Hi. Today, I need your help finding music to listen to. I have some music in mind. I'm looking for a song called Flutter by Bonobo.",Here's the song flutter by bonobo.,train
dlg-4b76f534-8a6a-43c6-8d99-815bfc201d80,dlg-4b76f534-8a6a-43c6-8d99-815bfc201d80_4_5,"Great, Pretty good song. Something to chill out. That's what I like about a lot of his music. Awesome. Now I'd like to hear another song by Bonobo. It's called Nothing Owed.",Here's the song nothing owed by bonobo.,train
dlg-4b76f7f7-6ea5-4c72-85e9-6bf5bf0bd5b6,dlg-4b76f7f7-6ea5-4c72-85e9-6bf5bf0bd5b6_2_3,Can you help me find some music on YouTube to play? I want to hear something by Sérgio Mendes.,Mas Que Nada by Sergio Mendes feat. Black Eyed Peas.,train
dlg-4b76f7f7-6ea5-4c72-85e9-6bf5bf0bd5b6,dlg-4b76f7f7-6ea5-4c72-85e9-6bf5bf0bd5b6_4_5,"Hey, that's good, but I'm wondering if you can play something from earlier in his career.",With A Little Help From My Friends by Sergio Mendes & Brasil '66.,train
dlg-4b76f7f7-6ea5-4c72-85e9-6bf5bf0bd5b6,dlg-4b76f7f7-6ea5-4c72-85e9-6bf5bf0bd5b6_7_8,"That's nice, I  like that. I didn't think I would like that, but I do. Can you play something from his album Sérgio Mendes?","Hold, this will just be a second. Herb Alpert by Sergio Mendes and Brasil '66.",train
dlg-4b76f7f7-6ea5-4c72-85e9-6bf5bf0bd5b6,dlg-4b76f7f7-6ea5-4c72-85e9-6bf5bf0bd5b6_9_10,"That's another great song, where he does stuff with other people. Do you know? Alright. Well, thank you so much.",Good music by him.,train
dlg-4b96b5ae-3353-4b63-801d-1ada38476d20,dlg-4b96b5ae-3353-4b63-801d-1ada38476d20_1_3,Play some coffee house music for me.,Blanco White by Colder Heavens.,train
dlg-4b96b5ae-3353-4b63-801d-1ada38476d20,dlg-4b96b5ae-3353-4b63-801d-1ada38476d20_4_5,Can you play something a little more down beat?,Seafret by Oceans.,train
dlg-4b96b5ae-3353-4b63-801d-1ada38476d20,dlg-4b96b5ae-3353-4b63-801d-1ada38476d20_8_9,"No, it's still called Little Heart.",Sick of Losing Soulmates by Dodie.,train
dlg-4b96b5ae-3353-4b63-801d-1ada38476d20,dlg-4b96b5ae-3353-4b63-801d-1ada38476d20_10_11,Can you play something by a male singer?,Love Yourself by Justin Bieber.,train
dlg-4b96b5ae-3353-4b63-801d-1ada38476d20,dlg-4b96b5ae-3353-4b63-801d-1ada38476d20_12_13,Can you play something not by Justin Bieber?,All Is Well by Austin Basham.,train
dlg-4becba0b-d435-43db-b807-6230b134e4a9,dlg-4becba0b-d435-43db-b807-6230b134e4a9_2_3,"Get me something from ""The Beatles"".","Sure thing. Here is ""don't let me down"" by the Beatles.",validation
dlg-4becba0b-d435-43db-b807-6230b134e4a9,dlg-4becba0b-d435-43db-b807-6230b134e4a9_4_11,"It's going to be funny if this video's blocked, Because it'd be ironic. But No. It let us down. It's blocked by Vivo.","Here is ""Hey Jude"" by the Beatles. Okay. Here is ""Hey Jude"" performed by Memory Key. Here is John Lennon Imagine.",validation
dlg-4becba0b-d435-43db-b807-6230b134e4a9,dlg-4becba0b-d435-43db-b807-6230b134e4a9_12_13,"It's blocked. You would think that you guys being run for Google would have a shenanigans way to just have this embedded, But apparently not.","Here is John Lennon ""Stand By Me"".",validation
dlg-4c05e482-a586-4bf4-a033-7e579eb5ee2f,dlg-4c05e482-a586-4bf4-a033-7e579eb5ee2f_2_3,One of my favorite artists is Crooked I.,Have you ever heard of Machine Gun or Jadakiss?,train
dlg-4c05e482-a586-4bf4-a033-7e579eb5ee2f,dlg-4c05e482-a586-4bf4-a033-7e579eb5ee2f_4_9,I haven't heard of Jadakiss before.,Here is Jadakiss. How about DJ Screw or finally Quaye.,train
dlg-4c05e482-a586-4bf4-a033-7e579eb5ee2f,dlg-4c05e482-a586-4bf4-a033-7e579eb5ee2f_10_11,I haven't heard of DJ Screw at all.,Here is DJ Screw My Mind Went Blank.,train
dlg-4c29453d-36c6-4d5f-9a3b-4fb7633f768d,dlg-4c29453d-36c6-4d5f-9a3b-4fb7633f768d_4_5,I would like to hear a Janis Joplin song.,"Okay, Janis Joplin, you got it.",train
dlg-4c29453d-36c6-4d5f-9a3b-4fb7633f768d,dlg-4c29453d-36c6-4d5f-9a3b-4fb7633f768d_6_7,Janis Joplin.,Here is Janis Joplin- Piece Of My Heart.,train
dlg-4c29453d-36c6-4d5f-9a3b-4fb7633f768d,dlg-4c29453d-36c6-4d5f-9a3b-4fb7633f768d_10_12,I want to hear something else by Janis Joplin. I want to hear Ball and Chain.,"Okay, let me find Ball and Chain.",train
dlg-4c29453d-36c6-4d5f-9a3b-4fb7633f768d,dlg-4c29453d-36c6-4d5f-9a3b-4fb7633f768d_13_21,I want to hear Ball and Chain.,Here is Janis Joplin Ball and Chain. Here is Janis Joplin - Me & Bobby McGee.,train
dlg-4c336191-86eb-46df-9295-3c5c54d9fc2d,dlg-4c336191-86eb-46df-9295-3c5c54d9fc2d_9_10,Can you play another version?,Here is another version by Tanner Patrick featuring Rajiv Dhall.,validation
dlg-4c622655-b013-4e6a-a0e8-b4c0ab80c799,dlg-4c622655-b013-4e6a-a0e8-b4c0ab80c799_2_12,Hello! I would like to listen to some music from Coldplay. Can you find something for me?,Okay. Here is The Love by Coldplay. Here is The Scientist by Coldplay. Here is Yellow by Coldplay. Here is Speed Of Sound by Coldplay.,train
dlg-4cd8e99c-ccb2-4425-be9d-fce19ded1ce7,dlg-4cd8e99c-ccb2-4425-be9d-fce19ded1ce7_2_9,Would you mind playing me something by the artist Beck? Beck. B e c k.,Here is the song by Beck.,train
dlg-4cd8e99c-ccb2-4425-be9d-fce19ded1ce7,dlg-4cd8e99c-ccb2-4425-be9d-fce19ded1ce7_10_11,"Oh, okay. Now, unfortunately, this is blocked from I can't see it on my browser and blocked it from display on this website, unfortunately. Could you play something from a different album?",Here is Loser by Beck.,train
dlg-4cf0dbee-d529-43ec-92c3-f8fc1eabadcd,dlg-4cf0dbee-d529-43ec-92c3-f8fc1eabadcd_1_2,I would like to listen to reggae music.,"Here's the legend, Bob Marley performing Is This Love.",train
dlg-4cf0dbee-d529-43ec-92c3-f8fc1eabadcd,dlg-4cf0dbee-d529-43ec-92c3-f8fc1eabadcd_3_4,I would like to listen to reggae music that is newer.,Here is Ziggy Marley performing true to myself.,train
dlg-4cf0dbee-d529-43ec-92c3-f8fc1eabadcd,dlg-4cf0dbee-d529-43ec-92c3-f8fc1eabadcd_5_8,I'd like to listen to reggae music with a female artist.,Here is Judy mowatt performing black woman. Here is Lady saw performing heels on.,train
dlg-4cfc71e3-87f8-471e-99c8-4d869bda3d86,dlg-4cfc71e3-87f8-471e-99c8-4d869bda3d86_1_4,"Hello, I'd like to browse the music of Chicago, please.","Chicago - hard to say I'm sorry, or you're the inspiration, or look away.",train
dlg-4cfc71e3-87f8-471e-99c8-4d869bda3d86,dlg-4cfc71e3-87f8-471e-99c8-4d869bda3d86_5_6,And I 'll go with look away.,"Chicago - ""Look Away"".",train
dlg-4cfc71e3-87f8-471e-99c8-4d869bda3d86,dlg-4cfc71e3-87f8-471e-99c8-4d869bda3d86_7_8,"It's not bad. I haven't heard that in a while. How about a different song from the same album, please?","Chicago - ""Will You Still Love Me"".",train
dlg-4cfc71e3-87f8-471e-99c8-4d869bda3d86,dlg-4cfc71e3-87f8-471e-99c8-4d869bda3d86_9_12,"An excellent choice, but let's go with some older material, please.","Older material, still with chicago? Chicago - You're The Inspiration.",train
dlg-4d373165-9e56-4afd-b709-2cc11de8833f,dlg-4d373165-9e56-4afd-b709-2cc11de8833f_2_3,Let me hear something from Black Sabbath.,Here's the song Paranoid by Black Sabbath.,train
dlg-4d373165-9e56-4afd-b709-2cc11de8833f,dlg-4d373165-9e56-4afd-b709-2cc11de8833f_4_8,"Okay. Yeah, I like this song. You know what? Let me hear Metallica. Play something from Metallica.",Here's the song Fade to Black by Metallica.,train
dlg-4d373165-9e56-4afd-b709-2cc11de8833f,dlg-4d373165-9e56-4afd-b709-2cc11de8833f_9_10,"Actually, play Master of Puppets.",Here's the song Master of Puppets by Metallica.,train
dlg-4d6fd29e-919b-4a7b-b3bb-59918d1fc071,dlg-4d6fd29e-919b-4a7b-b3bb-59918d1fc071_1_5,Hi Assistant. I would like to hear some from the Guess Who.,"Yes, did you say Guess Who? Here is Guess Who - No Time.",test
dlg-4d6fd29e-919b-4a7b-b3bb-59918d1fc071,dlg-4d6fd29e-919b-4a7b-b3bb-59918d1fc071_7_8,Thanks for playing that for me. Can I get some newer material?,Here is These Eyes - The Guess Who.,test
dlg-4dd546fc-134a-4f32-b2bb-5a9f6a642098,dlg-4dd546fc-134a-4f32-b2bb-5a9f6a642098_1_2,Hello. Can you play some music by Katy Perry?,"I'd be glad to, here is Katy Perry performing Swish Swish.",train
dlg-4dd546fc-134a-4f32-b2bb-5a9f6a642098,dlg-4dd546fc-134a-4f32-b2bb-5a9f6a642098_3_4,"This is really good, but can you play something older by Katy Perry?",Here is Katy Perry performing her hit fireworks.,train
dlg-4dd546fc-134a-4f32-b2bb-5a9f6a642098,dlg-4dd546fc-134a-4f32-b2bb-5a9f6a642098_5_7,"This is good, too. Okay. Can you play something newer like Katy Perry?",Here is Katy Perry's new single titled Hey Hey Hey.,train
dlg-4e6ecfb2-cdeb-4bb6-8753-3b47ecbc3c75,dlg-4e6ecfb2-cdeb-4bb6-8753-3b47ecbc3c75_4_8,How about the Counting Crows last album?,Here is Earthquake Driver by Counting Crows. Here is Dave Matthews performing the space between.,train
dlg-4e6ecfb2-cdeb-4bb6-8753-3b47ecbc3c75,dlg-4e6ecfb2-cdeb-4bb6-8753-3b47ecbc3c75_9_10,"No, how about something of that same album by Dave Matthews but a different song?","Here's Dave Matthews Band performing ""what would you say?"".",train
dlg-4e935edc-2057-4841-9de2-ed8ba8c05afb,dlg-4e935edc-2057-4841-9de2-ed8ba8c05afb_1_4,Hello. Can you play some August Burns Red?,Composure by August Burns Red. Invisible Enemy by August Burns Red.,train
dlg-4e935edc-2057-4841-9de2-ed8ba8c05afb,dlg-4e935edc-2057-4841-9de2-ed8ba8c05afb_5_7,"Okay. And I'm not really feeling this. Can you play like a similar song by a different artist, possibly?",Danger: Wild man by The Devil Wears Prada.,train
dlg-4ea0b85f-8599-444b-a599-9d1fe15b89c2,dlg-4ea0b85f-8599-444b-a599-9d1fe15b89c2_1_2,Hi. Yeah. Can I hear a song by J. Cole?,Here's the song called Power Trip by J. Cole.,train
dlg-4ea0b85f-8599-444b-a599-9d1fe15b89c2,dlg-4ea0b85f-8599-444b-a599-9d1fe15b89c2_3_4,Okay. Can I hear a song that's a little bit newer by him?,Here is the song Want You To Fly by J. Cole?,train
dlg-4ea0b85f-8599-444b-a599-9d1fe15b89c2,dlg-4ea0b85f-8599-444b-a599-9d1fe15b89c2_5_6,This song is cool. Can I get a track by an artist that's similar to him?,Sure. Here's the song called DNA by Kendrick Lamar.,train
dlg-4eb279ad-320f-4216-ac76-2583b5def2c4,dlg-4eb279ad-320f-4216-ac76-2583b5def2c4_0_5,I'd like to listen to Johnny Cash.,How about the song I Walk the Line by Johnny Cash? How about the song Cocaine Blues by Johnny Cash?,train
dlg-4eb279ad-320f-4216-ac76-2583b5def2c4,dlg-4eb279ad-320f-4216-ac76-2583b5def2c4_6_7,"Yeah, I got the song. Can you play the same song but a different artist?","Here is your song, Cocaine Blues Cover by Red The Rebel.",train
dlg-4f4d1b51-5c5c-4617-a448-9f3a0619a66a,dlg-4f4d1b51-5c5c-4617-a448-9f3a0619a66a_0_2,Can you play something by The Vaselines?,How about Stone Temple?,train
dlg-4f4d1b51-5c5c-4617-a448-9f3a0619a66a,dlg-4f4d1b51-5c5c-4617-a448-9f3a0619a66a_5_6,Can you play something by the band The Vaselines?,How about Mowbeck?,train
dlg-4f757e87-b775-404c-a1f6-3450813c992b,dlg-4f757e87-b775-404c-a1f6-3450813c992b_1_4,I would like to hear Shanice I Love Your Smile.,"Sure, Let me find that. Just one moment. Here is Shanice I love your smile. Did you get the song? Here is Shanice I love your smile.",train
dlg-4f757e87-b775-404c-a1f6-3450813c992b,dlg-4f757e87-b775-404c-a1f6-3450813c992b_6_10,I did. Can I now listen to a similar song by a different artist? Can I now listen to a similar song by a different artist?,"Sure, let me find one for you. One moment. Here is Your making me high by Toni Braxton. Here is Your making me high by Toni Braxton.",train
dlg-4f757e87-b775-404c-a1f6-3450813c992b,dlg-4f757e87-b775-404c-a1f6-3450813c992b_11_14,Can you play another version? This one is blocked.,Sure. This will just be a second. Here is Your making me high by Toni Braxton. Here is Your making me high by Toni Braxton.,train
dlg-4f757e87-b775-404c-a1f6-3450813c992b,dlg-4f757e87-b775-404c-a1f6-3450813c992b_15_19,Okay. Can I listen to a a similar song by a different artist?,Here is your making me high by KIKKR.,train
dlg-4f757e87-b775-404c-a1f6-3450813c992b,dlg-4f757e87-b775-404c-a1f6-3450813c992b_20_23,Can you play a different version? That one is also blocked.,"Sure. One sec. Okay, Here is second try for making me high by KIKKR. Okay, here is second try for making me high by KIKKR.",train
dlg-4f7ff013-7650-4fc0-ab61-ed3bb05f80bf,dlg-4f7ff013-7650-4fc0-ab61-ed3bb05f80bf_0_1,"Hi. I'd like help listening to the music of Blake Shelton, please.","Here's the song, Mine would be You by Blake Shelton.",train
dlg-4f7ff013-7650-4fc0-ab61-ed3bb05f80bf,dlg-4f7ff013-7650-4fc0-ab61-ed3bb05f80bf_2_8,"I like that. How about something from a older album, please?","Hold, One moment, Here's the song, Everytime I Look At You by Blake Shelton from his self-titled album Blake Shelton. Hold on Just a second. Here's the song All Over Me by Blake Shelton from the Same album.",train
dlg-4fbf1f46-c5fe-4e14-8e7e-b3313bce0154,dlg-4fbf1f46-c5fe-4e14-8e7e-b3313bce0154_3_9,"Hello. Could you play me songs by One Direction? Yeah, I like that song. That's a cool song, but could you play me a a different song by the same One Direction band?",Here is My One Side love by One Direction. Go through with this. One Direction - What Makes You Beautiful. Go through with this.,train
dlg-4fbf1f46-c5fe-4e14-8e7e-b3313bce0154,dlg-4fbf1f46-c5fe-4e14-8e7e-b3313bce0154_10_13,"Okay, that's cool. Now, could we get another song?",How about One Direction - Perfect?,train
dlg-4fc356a6-52c9-4a7e-b444-4e4cc056c201,dlg-4fc356a6-52c9-4a7e-b444-4e4cc056c201_0_3,"Hi. Could I hear something by Katy Perry, please?",Katy Perry - Part Of Me.,validation
dlg-4fc356a6-52c9-4a7e-b444-4e4cc056c201,dlg-4fc356a6-52c9-4a7e-b444-4e4cc056c201_4_7,Could I hear the same song by a different artist?,Part of me - Musiq Soulchild.,validation
dlg-4fc356a6-52c9-4a7e-b444-4e4cc056c201,dlg-4fc356a6-52c9-4a7e-b444-4e4cc056c201_9_12,Can I get the same song by a different artist?,Chris Cornell - Part Of Me.,validation
dlg-4fc356a6-52c9-4a7e-b444-4e4cc056c201,dlg-4fc356a6-52c9-4a7e-b444-4e4cc056c201_13_14,That's a good song. That's a great tune. I love that song.,Seems like a fun song!,validation
dlg-4fd65559-3e41-433d-a50b-39130d3ce905,dlg-4fd65559-3e41-433d-a50b-39130d3ce905_3_8,Could I hear something by the artist Ledisi? Sure. It's l e d i s i.,Thank you. Just one moment. Here's the song by Ledisi. Okay. Here's Pieces Of Me by Ledisi.,validation
dlg-4fd65559-3e41-433d-a50b-39130d3ce905,dlg-4fd65559-3e41-433d-a50b-39130d3ce905_11_16,"Okay, that works. I love that song. How about either another song from Ledisi or another R&B artist?",Another R&B artist similar to Ledisi? Okay. This will just be a second. Have you heard of the artist Jaguar Wright? Here's Self Love by Jaguar Wright.,validation
dlg-50122574-cd6a-48b4-b468-6ceb66f090bb,dlg-50122574-cd6a-48b4-b468-6ceb66f090bb_2_6,"Yes, Can you play something from the band Megadeth, please?",Here is peace sells by Megadeth.,train
dlg-50122574-cd6a-48b4-b468-6ceb66f090bb,dlg-50122574-cd6a-48b4-b468-6ceb66f090bb_7_17,"Thank you, It's actually one of my favorites, Can you play something else?",Here is Devil's Island by Megadeth. Here is Dystopia by Megadeth.,train
dlg-501a9a17-4d38-4fca-a85d-74d7743c9506,dlg-501a9a17-4d38-4fca-a85d-74d7743c9506_1_3,Can you play me a song by Jewel Vera?,Here is one little string by Jule Vera.,train
dlg-501a9a17-4d38-4fca-a85d-74d7743c9506,dlg-501a9a17-4d38-4fca-a85d-74d7743c9506_4_6,"I'm kind of in a mood, actually. Do you think you could play one that's kind of slow and sad?",Here is Scarlet Letter by Jule Vera.,train
dlg-501a9a17-4d38-4fca-a85d-74d7743c9506,dlg-501a9a17-4d38-4fca-a85d-74d7743c9506_7_9,Do you think you could play a cover of this song?,Let me see if I can find a cover of the song for you. Here is Scarlet Letter performance by Allison Le.,train
dlg-50388e22-59cb-4a62-a577-7e2af556f3b4,dlg-50388e22-59cb-4a62-a577-7e2af556f3b4_1_9,"Hi. I'm looking for a new artist to listen to, please. Something related to Eminem, please.","Of course, have you heard of Kendrick Lamar? What about J Cole? No Role Modelz - J. Cole (Lyrics).",train
dlg-50388e22-59cb-4a62-a577-7e2af556f3b4,dlg-50388e22-59cb-4a62-a577-7e2af556f3b4_10_12,"This song's pretty good. Can you suggest something else from a different artist, please?",Have you heard of Lupe Fiasco?,train
dlg-50388e22-59cb-4a62-a577-7e2af556f3b4,dlg-50388e22-59cb-4a62-a577-7e2af556f3b4_14_16,"Can you find something another suggestion other than J. Cole, please?",Guy Sebastian Ft. Lupe Fiasco- Battle Scars (lyrics).,train
dlg-5067e261-4e92-46c2-811e-e016f8c27b9d,dlg-5067e261-4e92-46c2-811e-e016f8c27b9d_1_3,"Hi, I'd like to browse the music of Adele, please.",Here's Send My Love (To Your New Lover).,test
dlg-5067e261-4e92-46c2-811e-e016f8c27b9d,dlg-5067e261-4e92-46c2-811e-e016f8c27b9d_4_7,"Can I hear a similar song but by a different artist, please?",Definitely. Here's Christina Perri Human Lyrics.,test
dlg-5067e261-4e92-46c2-811e-e016f8c27b9d,dlg-5067e261-4e92-46c2-811e-e016f8c27b9d_8_9,"That's not quite what I'm looking for, but let's just try a different song by the same artist Christina Perri.",Here's Christina Perri- Jar of Hearts Lyrics.,test
dlg-5073205d-7d88-43d2-ad9f-6e5357b32130,dlg-5073205d-7d88-43d2-ad9f-6e5357b32130_1_13,Hi. I was looking for some new music to listen. I was kind of hoping for like Mudvayne and God Forbid.,"Okay, God forbid. Let's see what else I can find that you may not be familiar with? Are you familiar with the artist Killswitch Engage? How about Atreyu? How about the artist Bullet for My Valentine? Shai-Hulud? Great. Let me play a song by this artist. Here is the song Reach Beyond the Sun by Shai Hulud. Do you like it? Here is the song Reach Beyond the Sun by Shai Hulud.",train
dlg-5073205d-7d88-43d2-ad9f-6e5357b32130,dlg-5073205d-7d88-43d2-ad9f-6e5357b32130_15_21,"Sorry. It wasn't playing. Hang on. This doesn't sound too bad, actually. This doesn't sound too bad, actually.",Are you familiar with the artist Call to Preserve? Here is the song Lincoln Street by Call To Preserve.,train
dlg-50a70ee2-ffee-4068-81ab-1b9fbbcefba3,dlg-50a70ee2-ffee-4068-81ab-1b9fbbcefba3_0_2,"Hi, can you play some music by Wale?",Here is Wale-Running back.,validation
dlg-50a70ee2-ffee-4068-81ab-1b9fbbcefba3,dlg-50a70ee2-ffee-4068-81ab-1b9fbbcefba3_3_6,This song is cheesy. I really don't like it.,"That's to bad, what would you like? Here's Wale-Fashion Week.",validation
dlg-510f0f9b-8f2d-476e-ac11-28b1f5d1ccdc,dlg-510f0f9b-8f2d-476e-ac11-28b1f5d1ccdc_1_10,"Hi, I'm looking for some new music. Yeah. How about Flume?","Okay. Let's see what else I can find that you may not be familiar with. Just one moment. Have you heard of the artist named Ta-ku? Here's Higher by Ta-ku. By Ta-ku? Here's the Drive Slow, Homie Pt. IV by Ta-ku.",train
dlg-510f0f9b-8f2d-476e-ac11-28b1f5d1ccdc,dlg-510f0f9b-8f2d-476e-ac11-28b1f5d1ccdc_11_17,How about an artist that sounds like Dillon Francis now?,"Okay, Have you heard of the artist name Porter Robinson? Have you heard of artist name Porter Robinson? Here's the Sad Machine by Porter Robinson. Shelter (Official Video) (Short Film with A-1 Pictures & Crunchyroll) by Porter Robinson & Madeon. You are welcome, bye.",train
dlg-513401b7-52f6-47ff-b039-943c55be5374,dlg-513401b7-52f6-47ff-b039-943c55be5374_0_2,Can I listen to Coffee House Music?,Here is Jill Scott Heron performing the bottle.,train
dlg-513401b7-52f6-47ff-b039-943c55be5374,dlg-513401b7-52f6-47ff-b039-943c55be5374_3_4,Can I see anything newer?,Here is the Alabama Shakes performing Don't Want To Fight.,train
dlg-513401b7-52f6-47ff-b039-943c55be5374,dlg-513401b7-52f6-47ff-b039-943c55be5374_5_6,Can I listen to something old again?,Here is Marvin Gaye performing I Heard It Through The Grapevine.,train
dlg-516d9149-99a0-475d-845e-fd0d02d57bf7,dlg-516d9149-99a0-475d-845e-fd0d02d57bf7_0_4,"Hi, I'd like to listen to some music by Kiss. Can you play me some music by Kiss?",How about kiss I was made for loving you?,train
dlg-518a806f-129b-4a51-bfca-c825ef6e68ed,dlg-518a806f-129b-4a51-bfca-c825ef6e68ed_2_9,"Hi, I'd like to hear something based on Steely Dan.","Let me see, what I can find based on Steely Dan? Have you heard of the band Fleetwood Mac or Rush? Here is Limelight by Rush.",train
dlg-518a806f-129b-4a51-bfca-c825ef6e68ed,dlg-518a806f-129b-4a51-bfca-c825ef6e68ed_11_14,I like it a lot. It's very good. Can I hear the song by Fleetwood Mac?,Here is the Chain by Fleetwood Mac.,train
dlg-51924dac-017c-4433-a041-a2b44361a54f,dlg-51924dac-017c-4433-a041-a2b44361a54f_2_3,I'm a big fan of the music group called The Mamas & the Papas. I'd like to hear a song by them called San Francisco.,Here's the song by Mamas & the Papas called San Francisco.,train
dlg-51924dac-017c-4433-a041-a2b44361a54f,dlg-51924dac-017c-4433-a041-a2b44361a54f_4_6,"Okay. I want to hear California Dreamin', Instead by The Mamas & the Papas. So, Let's change this song to California Dreamin' by The Mamas & the Papas, Please. I want to hear California Dreamin', instead by The Mamas & the Papas. So, let's change this song to California Dreamin' by The Mamas & the Papas, please.",Here's the California Dreamin'.,train
dlg-51a65804-4980-494a-8d7b-23a35e6bae09,dlg-51a65804-4980-494a-8d7b-23a35e6bae09_1_2,Can you play something by Katy Perry? Or wait. Can you play something pop for me?,How about the song Just The Way You Are by Bruno mars?,train
dlg-51a65804-4980-494a-8d7b-23a35e6bae09,dlg-51a65804-4980-494a-8d7b-23a35e6bae09_4_6,Okay. Can you play another song that's pop?,How about the song Girls Just Want To Have Fun by Cyndi Lauper?,train
dlg-51a65804-4980-494a-8d7b-23a35e6bae09,dlg-51a65804-4980-494a-8d7b-23a35e6bae09_9_10,Sounds good. Can you play something faster paced though?,How about the song Wake Me Up Before You Go-Go by wham?,train
dlg-51a65804-4980-494a-8d7b-23a35e6bae09,dlg-51a65804-4980-494a-8d7b-23a35e6bae09_12_14,Okay. Can you play some 90's pop music?,How about the song Bye Bye Bye by NSYNC.,train
dlg-51c51fde-7570-422b-95ae-0eb8b62efdca,dlg-51c51fde-7570-422b-95ae-0eb8b62efdca_0_4,Play a song by The Deer Hunter.,"Ok, here is Deer Hunter - Snakeskin.",train
dlg-51c51fde-7570-422b-95ae-0eb8b62efdca,dlg-51c51fde-7570-422b-95ae-0eb8b62efdca_5_6,Change the music to a similar artist.,Here is Kurt Vile - Pretty Pimpin.,train
dlg-51c51fde-7570-422b-95ae-0eb8b62efdca,dlg-51c51fde-7570-422b-95ae-0eb8b62efdca_9_10,Play something else that's similar to a different artist.,Here is Shawn Mendes - There's Nothing Holding Me Back.,train
dlg-51c51fde-7570-422b-95ae-0eb8b62efdca,dlg-51c51fde-7570-422b-95ae-0eb8b62efdca_11_12,The video doesn't play.,"Okay, let me find something else. Here is Ed Sheeran - Happier.",train
dlg-51d91c57-b3c4-4292-9c75-f5ff9ada3967,dlg-51d91c57-b3c4-4292-9c75-f5ff9ada3967_0_3,I'd like to hear a song by John Lennon.,Here's John Lennon - Jealous Guy.,train
dlg-51d91c57-b3c4-4292-9c75-f5ff9ada3967,dlg-51d91c57-b3c4-4292-9c75-f5ff9ada3967_4_6,Change the song to George Strait.,Here's George Strait - Check Yes Or No.,train
dlg-51d91c57-b3c4-4292-9c75-f5ff9ada3967,dlg-51d91c57-b3c4-4292-9c75-f5ff9ada3967_10_13,Play George Strait Cheyenne by Marnie.,Here's I Can Still Make Cheyenne - George Strait.,train
dlg-51faa1d3-7730-47ea-8211-2da617ae8a7a,dlg-51faa1d3-7730-47ea-8211-2da617ae8a7a_2_9,Hello. Can I listen to music by Lorde?,Here is Royals by Lorde. Here is Green Light by Lorde for you.,train
dlg-51faa1d3-7730-47ea-8211-2da617ae8a7a,dlg-51faa1d3-7730-47ea-8211-2da617ae8a7a_11_14,"May be something a little bit older, like in-between those two songs. Can you find me some other?",Here is Tennis Court by Lorde.,train
dlg-51fae9bf-9614-4a53-8abc-92da21b7adb7,dlg-51fae9bf-9614-4a53-8abc-92da21b7adb7_0_12,Hello. I need to find some new music to listen to that's similar to August Burns Red.,What about Escape the Fat? Here's Escape The Fate- Situations. Here's Escape The Fate- Digging My Own Grave. How about Underoath? Here's Underoath- On My Teeth.,train
dlg-51fae9bf-9614-4a53-8abc-92da21b7adb7,dlg-51fae9bf-9614-4a53-8abc-92da21b7adb7_13_14,"Okay, and then can you play another song by Underoath?",Here's Underoath- Reinventing Your Exit.,train
dlg-520a31ea-2d3d-4183-a447-ed515b105eb6,dlg-520a31ea-2d3d-4183-a447-ed515b105eb6_1_5,Hi. Today I need your help in finding a new music to listen to. I'm looking for a song by the band Oasis. It's called Let It Out. Go Let It Out.,Okay you want to hear the song Go let it out. Let's see what else I can find that you may not be familiar with. How about Take Me Out by Franz Ferdinand?,train
dlg-520a31ea-2d3d-4183-a447-ed515b105eb6,dlg-520a31ea-2d3d-4183-a447-ed515b105eb6_7_11,"Okay. That's a pretty good song. That's a classic one. Someone that had more of an upbeat sound. I like it. I liked it when they came out with this. It's pretty good. I'd like to hear another. I'd like to hear a song by a band that's similar to Franz Ferdinand, actually. In the same ballpark.",How about something by the band Weezer?,train
dlg-520a31ea-2d3d-4183-a447-ed515b105eb6,dlg-520a31ea-2d3d-4183-a447-ed515b105eb6_12_14,Okay. By Weezer. That would work.,How about the song Feels Like Summer by Weezer?,train
dlg-526604f0-253d-4a99-ae5e-b4d4a771534a,dlg-526604f0-253d-4a99-ae5e-b4d4a771534a_0_5,"Hello. I'd like some help browsing classical music, please.",I can help you find some classical music. Here's the song Moonlight Sonata by Beethoven.,validation
dlg-526604f0-253d-4a99-ae5e-b4d4a771534a,dlg-526604f0-253d-4a99-ae5e-b4d4a771534a_8_11,Do you have some symphony music? That's classical.,Here's Beethoven 9 performed by the Chicago Symphony Orchestra.,validation
dlg-526604f0-253d-4a99-ae5e-b4d4a771534a,dlg-526604f0-253d-4a99-ae5e-b4d4a771534a_12_16,How about string quartets? Do you have that?,Here's Waltz of the flowers from The Nutcracker performed by Singapore string quartet. Here is Beethoven performed by Oregon conserto.,validation
dlg-5270531d-28d4-4fe8-92f7-455652393c74,dlg-5270531d-28d4-4fe8-92f7-455652393c74_2_6,"Hi, I'd like to hear something by Slayer, please.","Here is Pantera, performing walk.",train
dlg-5270531d-28d4-4fe8-92f7-455652393c74,dlg-5270531d-28d4-4fe8-92f7-455652393c74_7_8,"No. I don't want this. Play something else from a similar artist again, please.",Here is Megadeth performing a symphony of destruction.,train
dlg-527b3aac-1349-413b-ba7e-813a28dc2a2b,dlg-527b3aac-1349-413b-ba7e-813a28dc2a2b_0_2,Hi. Can you play me some older music from The Cure?,Here's Lovesong by The Cure.,train
dlg-527b3aac-1349-413b-ba7e-813a28dc2a2b,dlg-527b3aac-1349-413b-ba7e-813a28dc2a2b_3_6,"That's pretty good, but that's what everybody plays. How about something else off the same album?",Here's Prayers for Rain by The Cure.,train
dlg-527b3aac-1349-413b-ba7e-813a28dc2a2b,dlg-527b3aac-1349-413b-ba7e-813a28dc2a2b_7_8,How about a cover song by somebody else?,Here's Prayers for Rain by Dead Vibrations.,train
dlg-52b3e148-681d-4fcc-9699-2f63fc7aa187,dlg-52b3e148-681d-4fcc-9699-2f63fc7aa187_0_4,"Hi. I'd love to hear some Barry Manilow song. Can you find me a really good, fun Barry Manilow song?",Here is Barry Manilow - This One's For You.,train
dlg-52b3e148-681d-4fcc-9699-2f63fc7aa187,dlg-52b3e148-681d-4fcc-9699-2f63fc7aa187_6_10,"Okay. That's not quite what I wanted to listen to. Do you have a more upbeat, fun Barry Manilow song?",Here is Barry Manilow - Copacabana.,train
dlg-52b3e148-681d-4fcc-9699-2f63fc7aa187,dlg-52b3e148-681d-4fcc-9699-2f63fc7aa187_13_22,I'd like to hear something like more upbeat by a similar artist. Maybe like Madonna. Something upbeat from Madonna.,Here is Madonna - Hung Up.,train
dlg-533008ef-ccb5-4cb9-ab31-6c66b48a93b8,dlg-533008ef-ccb5-4cb9-ab31-6c66b48a93b8_1_5,"Hi, I would love to hear some music. There's a great song from '80's called My Sharona, something similar to that. No, but I'll try another one. How about an artist similar to Devo?","Let me see, who I can find similar to the artist Devo. Just one moment, based on the artist Devo I was able to find the Smiths and New Order.",train
dlg-533008ef-ccb5-4cb9-ab31-6c66b48a93b8,dlg-533008ef-ccb5-4cb9-ab31-6c66b48a93b8_6_8,"Oh, let's hear New Order.","I will play you something by New Order, one sec. Here is Blue Monday by New Order.",train
dlg-533008ef-ccb5-4cb9-ab31-6c66b48a93b8,dlg-533008ef-ccb5-4cb9-ab31-6c66b48a93b8_10_13,"Very nice, I like that. Let me hear that second artist that you mentioned. I mentioned two artists, and you mentioned two artists. Let's try out The Smiths.",Here is How Soon Is Now by The Smiths.,train
dlg-535c0c10-6edd-4a0a-bd93-e0873e5fa667,dlg-535c0c10-6edd-4a0a-bd93-e0873e5fa667_1_9,"Hi, I'd like to hear some music by the B-52's.",How about the song Love Shack by B-52's? Here is the song Love shack by B-52's.,train
dlg-535c0c10-6edd-4a0a-bd93-e0873e5fa667,dlg-535c0c10-6edd-4a0a-bd93-e0873e5fa667_10_16,"Hey Assistant, I really like this song but can I hear a different song? Either from the B-52's or something similar.",How about the song My Sharona by the band The Knack? Here is the song by My Sharona by the band The Knack.,train
dlg-535c0c10-6edd-4a0a-bd93-e0873e5fa667,dlg-535c0c10-6edd-4a0a-bd93-e0873e5fa667_17_25,"Oh. Hey Assistant, thanks for playing My Sharona. Could I hear a similar song?","You mean cover for the song My Sharona? Here is the cover, The Knack's My Sharona cover by Phil X (Bon Jovi) and The Drills.",train
dlg-536e4528-4f98-457c-8ecf-5e57dca238ba,dlg-536e4528-4f98-457c-8ecf-5e57dca238ba_0_1,Hi. Could you play me a song by the band Fifth Harmony?,Here's the song He Like That by Fifth Harmony.,train
dlg-536e4528-4f98-457c-8ecf-5e57dca238ba,dlg-536e4528-4f98-457c-8ecf-5e57dca238ba_3_4,"Okay. Yeah, that's a good song, but could you play me something of their older material?",Here is Angel by Fifth Harmony.,train
dlg-536e4528-4f98-457c-8ecf-5e57dca238ba,dlg-536e4528-4f98-457c-8ecf-5e57dca238ba_5_6,"Yeah, I like that song, but play me something from older material.",Here's the song Work From Home featuring Ty Dolla sign's by Fifth Harmony.,train
dlg-53ec996e-5cbd-4749-9dfd-a51b741b7b1a,dlg-53ec996e-5cbd-4749-9dfd-a51b741b7b1a_4_24,Bruno Mars.,"Okay, let me see who I can find based on Bruno Mars. Andre 3000. How about B O B? And how about Meghan Traynor? Paramore? How about Taio Cruz? I will play you something by Taio Cruz. Here is Dynamite by Taio Cruz. Here's another one by Taio Cruz.",train
dlg-53ec996e-5cbd-4749-9dfd-a51b741b7b1a,dlg-53ec996e-5cbd-4749-9dfd-a51b741b7b1a_25_29,Can you give me a different artist that is similar to Bruno Mars? Something other than Taio Cruz.,Have you heard of the artist Mario or Jessie J? How about Hoodie Allen?,train
dlg-53ec996e-5cbd-4749-9dfd-a51b741b7b1a,dlg-53ec996e-5cbd-4749-9dfd-a51b741b7b1a_30_33,Not Hoodie Allen. I haven't heard of Hoodie Allen.,I will play you something by Hoodie Allen. Here is No Interruption by Hoodie Allen.,train
dlg-53f53a1e-4031-4814-a394-f363392346b2,dlg-53f53a1e-4031-4814-a394-f363392346b2_2_6,Hi. I was hoping to find some new music that's similar to Mumford & Sons.,"Okay, let me see if I can find some other artists to Mumford & Sons for you. Based on the band Mumford and Sons have you heard of Lady Danville or the Civil Wars?",train
dlg-53f53a1e-4031-4814-a394-f363392346b2,dlg-53f53a1e-4031-4814-a394-f363392346b2_7_20,"I've heard of The Civil Wars, but I'm not sure I've heard of the first one you said, lady-something.",Let me see what I can find by Lady Danville. Here is Sophie Roux by Lady Danville. Have you heard of the band titled American authors? Here is pride by the American Authors.,train
dlg-53f53a1e-4031-4814-a394-f363392346b2,dlg-53f53a1e-4031-4814-a394-f363392346b2_21_25,That one was blocked. Can you find another one?,Here is Believer by the American authors.,train
dlg-53f53a1e-4031-4814-a394-f363392346b2,dlg-53f53a1e-4031-4814-a394-f363392346b2_26_34,"That one was blocked, too.",Have you heard of the artist Jason Mraz? How about the band Counting Crows or Dave Matthews Band?,train
dlg-53f53a1e-4031-4814-a394-f363392346b2,dlg-53f53a1e-4031-4814-a394-f363392346b2_35_39,"Yep, heard of both of those, too. Is there nothing else from American Authors that's on YouTube?",Here is Walking Away by American Authors.,train
dlg-53f53a1e-4031-4814-a394-f363392346b2,dlg-53f53a1e-4031-4814-a394-f363392346b2_42_46,All right. Can you play me one more track from Lady Danville?,Heroes Cast Away by Lady Danville.,train
dlg-54336154-2938-454e-b2aa-fc382a12b2cd,dlg-54336154-2938-454e-b2aa-fc382a12b2cd_2_3,"Hi. Today, I need your help to find some music. I'm looking for a song by Bonobo. It's called 1009.",Here is Bonobo - 1009.,train
dlg-54336154-2938-454e-b2aa-fc382a12b2cd,dlg-54336154-2938-454e-b2aa-fc382a12b2cd_5_8,"This song is like a mix of ambient sounds and it's kind of strange actually compared to a lot of his other music. Pretty upbeat, though. Now, I'd like to hear another song by Bonobo. It's called Animals.",Here is Bonobo - Animals.,train
dlg-54355dd2-1c17-40ec-b686-6a631d333f3e,dlg-54355dd2-1c17-40ec-b686-6a631d333f3e_0_9,Hello. I want to hear a song by Prince. Okay. I want to hear something from Purple Rain. I asked for something from the album Purple Rain.,Here is the song by Burren.,train
dlg-54389694-f127-44c9-a835-8c00e178c4b4,dlg-54389694-f127-44c9-a835-8c00e178c4b4_1_2,Yes. I would like to listen to Dave Hollister.,My Favorite girl by Dave Hollister.,train
dlg-54389694-f127-44c9-a835-8c00e178c4b4,dlg-54389694-f127-44c9-a835-8c00e178c4b4_3_4,Can you play another version of this song?,One Woman Man by Dave Hollister.,train
dlg-54389694-f127-44c9-a835-8c00e178c4b4,dlg-54389694-f127-44c9-a835-8c00e178c4b4_5_8,Can you play another version of One Woman? Can you play Call On Me by Dave Hollister?,One Woman by Jade.,train
dlg-5445566d-5a42-4c55-81b2-1c2bda0fd7fc,dlg-5445566d-5a42-4c55-81b2-1c2bda0fd7fc_0_3,"Hi, can you help me find music by Mumford & Sons?",Here is the song by Mumford & Sons.,train
dlg-5445566d-5a42-4c55-81b2-1c2bda0fd7fc,dlg-5445566d-5a42-4c55-81b2-1c2bda0fd7fc_4_5,Can you find anything older material from them?,Here is an older song by them.,train
dlg-5445566d-5a42-4c55-81b2-1c2bda0fd7fc,dlg-5445566d-5a42-4c55-81b2-1c2bda0fd7fc_6_7,Can you play Katy Perry's new song?,Here is Katy Perry's new song.,train
dlg-5445566d-5a42-4c55-81b2-1c2bda0fd7fc,dlg-5445566d-5a42-4c55-81b2-1c2bda0fd7fc_8_13,"Okay, can you play a similar song by a different artist in that genre? How about Lumineers? The Lumineers.","Okay, here is a similar song by Lumineers.",train
dlg-5448c58a-a9b7-4fda-8d7d-86f4633f6c64,dlg-5448c58a-a9b7-4fda-8d7d-86f4633f6c64_0_8,I'd like to hear something by Adele.,"She is such an amazing artist, I will find something for you. Enjoy Adele and goodbye.",test
dlg-546fffed-4008-4d71-a596-0d3b140c0e76,dlg-546fffed-4008-4d71-a596-0d3b140c0e76_0_2,Hi! Could you play me something from Guns N' Roses maybe? How about something of Appetite For Destruction?,"Okay. Hold, one second. ""It's So Easy Appetite For Destruction"" by Guns N' Roses.",test
dlg-546fffed-4008-4d71-a596-0d3b140c0e76,dlg-546fffed-4008-4d71-a596-0d3b140c0e76_4_5,"How about It's So Easy? You said you were going to play me that one but it ended up being Welcome to the Jungle, which is good. But It's So Easy, you kind of get me, wanting to hear that now.","Got it. One second, hold. It's So Easy by Guns N' Roses.",test
dlg-546fffed-4008-4d71-a596-0d3b140c0e76,dlg-546fffed-4008-4d71-a596-0d3b140c0e76_6_7,"Okay. How about something of their newer album, their latest album, the Chinese Democracy thing?",Chinese Democracy by Guns N' Roses.,test
dlg-54b4eb1d-bdea-439d-9d1d-e1d839a1b114,dlg-54b4eb1d-bdea-439d-9d1d-e1d839a1b114_0_3,"Hi, I'd like to listen to some music by Twenty One Pilots.",Here's Twenty One Pilots with stressed out.,train
dlg-54b4eb1d-bdea-439d-9d1d-e1d839a1b114,dlg-54b4eb1d-bdea-439d-9d1d-e1d839a1b114_4_5,"I like this song, It's very chill. I'd like to listen to music similar to this artist.",Here is Shape of You by Ed Sheeran.,train
dlg-54b4eb1d-bdea-439d-9d1d-e1d839a1b114,dlg-54b4eb1d-bdea-439d-9d1d-e1d839a1b114_6_7,"This song is okay, but I'm not the biggest fan of Ed Sheeran. I'd like to listen to some music by another artist of a similar genre.",Here's Luis Fonsi Despacito featuring Daddy Yankee.,train
dlg-550db8be-c94b-45a4-9959-66d7cfc9a06a,dlg-550db8be-c94b-45a4-9959-66d7cfc9a06a_2_12,Hi. I was wanting to listen something from Deadboy & the Elephantmen. How about Hi Monster? No particular preference. Just something by Deadboy and the Elephantmen.,"Here is Stop, I'm already dead by the Deadboy & The Elephantmen.",train
dlg-550db8be-c94b-45a4-9959-66d7cfc9a06a,dlg-550db8be-c94b-45a4-9959-66d7cfc9a06a_14_15,This is a good song. Sure. How about something from Dax Riggs?,Here is Say Goodnight to the World by Daxx Riggs.,train
dlg-550db8be-c94b-45a4-9959-66d7cfc9a06a,dlg-550db8be-c94b-45a4-9959-66d7cfc9a06a_16_17,"This is a good song, too. How about something of his first album?",Here is Tower of Song by Daxx Riggs.,train
dlg-552eb93e-e69f-43b3-8bc0-d891ce73f1eb,dlg-552eb93e-e69f-43b3-8bc0-d891ce73f1eb_5_11,I was thinking Barren Earth.,How about the song Set Alight by Barren Earth? How about the song Forlorn Waves by Barren Earth?,test
dlg-552eb93e-e69f-43b3-8bc0-d891ce73f1eb,dlg-552eb93e-e69f-43b3-8bc0-d891ce73f1eb_13_15,This is a great song. How about something else of this album?,How about the song World In Haze by Barren Earth?,test
dlg-554331cf-c84c-4192-9680-4c35f2fd2e2f,dlg-554331cf-c84c-4192-9680-4c35f2fd2e2f_1_7,Can you play me something by the band Creed? Creed a band or something like that. Play something by REO Speedwagon. REO Speedwagon.,Here's Can't fight this feeling by REO Speedwagon.,test
dlg-554331cf-c84c-4192-9680-4c35f2fd2e2f,dlg-554331cf-c84c-4192-9680-4c35f2fd2e2f_9_10,Can you play another one by Coldplay?,Here's The Scientist by Coldplay.,test
dlg-554331cf-c84c-4192-9680-4c35f2fd2e2f,dlg-554331cf-c84c-4192-9680-4c35f2fd2e2f_11_12,That's nice. I like that one. Can you play something by Coldplay a little bit more happy?,Here's Adventure Of A Lifetime by Coldplay.,test
dlg-554635ad-9093-4c87-8c38-a0c63b60e3cf,dlg-554635ad-9093-4c87-8c38-a0c63b60e3cf_3_4,"Can you play Wale, please?","Here is your song, Bad by Wale Featuring-Tiara Thomas.",train
dlg-554635ad-9093-4c87-8c38-a0c63b60e3cf,dlg-554635ad-9093-4c87-8c38-a0c63b60e3cf_5_6,"Alright. Can you play a song that's more upbeat by Wali, please?",Here is your song. Hold on - Matrimony by Wale Ft. Usher.,train
dlg-5585a17e-fc5f-4ab7-8ae7-db198fe9960a,dlg-5585a17e-fc5f-4ab7-8ae7-db198fe9960a_4_6,"This is one of those songs that Noel Gallagher wrote that wasn't on any of their albums except for the The Masterplan. Which was like a B-side album really good track. Oh, thank you for playing that one. I'd like to hear another song by Oasis. It's called Some Might Say.",Some might Say by Oasis.,test
dlg-5585a17e-fc5f-4ab7-8ae7-db198fe9960a,dlg-5585a17e-fc5f-4ab7-8ae7-db198fe9960a_8_9,This is one of the ones that they when they were at the top of their game. I'd like to hear one more song by them by Oasis. It's called Gas Panic.,Gas panic by Oasis.,test
dlg-55a1d981-1de2-4b6e-b229-9a7d042e1391,dlg-55a1d981-1de2-4b6e-b229-9a7d042e1391_4_10,How about something by The Aquabats?,Here is The Legend Is True - The Aquabats. Here is Catch 22 - Sick and Sad - Keasbey Nights.,validation
dlg-55a1d981-1de2-4b6e-b229-9a7d042e1391,dlg-55a1d981-1de2-4b6e-b229-9a7d042e1391_11_13,How about a similar song by a different artist?,Here is Treetlight Manifesto - Sick and Sad.,validation
dlg-55aaafac-da9a-4851-9f4d-eb029a137d39,dlg-55aaafac-da9a-4851-9f4d-eb029a137d39_2_3,"Hi. I'm looking for music from Huey Lewis and the News. Specifically, could you play I Want a New Drug?",Here's the song I Want A New Drug by Huey Lewis And The News.,train
dlg-55aaafac-da9a-4851-9f4d-eb029a137d39,dlg-55aaafac-da9a-4851-9f4d-eb029a137d39_4_7,Always enjoy that video. Is there a live version of them playing that song in concert or on a TV show?,Here's the live performance of the song I Wanna New Drug.,train
dlg-55e4e163-52dd-408c-a2a0-60287311e5fc,dlg-55e4e163-52dd-408c-a2a0-60287311e5fc_4_5,I'm looking for Seek & Destroy by Metallica.,"Okay, great! I got it. Here is Seek and Destroy by Metallica. Go through with this.",train
dlg-55e4e163-52dd-408c-a2a0-60287311e5fc,dlg-55e4e163-52dd-408c-a2a0-60287311e5fc_7_10,"It's a good track, pretty heavy and this is the version without Dave Mustaine. Now I'd like to listen to another song by them, Ain't My Bitch if that's available.",I got it. Here is Ain't My bitch by Metallica. Go through with this.,train
dlg-55e4e163-52dd-408c-a2a0-60287311e5fc,dlg-55e4e163-52dd-408c-a2a0-60287311e5fc_11_16,"Awesome. Good song. Well, thank you for sharing that one. I'd like to hear Spit Out the Bone. Can you play this for me? I'm looking for Spit Out the Bone by Metallica. It's one of their new song of their new album.","Okay, great! Here is Metallica spit out the bone. Go through with this.",train
dlg-55e53a68-8a7f-4f9c-b3fd-9fec95fcf86d,dlg-55e53a68-8a7f-4f9c-b3fd-9fec95fcf86d_0_3,I want to listen to August Burns Red Composure.,"One second, August Burns Red - Composure.",train
dlg-55e53a68-8a7f-4f9c-b3fd-9fec95fcf86d,dlg-55e53a68-8a7f-4f9c-b3fd-9fec95fcf86d_4_11,Can you play a similar artist?,"Yes, Hold on, Miss May I - Masses of a Dying Breed. Okay, Miss May I - Relentless Chaos.",train
dlg-55e53a68-8a7f-4f9c-b3fd-9fec95fcf86d,dlg-55e53a68-8a7f-4f9c-b3fd-9fec95fcf86d_12_13,I really like this song. It's so good.,"Yeah, Its cool.",train
dlg-5624c724-3f36-42f9-b6f6-c92cc1548a99,dlg-5624c724-3f36-42f9-b6f6-c92cc1548a99_1_6,"I want to listen to some pop music, please. No, not really. Just give me any kind of pop music. Can I now hear some Baroque pop?",Young and Beautiful by Lana Del Rey.,train
dlg-5624c724-3f36-42f9-b6f6-c92cc1548a99,dlg-5624c724-3f36-42f9-b6f6-c92cc1548a99_7_8,Can I now hear some pop punk music?,Okay. American Idiot by the 5 Seconds of Summer.,train
dlg-5624c724-3f36-42f9-b6f6-c92cc1548a99,dlg-5624c724-3f36-42f9-b6f6-c92cc1548a99_9_10,Can I hear some live pop?,Escápate Conmigo by Wisin.,train
dlg-5681c939-060e-496f-bc11-dde5f033588f,dlg-5681c939-060e-496f-bc11-dde5f033588f_1_2,"I'd like some help browsing music of The Beatles, please.",Here is The Beatles: Hey Jude.,test
dlg-5681c939-060e-496f-bc11-dde5f033588f,dlg-5681c939-060e-496f-bc11-dde5f033588f_3_5,"How about something newer, please?","Okay, let me find something more new. Here is The Beatles: Yellow Submarine.",test
dlg-5681c939-060e-496f-bc11-dde5f033588f,dlg-5681c939-060e-496f-bc11-dde5f033588f_6_7,"That's not one of my favorites. How about a different album, please?",How about The Beatles: Penny Lane?,test
dlg-56a56066-a56c-4a65-bad4-124dd52acb8c,dlg-56a56066-a56c-4a65-bad4-124dd52acb8c_0_3,"Hi, could you play me some Guns 'N Roses?",Here's the song Sweet Child of Mine by Guns 'N Roses.,train
dlg-56a56066-a56c-4a65-bad4-124dd52acb8c,dlg-56a56066-a56c-4a65-bad4-124dd52acb8c_4_7,"Okay, that's a good choice. I like that song. How about something by a newer band that sounds like Guns 'N Roses?","Here's the song Fall to Pieces by Velvet Revolver, a newer band that sounds similar to Guns 'N Roses.",train
dlg-56a56066-a56c-4a65-bad4-124dd52acb8c,dlg-56a56066-a56c-4a65-bad4-124dd52acb8c_8_9,"Yeah, that's a pretty good choice. I like that song, too. How about something else by Velvet Revolver?",Here's the song Dirty Little Thing by Velvet Revolver.,train
dlg-56ca254a-9bab-47d4-833d-913395056815,dlg-56ca254a-9bab-47d4-833d-913395056815_1_3,I wanted to listen to some music by Septicflesh.,Here's the song Portrait of a headless man by Septicflesh.,train
dlg-56ca254a-9bab-47d4-833d-913395056815,dlg-56ca254a-9bab-47d4-833d-913395056815_5_7,How about a song from one of their older albums?,Here's the song Return to Carthage by Septicflesh from there album Mystic places of dawn.,train
dlg-56ca254a-9bab-47d4-833d-913395056815,dlg-56ca254a-9bab-47d4-833d-913395056815_8_11,"Oh, that was a little bit older than I was thinking. That's alright, though. That's not a bad song. How about something of the album Titan?",Here's the song Dogma by Septicflesh from the album you requested.,train
dlg-56f36621-d44e-4c3f-a949-69872fee5046,dlg-56f36621-d44e-4c3f-a949-69872fee5046_1_2,Hi. Could you play me a song by Little Mix?,Salute by Little Mix.,train
dlg-56f36621-d44e-4c3f-a949-69872fee5046,dlg-56f36621-d44e-4c3f-a949-69872fee5046_3_6,"Oh, yeah, I love that song. That's a cool song. Could you try to play me something different? Kind of in that same vibe.",Miss Movin' On by Fifth Harmony.,train
dlg-5709df35-d5d2-4b6c-8281-ca9aced7f198,dlg-5709df35-d5d2-4b6c-8281-ca9aced7f198_1_8,Hi. Today I need your help finding music to listen to. I'm looking to find something that's similar to Metallica. Maybe some musicians that are similar to them.,"Okay, Metallica. Let's see what else I can find that you may not be familiar with. How about Pantera? And Megadeth? are you familiar with either? Pantera.",test
dlg-5709df35-d5d2-4b6c-8281-ca9aced7f198,dlg-5709df35-d5d2-4b6c-8281-ca9aced7f198_9_10,"Pantera I have listened to a few songs. I think I've listened to one album all the way through, but not too much. I wouldn't mind hearing some, though.",Pantera - 5 Minutes Alone.,test
dlg-5709df35-d5d2-4b6c-8281-ca9aced7f198,dlg-5709df35-d5d2-4b6c-8281-ca9aced7f198_11_12,"I dont think I heard this song. The riffs are definitely always pretty good in their songs. If you could find something that is similar to this, that would be cool.",How are Megadeth - Sweating Bullets?,test
dlg-570cbb07-a67f-472d-a8fa-4033213a127e,dlg-570cbb07-a67f-472d-a8fa-4033213a127e_3_6,One Direction.,Have you heard of Paramore? Told You So by Paramore.,train
dlg-570cbb07-a67f-472d-a8fa-4033213a127e,dlg-570cbb07-a67f-472d-a8fa-4033213a127e_7_9,"Yeah, this band is real good. I like it.",Have you heard of R5?,train
dlg-570cbb07-a67f-472d-a8fa-4033213a127e,dlg-570cbb07-a67f-472d-a8fa-4033213a127e_10_13,"No, I haven't heard of R5.",All Night by R5. Pass Me By - R5.,train
dlg-57136ab9-7167-45b2-b6a2-4fde9c151e31,dlg-57136ab9-7167-45b2-b6a2-4fde9c151e31_1_8,I was looking for new music to listen to. Okay. I was wanting to find something similar to Beyond Creation.,"Okay, let me see who or what I can find for you similar to Beyond creation. Have you heard of Lost Soul or Archspire? Okay, let me play you something by Archspire. Here is Involuntary Doppelganger by Archspire.",train
dlg-57136ab9-7167-45b2-b6a2-4fde9c151e31,dlg-57136ab9-7167-45b2-b6a2-4fde9c151e31_10_18,I just got to say. They are alright. I mean like they seem like they are more about being technical than they are about making actually good music but that's just my opinion.,I understand. Would you like to hear something by Lost Soul instead? Here is Negative by Lost Soul. Here is Frozen To Lose It All by Lost Soul. Upon further research the band's name is Negative.,train
dlg-57285a78-2847-4bee-bb7a-6e1493c585b7,dlg-57285a78-2847-4bee-bb7a-6e1493c585b7_1_2,Could you play me a pop song?,Here is Nicki Minaj performing Itty Bitty Piggy.,train
dlg-57285a78-2847-4bee-bb7a-6e1493c585b7,dlg-57285a78-2847-4bee-bb7a-6e1493c585b7_3_4,"Actually, Let's try playing something a little bit softer. May be just a pop song, No rap in it.",Here is Wide Awake performed by Katy Perry.,train
dlg-57285a78-2847-4bee-bb7a-6e1493c585b7,dlg-57285a78-2847-4bee-bb7a-6e1493c585b7_5_6,"Oh, I love Katy Perry, But that's the right lane, But let's try a male artist pop star, softer as well.","Here is The Weekend, Earned it.",train
dlg-57285a78-2847-4bee-bb7a-6e1493c585b7,dlg-57285a78-2847-4bee-bb7a-6e1493c585b7_7_8,"Yes. I love this song, but play me The Weeknd's most recent song.",Here is The Weekend featuring Cardi B performing Finesse.,train
dlg-574292b9-d55b-49c0-bc48-65c4136704a6,dlg-574292b9-d55b-49c0-bc48-65c4136704a6_0_2,Hello. Can you play me something by The Cure?,Here is The Cure-Just Like Heaven.,train
dlg-574292b9-d55b-49c0-bc48-65c4136704a6,dlg-574292b9-d55b-49c0-bc48-65c4136704a6_4_7,Okay. How about the different song by The Cure?,Here is The Cure-Love Song. Go through with this. Here is the Cranberries with linger. Go through with this.,train
dlg-574292b9-d55b-49c0-bc48-65c4136704a6,dlg-574292b9-d55b-49c0-bc48-65c4136704a6_8_12,"Yeah, that's not really similar, but that's a pretty good song. I like it.",Here is The Cure-Friday I'm in Love. Go through with this.,train
dlg-57c9be7f-cbdc-418f-adfa-8ed11ba23d07,dlg-57c9be7f-cbdc-418f-adfa-8ed11ba23d07_1_6,"I'd like some help discovering some new music. Let's start with Adele, please.",Have you heard of an artist named A Fine Frenzy? Here is A Fine Frenzy performing the song Near to You.,train
dlg-57c9be7f-cbdc-418f-adfa-8ed11ba23d07,dlg-57c9be7f-cbdc-418f-adfa-8ed11ba23d07_7_10,It's pretty good.,"Another artist similar to Adele is Lily Allen, have you heard of this artist? Here is Lily Allen performing Smile.",train
dlg-57c9be7f-cbdc-418f-adfa-8ed11ba23d07,dlg-57c9be7f-cbdc-418f-adfa-8ed11ba23d07_11_12,"Oh, that's a little bit funny and kind of unique. That's interesting.",Here is Lilly Allen performing the Fear.,train
dlg-57c9be7f-cbdc-418f-adfa-8ed11ba23d07,dlg-57c9be7f-cbdc-418f-adfa-8ed11ba23d07_13_14,That's pretty interesting.,I agree. Her music is enjoyable.,train
dlg-5834b772-9ed8-47ed-bf8d-c67cd851553a,dlg-5834b772-9ed8-47ed-bf8d-c67cd851553a_1_2,Hello. I'd like to hear something by David Bowie.,"Okay, Here is Starman by David Bowie. Go through with this. Did you get the video?",train
dlg-5834b772-9ed8-47ed-bf8d-c67cd851553a,dlg-5834b772-9ed8-47ed-bf8d-c67cd851553a_3_4,Yes. I'd like to hear another song by David Bowie. If I could please hear China Girl by David Bowie.,"Okay, Here is China Girl by David Bowie. Go through with this.",train
dlg-5834b772-9ed8-47ed-bf8d-c67cd851553a,dlg-5834b772-9ed8-47ed-bf8d-c67cd851553a_5_6,Alright. I'd like to hear Under Pressure by David Bowie now.,"Okay, Here is Under Pressure by David Bowie. Go through with this. Enjoy the video.",train
dlg-58353f98-a826-4d16-977e-6404e851f579,dlg-58353f98-a826-4d16-977e-6404e851f579_0_9,"Hi, I'd like to find some new music to listen tonight.",How about loretty lynn? Heres Loretta Lynn - Coal Miner's Daughter. Heres Loretta Lynn - You Ain't Woman Enough (To Take My Man).,train
dlg-5885d85d-cb6c-4f5a-99d6-2cf2c2013b2f,dlg-5885d85d-cb6c-4f5a-99d6-2cf2c2013b2f_0_1,Hello. Today I need your help finding music to listen to. I'm looking to hear songs by the rapper Bones. I'm looking for the song Useless.,Here is the song Useless by Bones.,train
dlg-5885d85d-cb6c-4f5a-99d6-2cf2c2013b2f,dlg-5885d85d-cb6c-4f5a-99d6-2cf2c2013b2f_3_4,"Awesome. Thank you. I like the sound on this record that he put out. It's just got very good bass, pretty ambient themes. A little dark, too, so that was cool.",Here is Dirt by Bones.,train
dlg-5885d85d-cb6c-4f5a-99d6-2cf2c2013b2f,dlg-5885d85d-cb6c-4f5a-99d6-2cf2c2013b2f_6_7,"This one has a little dark undertone to it, as well. It's just the first song I ever heard by him.",Keep Telling Yourself That by Bones.,train
dlg-588769e4-f5d6-4738-ad5d-1163a6d3765a,dlg-588769e4-f5d6-4738-ad5d-1163a6d3765a_0_8,I'd like to listen to some music by George Jones.,Have you heard of Conway Twitty? Here is your song. Conway Twitty - Hello Darlin.,train
dlg-588769e4-f5d6-4738-ad5d-1163a6d3765a,dlg-588769e4-f5d6-4738-ad5d-1163a6d3765a_10_21,"Yeah, that's good. Can you play something by Toby Keith?",I can find you an artist similar to Toby Keith. Have you heard of Alan Jackson? Here is your song. Alan Jackson - Away In A Manger. Have you heard of hank Williams jr? Here is your song. Hank Williams Jr. - Family Tradition.,train
dlg-589a2563-b166-4cd6-a150-47c4a63780f4,dlg-589a2563-b166-4cd6-a150-47c4a63780f4_1_5,Hey. I'm looking for some music. Can you play something by Demy? Just something by Demy.,Here is the song Kanggo Riko by Demy.,test
dlg-589a2563-b166-4cd6-a150-47c4a63780f4,dlg-589a2563-b166-4cd6-a150-47c4a63780f4_6_9,"That's really cool. Can you find, and I don't even know if this is possible, the same song by a different artist?",Here is the same song by a female artist.,test
dlg-589a2563-b166-4cd6-a150-47c4a63780f4,dlg-589a2563-b166-4cd6-a150-47c4a63780f4_11_12,"But I mean, I don't really want that. Can you find something newer?",Here is This Is Love (Greece) Eurovision 2017 by Demy.,test
dlg-591e0a2c-364d-43b7-9206-7795aab7288a,dlg-591e0a2c-364d-43b7-9206-7795aab7288a_1_3,I'm looking for some music to listen. I'm thinking something by Our Lady Peace.,Here is star seed by Our Lady Peace.,train
dlg-591e0a2c-364d-43b7-9206-7795aab7288a,dlg-591e0a2c-364d-43b7-9206-7795aab7288a_4_7,Okay. Can you play a different version of it? This one is blocked.,Here is Our Lady Peace with Clumsy.,train
dlg-591e0a2c-364d-43b7-9206-7795aab7288a,dlg-591e0a2c-364d-43b7-9206-7795aab7288a_8_14,Okay. Can I get the same song by a different artist?,"Sure thing, you got it. Were you are looking for more of a cover? Here is Our Lady Peace with Clumsy. Here is Our Lady Peace by innocent.",train
dlg-5926a818-fcca-453c-8486-4915033ede27,dlg-5926a818-fcca-453c-8486-4915033ede27_1_5,"I want to hear some music that's kind of like Mariah Carey, so I need to hear somebody I haven't heard before. Can you help me?","Ok, Mariah Carey. Let's see what else I can find that you may not be familiar with. Looks like the artist Jagged Edge may be similar have similar style might be a close match etc. Another is Aaliyah. Are either of those new to you?",train
dlg-5926a818-fcca-453c-8486-4915033ede27,dlg-5926a818-fcca-453c-8486-4915033ede27_6_7,"Yes, both of them are new artists. Play me a song from both.","Okay, let me play you something by Jagged Edge. Here is the song Goodbye by Jagged edge.",train
dlg-5926a818-fcca-453c-8486-4915033ede27,dlg-5926a818-fcca-453c-8486-4915033ede27_8_10,"Okay, that's a cool song. Could you play me a new song, a different one by them?",Here is the song Good Luck Charm by Jagged edge.,train
dlg-5926a818-fcca-453c-8486-4915033ede27,dlg-5926a818-fcca-453c-8486-4915033ede27_11_13,"Oh, that's a cool song too. I don't know which one I like more, so show or play Aaliyah song for me, then see how that one goes.","Okay, let me play you something by Aaliyah. Here is the song I Care For You by Aaliyah.",train
dlg-5926a818-fcca-453c-8486-4915033ede27,dlg-5926a818-fcca-453c-8486-4915033ede27_14_15,"Oh, that's a cool song too. Play me one more, a different one by her.",Here is another song called We Need A Resolution by Aaliyah.,train
dlg-5926a818-fcca-453c-8486-4915033ede27,dlg-5926a818-fcca-453c-8486-4915033ede27_16_17,"Oh, you know what? that's my favorite one. Just play more by Aaliyah and then we are done for the day because that's a good song.",Here is another one The One I Gave My Heart To by Aaliyah.,train
dlg-5951d51a-99ef-43d2-aff2-d1dd74819252,dlg-5951d51a-99ef-43d2-aff2-d1dd74819252_2_3,"I'd like to hear a song by Rise Against, please.","Okay, sure thing. This song just came out today. It is called Welcome to the breakdown Play Rise Against.",validation
dlg-5951d51a-99ef-43d2-aff2-d1dd74819252,dlg-5951d51a-99ef-43d2-aff2-d1dd74819252_4_5,"Yeah, could I listen to Savior, please?",You got it. Here is Rise Against with savior.,validation
dlg-5951d51a-99ef-43d2-aff2-d1dd74819252,dlg-5951d51a-99ef-43d2-aff2-d1dd74819252_6_7,"No, I don't know what's playing. Could you play parts per million, please?",Do you want savior?,validation
dlg-5951d51a-99ef-43d2-aff2-d1dd74819252,dlg-5951d51a-99ef-43d2-aff2-d1dd74819252_8_9,I don't know what this is. Could you please play parts per million?,Here is parts per million by Rise Against.,validation
dlg-5962735d-4640-45d3-8136-3e9b0453ed71,dlg-5962735d-4640-45d3-8136-3e9b0453ed71_0_7,Hi Assistant. I would love to hear some music by Katy Perry today.,You got it here is California Gurls by Katy Perry.,train
dlg-5962735d-4640-45d3-8136-3e9b0453ed71,dlg-5962735d-4640-45d3-8136-3e9b0453ed71_9_14,"Oh, It doesn't play. All right, That's one of my favorites. That's okay. Can I hear something similar, A similar song?",Here is Katy Perry's Dark Horse.,train
dlg-5962735d-4640-45d3-8136-3e9b0453ed71,dlg-5962735d-4640-45d3-8136-3e9b0453ed71_16_18,"Okay, Can I hear something by a similar artist? Like a female pop singer, a similar artist?",Here is Lady Gaga with you and I.,train
dlg-59c5efad-8dba-40d8-90bd-5a0c54f684d4,dlg-59c5efad-8dba-40d8-90bd-5a0c54f684d4_1_4,I need to find a new artist. My favorite is Kelly Clarkson. Could you play me two new artists that are like her?,"Okay, have you heard of the Veronica? On Your Side by the Veronica.",train
dlg-59c5efad-8dba-40d8-90bd-5a0c54f684d4,dlg-59c5efad-8dba-40d8-90bd-5a0c54f684d4_5_10,"Oh, That's a good song. Play me a different one.",Have you heard of Vanessa Carlton? A Thousand Miles by Vanessa Carlton. Pretty Baby by Vanessa Carlton.,train
dlg-59dfc243-6e3f-4192-99fd-7f022bb79651,dlg-59dfc243-6e3f-4192-99fd-7f022bb79651_0_3,Could you play me a song by Mumford & Sons?,Here is Lover of the Light by Mumford & Sons.,test
dlg-5a4d2a98-8306-4c9b-aefc-fcb2985c5466,dlg-5a4d2a98-8306-4c9b-aefc-fcb2985c5466_2_28,Could you help me find something to listen to? Something new to me. Something I haven't heard before. I like Aerosmith.,Have you heard of Guns N´Roses. Queen? Bon Jovi? What about Def Leppard? Iron Maiden? Iron Maiden - The Trooper. Have you heard of bryan adams? Bryan Adams: Run To You (Acoustic Version). Bryan Adams Heaven Lyrics Scrolling.,test
dlg-5a4d2a98-8306-4c9b-aefc-fcb2985c5466,dlg-5a4d2a98-8306-4c9b-aefc-fcb2985c5466_30_32,That video is blocked.,Bryan Adams everything I do lyrics.,test
dlg-5a4d2a98-8306-4c9b-aefc-fcb2985c5466,dlg-5a4d2a98-8306-4c9b-aefc-fcb2985c5466_33_36,That video is blocked too. Could you play a different one?,Bryan Adams Performs 'Cuts Like a Knife'.,test
dlg-5a4d2a98-8306-4c9b-aefc-fcb2985c5466,dlg-5a4d2a98-8306-4c9b-aefc-fcb2985c5466_40_41,I liked the Iron Maiden video. Could you play another one of their songs?,Iron Maiden - Hallowed Be Thy Name (Studio Version).,test
dlg-5a882a44-fbd1-4ce0-a2e9-fcd3a5984a07,dlg-5a882a44-fbd1-4ce0-a2e9-fcd3a5984a07_0_8,Hello. I'd like to listen to a song from A Day to Remember.,"Okay, I got a song from A Day to Remember. Here is Have Faith In Me from A Day to Remember. Go through with that. And also here is A Day to Remember Have Faith In Me performed by Belly Basarte. Go through with this also. Here is Have Faith In Me from A Day to Remember. Go through with that. Here is Justin Bieber Love Yourself performed by Belly Basarte. Go through with this.",validation
dlg-5aa18d01-aef6-4462-a5a7-25496a1cf4d2,dlg-5aa18d01-aef6-4462-a5a7-25496a1cf4d2_0_2,I would like to hear something by Tupac.,"Got it. Great choice, please wait for a moment. Would you like to hear another song by Tupac? Would you like to hear another song by Tupac?",train
dlg-5af66681-cb16-4bc2-bae8-6cfc54c237d4,dlg-5af66681-cb16-4bc2-bae8-6cfc54c237d4_0_2,"Hi, I'd like to hear some new music today.",I can help you find new music. Tell me an artist you like and I'll find someone similar?,train
dlg-5af66681-cb16-4bc2-bae8-6cfc54c237d4,dlg-5af66681-cb16-4bc2-bae8-6cfc54c237d4_3_6,How about Celine Dion? I like her.,Have you heard of Roxette before. Here's the song Joyride by Roxette.,train
dlg-5af66681-cb16-4bc2-bae8-6cfc54c237d4,dlg-5af66681-cb16-4bc2-bae8-6cfc54c237d4_8_9,That's a nice song. Could I hear another song by Roxette?,Here's the song Listen to Your Heart by Roxette.,train
dlg-5af66681-cb16-4bc2-bae8-6cfc54c237d4,dlg-5af66681-cb16-4bc2-bae8-6cfc54c237d4_11_15,"Oh, that's very pretty. I also like The Beach Boys. Could I hear a song by The Beach Boys?",Have you heard of the sandals before? Here's the song Wingnuts Theme by the sandals.,train
dlg-5af66681-cb16-4bc2-bae8-6cfc54c237d4,dlg-5af66681-cb16-4bc2-bae8-6cfc54c237d4_17_18,This one is pretty cool. Can I hear another one by The Sandals?,Here's the song Tradewinds by the sandals.,train
dlg-5b05998e-5fa9-497b-ac11-1286448541ac,dlg-5b05998e-5fa9-497b-ac11-1286448541ac_3_14,Find Creed.,"Let me see what I can find. One second, Hold on. Here is one Last Breath by creed. Is that playing for you? Here is One Last Breath by Creed. I can do that. Just a moment. Hold on. Here is With Arms Wide Open by Creed. Here is With Arms Wide Open by Creed.",train
dlg-5b05998e-5fa9-497b-ac11-1286448541ac,dlg-5b05998e-5fa9-497b-ac11-1286448541ac_15_17,Let's try a different song from Creed.,Sure thing. Here is Higher by Creed.,train
dlg-5b17b663-89d3-4e62-9a75-ed754276d94b,dlg-5b17b663-89d3-4e62-9a75-ed754276d94b_0_1,"Hi, I'd like to hear some music by Linkin Park.",Hello. How does One More Light - Linkin park?,train
dlg-5b17b663-89d3-4e62-9a75-ed754276d94b,dlg-5b17b663-89d3-4e62-9a75-ed754276d94b_3_4,I like this song. Play older music by this band.,Okay. How does Castle of Glass- Link in Park sound?,train
dlg-5b17b663-89d3-4e62-9a75-ed754276d94b,dlg-5b17b663-89d3-4e62-9a75-ed754276d94b_6_7,This sounds good also. Play something from a different album of theirs.,Okay. How does My December - Linkin Park sound?,train
dlg-5b354e1d-2e89-4247-9bd1-e862fd8d67fa,dlg-5b354e1d-2e89-4247-9bd1-e862fd8d67fa_0_8,"Hi. Could you play me the newest Little Mix song? Could you play me the newest Little Mix song? I want to hear a different song, a different one. Maybe by Well, let's stick with Little Mix, but play me a different song by them.","Here is the different song with Little Mix, Enjoy the song.",train
dlg-5b381804-3e0f-46ed-828b-6cadb7965334,dlg-5b381804-3e0f-46ed-828b-6cadb7965334_1_2,"Hi. I'd like to browse the music of The Beatles, please.",Eight Days a Week - The Beatles.,train
dlg-5b381804-3e0f-46ed-828b-6cadb7965334,dlg-5b381804-3e0f-46ed-828b-6cadb7965334_3_4,"Could I hear this same song but by a different artist, please?",The Supremes - Eight Days A Week.,train
dlg-5b381804-3e0f-46ed-828b-6cadb7965334,dlg-5b381804-3e0f-46ed-828b-6cadb7965334_5_6,"That's interesting, but could I hear some newer material, please?",Too Good At Goodbye - Sam smith.,train
dlg-5bad3e11-7683-402a-82ea-0498e64da242,dlg-5bad3e11-7683-402a-82ea-0498e64da242_1_4,"Hi Assistant, can I hear some R&B music?",Here is R Kelly performing I Believe I Can Fly.,train
dlg-5bad3e11-7683-402a-82ea-0498e64da242,dlg-5bad3e11-7683-402a-82ea-0498e64da242_6_7,Could I hear something more upbeat? I'm in the mood for something more upbeat.,Here is Bruno Mars performing that's what I Like.,train
dlg-5bad3e11-7683-402a-82ea-0498e64da242,dlg-5bad3e11-7683-402a-82ea-0498e64da242_9_10,"Could I hear a one more R&B song, something upbeat?",Here is Al Green performing Love and Happiness.,train
dlg-5bc6e80b-0e6b-4316-aebf-c7d24c636336,dlg-5bc6e80b-0e6b-4316-aebf-c7d24c636336_1_5,Hello. I would love to hear some holiday music today.,How about Mariah Carey - All I Want For Christmas Is You?,train
dlg-5bc6e80b-0e6b-4316-aebf-c7d24c636336,dlg-5bc6e80b-0e6b-4316-aebf-c7d24c636336_8_11,"Assistant, could I hear another holiday song maybe Hanukkah song?",MBMS Winter Choral Concert 3 - Hanukkah Holiday.,train
dlg-5bc6e80b-0e6b-4316-aebf-c7d24c636336,dlg-5bc6e80b-0e6b-4316-aebf-c7d24c636336_13_14,"Assistant, could I hear another holiday song? How about another Hanukkah song?",Hanukkah Holiday - Broward Symphonic Band 12.13.2015.,train
dlg-5bc6e80b-0e6b-4316-aebf-c7d24c636336,dlg-5bc6e80b-0e6b-4316-aebf-c7d24c636336_16_17,"Assistant, could I hear one more holiday song a little bit more upbeat and lively?",Hanukkah?,train
dlg-5bc6e80b-0e6b-4316-aebf-c7d24c636336,dlg-5bc6e80b-0e6b-4316-aebf-c7d24c636336_18_19,"Yea, that's fine. I love Hanukkah.",Hanukkah - New York Boys Choir “Chanukah”.,train
dlg-5be2cd4b-334c-41e2-8b4d-e329010e6c7f,dlg-5be2cd4b-334c-41e2-8b4d-e329010e6c7f_0_1,I'd like to hear some music by blink-182.,Here is your song. I Miss You by blink-182.,train
dlg-5be2cd4b-334c-41e2-8b4d-e329010e6c7f,dlg-5be2cd4b-334c-41e2-8b4d-e329010e6c7f_2_6,I like this song. Show me newer music by this band. Show me newer music by this band.,Here is your song. Bored To Death by blink-182.,train
dlg-5be2cd4b-334c-41e2-8b4d-e329010e6c7f,dlg-5be2cd4b-334c-41e2-8b4d-e329010e6c7f_7_10,This is a good song. Show me older music by this band.,Here is your song. Carousel by Blink 182. Here is your song. All The Small Things by Blink 182.,train
dlg-5c037573-280f-46db-8ed8-7c1322690d42,dlg-5c037573-280f-46db-8ed8-7c1322690d42_0_4,"Hi, can you play something by Creed for me, please?",Listen to creed my sacrifice.,train
dlg-5c037573-280f-46db-8ed8-7c1322690d42,dlg-5c037573-280f-46db-8ed8-7c1322690d42_5_6,"Oh, This is actually one of my favorite songs. Thank you very much.",It has been my pleasure it's a really good song.,train
dlg-5c1e8ef4-32cf-41bf-bd3b-f5c293e55e64,dlg-5c1e8ef4-32cf-41bf-bd3b-f5c293e55e64_2_3,"Hi, can I hear a song by Kendrick Lamar?",Here is your song. Kendrick Lamar - HUMBLE.,test
dlg-5c1e8ef4-32cf-41bf-bd3b-f5c293e55e64,dlg-5c1e8ef4-32cf-41bf-bd3b-f5c293e55e64_4_8,"Okay, can I get the same song by a different artist?",Here is your song. Best HUMBLE Parody. Here is your song. Mr.Johnson's Concert Choir Performs HUMBLE.,test
dlg-5c2f10f9-5b84-422c-8881-1dd391a7c448,dlg-5c2f10f9-5b84-422c-8881-1dd391a7c448_1_8,Hi. Can I listen to a new song by Green Day? Green Day.,"Green Day. Let's see what else I can find. Are you familiar with the group Fall Out Boy and System of a Down? Her is your song. Immortals (From ""Big Hero 6"") by Fall Out Boy. This is another group System of a Down.",train
dlg-5c4beb06-3d99-400a-abff-27bbf2e50cbe,dlg-5c4beb06-3d99-400a-abff-27bbf2e50cbe_1_10,Hi. I was wondering if you could play me some music. How about something by Led Zeppelin? Led Zeppelin.,How about the song called Immigrant Song by Led Zeppelin? One Moment. Here is Led Zeppelin's song called Immigrant Song - Guitar Cover. Here is Led Zeppelin's song called Immigrant Song - Guitar Cover.,train
dlg-5c4beb06-3d99-400a-abff-27bbf2e50cbe,dlg-5c4beb06-3d99-400a-abff-27bbf2e50cbe_11_13,Yeah. That's not really what I was looking for. How about just playing some newer Led Zeppelin stuff?,One moment. Here is the song called Ramble On by the artist Led Zeppelin. Here is the song called Ramble On by the artist Led Zeppelin.,train
dlg-5c9e0ffd-98ed-4ee4-a042-b27d38c2a8eb,dlg-5c9e0ffd-98ed-4ee4-a042-b27d38c2a8eb_2_5,"Hi, yeah. Can I hear a song by Drake?","Just to confirm, you would like to hear the song by the artist Drake? How about Find Your Love by drake?",train
dlg-5c9e0ffd-98ed-4ee4-a042-b27d38c2a8eb,dlg-5c9e0ffd-98ed-4ee4-a042-b27d38c2a8eb_6_9,That one is blocked. You might have to set me a different one. That song's really good. Can you send me another one by Drake?,How about Hotline Bling by Drake?,train
dlg-5c9e0ffd-98ed-4ee4-a042-b27d38c2a8eb,dlg-5c9e0ffd-98ed-4ee4-a042-b27d38c2a8eb_10_11,That song is awesome too. Can you send me a song by Schoolboy Q?,"Here is the song by Schoolboy Q called Overtime featuring Miguel, Justine Skye.",train
dlg-5d08dd03-8988-473d-8e89-c2a60e169b14,dlg-5d08dd03-8988-473d-8e89-c2a60e169b14_3_6,"Yeah, David Bowie.","Are you familiar with Brian Eno or Daft Punk? Brian Eno ""Sky Saw"".",train
dlg-5d08dd03-8988-473d-8e89-c2a60e169b14,dlg-5d08dd03-8988-473d-8e89-c2a60e169b14_7_8,I want to listen to Brian Eno.,Ok. This one is Daft Punk - One More Time.,train
dlg-5d08dd03-8988-473d-8e89-c2a60e169b14,dlg-5d08dd03-8988-473d-8e89-c2a60e169b14_9_17,"This is a famous song. I did not know this was Daft Punk. I see the some similarities there. I think the Brian Eno song's a little more like Bowie, but I see a little Bowie in this one, too. Can I hear two artists similar to Billy Joel?","Ben Folds Five, and Barenaked Ladies are similar to Billy Joel. Ben Folds Five - Army. Barenaked Ladies ""Big Bang"" Live At Red Rocks.",train
dlg-5d6da13f-8ef6-46c5-aae0-f4a15d74ed52,dlg-5d6da13f-8ef6-46c5-aae0-f4a15d74ed52_0_5,I'd like to hear some music by Taylor Swift.,Here is Taylor Swift´s look at what you made me do. Here is look what you made me do a cover by J. Flaw. For Taylor Swift or J. Flayw,train
dlg-5d6da13f-8ef6-46c5-aae0-f4a15d74ed52,dlg-5d6da13f-8ef6-46c5-aae0-f4a15d74ed52_6_7,Taylor Swift.,Here is Taylor Swift with wildest dreams.,train
dlg-5dbbe29c-cb2e-47c1-9ff3-ed81facf6a6b,dlg-5dbbe29c-cb2e-47c1-9ff3-ed81facf6a6b_3_5,"I'm not really sure about the genre but just something that a fast workout. Maybe Rock or pop, I guess. Either one. You know, something up tempo.",How about The Gym Beats Vol.4 (Nonstop-Megamix)?,train
dlg-5dbbe29c-cb2e-47c1-9ff3-ed81facf6a6b,dlg-5dbbe29c-cb2e-47c1-9ff3-ed81facf6a6b_8_10,"Okay, that's not bad. How about something that's more rock and roll though?",Here is the song: Motivational Workout Music ♫Rock Mix♫ 2015.,train
dlg-5dbbe29c-cb2e-47c1-9ff3-ed81facf6a6b,dlg-5dbbe29c-cb2e-47c1-9ff3-ed81facf6a6b_11_12,"Okay, that's not bad. It's a lot longer than the first one which is good. How about some rock but maybe not quite that hard? Maybe a little more mainstream rock and less head banging music.","Sure, EDEN - rock and roll.",train
dlg-5dbbe29c-cb2e-47c1-9ff3-ed81facf6a6b,dlg-5dbbe29c-cb2e-47c1-9ff3-ed81facf6a6b_13_14,That's not a bad song but I'm not sure I could work out to it. How about something more like the first one that you did with the EMD but maybe one that's longer because that one was only like a minute long?,"Yes, here is you song - The Rock and Roll Workout Mix.",train
dlg-5dd2d4d7-aaf9-43a1-9397-949a0a35223f,dlg-5dd2d4d7-aaf9-43a1-9397-949a0a35223f_1_2,Could I listen to Say Yes by Elliott Smith?,Here is Say Yes by Elliott Smith.,train
dlg-5dd2d4d7-aaf9-43a1-9397-949a0a35223f,dlg-5dd2d4d7-aaf9-43a1-9397-949a0a35223f_3_4,"Actually, could I have a different song by the same artist?",Here is Angeles by Elliott Smith.,train
dlg-5dd2d4d7-aaf9-43a1-9397-949a0a35223f,dlg-5dd2d4d7-aaf9-43a1-9397-949a0a35223f_5_6,Okay. I don't want what's playing. Could I have the same artist but a different song?,Here is needle in the hay by Elliott Smith.,train
dlg-5e155983-132d-4524-820b-96dfe0b93c4b,dlg-5e155983-132d-4524-820b-96dfe0b93c4b_1_4,"Hi. Today, I need your help finding music to listen to that's new. I'm looking to find something that's similar to the Foo Fighters.",Okay. Foo Fighters. Let's see what else I can find that you may not be familiar with. Have you heard of Green Day.,validation
dlg-5e155983-132d-4524-820b-96dfe0b93c4b,dlg-5e155983-132d-4524-820b-96dfe0b93c4b_5_6,"Yes, I have heard of Green Day.I haven't heard some of their new stuff, Though.",Have you heard of Weezer.,validation
dlg-5e155983-132d-4524-820b-96dfe0b93c4b,dlg-5e155983-132d-4524-820b-96dfe0b93c4b_7_8,"I've heard of Weezer, too. Yes. I heard a couple of their new stuff. That one song that kind of has like a dance kind of sound to it.",Have u heard Jimmy Eat World.,validation
dlg-5e155983-132d-4524-820b-96dfe0b93c4b,dlg-5e155983-132d-4524-820b-96dfe0b93c4b_9_10,"Yes, I've heard I've heard of Jimmy Eat World as well, Too. All those bands are pretty good.",How about Ben Folds Five.,validation
dlg-5e155983-132d-4524-820b-96dfe0b93c4b,dlg-5e155983-132d-4524-820b-96dfe0b93c4b_11_16,"Actually, Ben Folds Five is one band I haven't listened to that much. I wouldn't mind hearing some of them how they sound.",How about the group kyuss? Green Machine by KYUSS.,validation
dlg-5e155983-132d-4524-820b-96dfe0b93c4b,dlg-5e155983-132d-4524-820b-96dfe0b93c4b_19_20,"Sounds like it has more-heavier sounds in it, So that's pretty cool. I like how this sounds. It's awesome. Now I'd like to hear a a song that's similar.",You like to hear another similar artists?,validation
dlg-5e155983-132d-4524-820b-96dfe0b93c4b,dlg-5e155983-132d-4524-820b-96dfe0b93c4b_21_24,"Yes, I'd like to hear another similar artist to this.",Have you heard the group Queens of the Stone Age. How about Monster Magnet.,validation
dlg-5e3e1c26-a324-4389-9d7e-7ccdcbfc3af9,dlg-5e3e1c26-a324-4389-9d7e-7ccdcbfc3af9_0_2,Play something by The Who.,The Who - Baba O'riley.,train
dlg-5e3e1c26-a324-4389-9d7e-7ccdcbfc3af9,dlg-5e3e1c26-a324-4389-9d7e-7ccdcbfc3af9_3_4,Play Led Zeppelin.,Led Zeppelin - Stairway To Heaven.,train
dlg-5e53967e-b612-4b63-94a6-4eb4fc4ec91b,dlg-5e53967e-b612-4b63-94a6-4eb4fc4ec91b_2_13,Hello. Can you play some music similar to Katy Perry?,Have you heard music from artist Demi Lovato? Here is Demi Lovato performing Stone Cold. Here is Demi Lovato performing Confident. Have you heard of the artist Lily Allen? Here is Lily Allen Performing Smile. From Lily Allen or someone similar to Katy Perry?,train
dlg-5e53967e-b612-4b63-94a6-4eb4fc4ec91b,dlg-5e53967e-b612-4b63-94a6-4eb4fc4ec91b_14_17,Lily Allen.,"Here is Lily Allen Performing Not fair. Perfect, glad I could assist you with new music.",train
dlg-5edebb2d-7b32-44df-aa98-62a04509e9b8,dlg-5edebb2d-7b32-44df-aa98-62a04509e9b8_1_2,Hi. Can I please hear some song by Prince?,You said that you want to hear some songs by Prince. Is that right?,train
dlg-5edebb2d-7b32-44df-aa98-62a04509e9b8,dlg-5edebb2d-7b32-44df-aa98-62a04509e9b8_3_7,"Yeah, a song by Prince. I'd like to hear a good tune.","Okay, how about the song When Doves Cry? Great! Here is the song When Doves Cry by Prince. Go through with this.",train
dlg-5edebb2d-7b32-44df-aa98-62a04509e9b8,dlg-5edebb2d-7b32-44df-aa98-62a04509e9b8_8_12,I really like that. Can I hear something now by Prince that is a little slower?,How about the song I Wanna Be Your Lover by Prince? Here is the song I wanna be your lover by Prince for you. Go through with this.,train
dlg-5edebb2d-7b32-44df-aa98-62a04509e9b8,dlg-5edebb2d-7b32-44df-aa98-62a04509e9b8_14_21,This had a great dance beat. He knew how to dance pretty well.,"How about the song Kiss by the artist Prince? Okay, then. Here is the song Kiss by Prince. Go through with this.",train
dlg-5ef35d17-3661-4bc6-a004-f5f1f304cae9,dlg-5ef35d17-3661-4bc6-a004-f5f1f304cae9_1_16,"Hi. I'm looking for some country music. Can you play something for me, please?","Check out this one, Makin' Me Say by Brett Young. Here is your song the heart by brett young. Yes, here you go, The Gambler by Kenny Rogers. Here is your song Bottoms up by Brantley Gilbert.",train
dlg-5ef47e97-5c2b-4829-aabc-b31d4b07511c,dlg-5ef47e97-5c2b-4829-aabc-b31d4b07511c_1_2,Hi. Can you play a song by Adele?,Adele - Hello.,train
dlg-5ef47e97-5c2b-4829-aabc-b31d4b07511c,dlg-5ef47e97-5c2b-4829-aabc-b31d4b07511c_4_6,Can we play like a similar song but by a different artist?,Hello by Lionel Richie. Here is the song by Lionel Richie.,train
dlg-5ef47e97-5c2b-4829-aabc-b31d4b07511c,dlg-5ef47e97-5c2b-4829-aabc-b31d4b07511c_7_10,I like him. But can I have a different song by Lionel Richie?,Lionel Richie - All Night Long. Here is the song by Lionel Richie.,train
dlg-5f11f4b1-14a4-47b8-8a18-f136d5e142c4,dlg-5f11f4b1-14a4-47b8-8a18-f136d5e142c4_3_6,By Epik High. Epik High.,Here is EPIK HIGH - BORN HATER. Go through with this.,train
dlg-5f11f4b1-14a4-47b8-8a18-f136d5e142c4,dlg-5f11f4b1-14a4-47b8-8a18-f136d5e142c4_7_8,Do you have any older material?,Here is Epik High - It's Cold. Go through with this.,train
dlg-5f11f4b1-14a4-47b8-8a18-f136d5e142c4,dlg-5f11f4b1-14a4-47b8-8a18-f136d5e142c4_9_10,Do you have anything older? I don't really like this.,Here is Epik high - One. Go through with this.,train
dlg-5f33e45d-64af-4ad8-946b-5dcce7e0f810,dlg-5f33e45d-64af-4ad8-946b-5dcce7e0f810_0_5,"Hi, I wanted to listen to something by Fleetwood Mac.",This song is called Dreams. This song is called Gypsy.,train
dlg-5f33e45d-64af-4ad8-946b-5dcce7e0f810,dlg-5f33e45d-64af-4ad8-946b-5dcce7e0f810_6_7,"No, I'm not really liking this. How about, something by Heart?",The artist is called Heart.,train
dlg-5f4b6453-a24d-4171-9643-f7544cc55431,dlg-5f4b6453-a24d-4171-9643-f7544cc55431_1_2,"Hi, can you play music by Wale, please?",Here is the song called The Break-Up Song by the artist Wale.,train
dlg-5f4b6453-a24d-4171-9643-f7544cc55431,dlg-5f4b6453-a24d-4171-9643-f7544cc55431_3_5,"This is a good song, but can you play something less depressing by him can you play something more a bluffing like a club song?",Here is the song called Fine Girl by the artist Wale featuring Davido and Olamide.,train
dlg-5f4b6453-a24d-4171-9643-f7544cc55431,dlg-5f4b6453-a24d-4171-9643-f7544cc55431_6_8,"I'm not liking this song, can you play something from Wally's first album, please?",Here is the song called Let's Ride from Wale's first album 100 Miles & Running,train
dlg-5f4d0f7b-1d60-4228-8a28-3ef0ce69fa1f,dlg-5f4d0f7b-1d60-4228-8a28-3ef0ce69fa1f_1_2,I'd like to listen to some music by Linkin Park.,How about the song Crawling by Linkin Park?,validation
dlg-5f4d0f7b-1d60-4228-8a28-3ef0ce69fa1f,dlg-5f4d0f7b-1d60-4228-8a28-3ef0ce69fa1f_5_6,I like this song. Play newer music by this band.,Here is the song called One More Light by the band Linkin Park.,validation
dlg-5f4d0f7b-1d60-4228-8a28-3ef0ce69fa1f,dlg-5f4d0f7b-1d60-4228-8a28-3ef0ce69fa1f_7_9,"This song is good, as well.",Here is the song called Given Up by the band Linkin Park.,validation
dlg-5f700c22-6168-4400-8349-21726382f319,dlg-5f700c22-6168-4400-8349-21726382f319_0_2,"Hey, I want to hear Pearl Jam.",Is there a specific song you would like to hear from Pearl Jam?,train
dlg-5f700c22-6168-4400-8349-21726382f319,dlg-5f700c22-6168-4400-8349-21726382f319_3_8,Play Pearl Jam.,Playing a song from Pearl Jam called Black. I will be playing Pearl Jam Alive.,train
dlg-6024a8e0-33f2-4476-aca0-a74c463f118d,dlg-6024a8e0-33f2-4476-aca0-a74c463f118d_1_2,I want to hear something by Nirvana.,Looking that up for you. I will be playing Lithium by Nirvana.,train
dlg-6024a8e0-33f2-4476-aca0-a74c463f118d,dlg-6024a8e0-33f2-4476-aca0-a74c463f118d_4_7,"That is very nice. Yeah, absolutely. Can you find something else? I want something more mellow.",Looking that up for you as well. I would be playing The Man Who Sold the World by Nirvana.,train
dlg-6024a8e0-33f2-4476-aca0-a74c463f118d,dlg-6024a8e0-33f2-4476-aca0-a74c463f118d_8_9,Yeah. That's a very nice riff. Can you find something in the same genre by a different artist?,"Certainly, let me look that up for you. I will be playing the song called Nutshell by Alice in Chains.",train
dlg-607070d4-e990-42c1-8d67-d91aec937130,dlg-607070d4-e990-42c1-8d67-d91aec937130_0_2,Hello. I would like to hear music by Justin Bieber.,Okay. Love Yourself (PURPOSE : The Movement) by Justin Bieber.,train
dlg-607070d4-e990-42c1-8d67-d91aec937130,dlg-607070d4-e990-42c1-8d67-d91aec937130_3_4,Can I now hear older material from him?,One Time by Justin Bieber.,train
dlg-607070d4-e990-42c1-8d67-d91aec937130,dlg-607070d4-e990-42c1-8d67-d91aec937130_5_7,"I don't know what's playing. Can I now hear the same song as right now but by a different artist, please?",Okay. One Time by Ky-Mani Marley. Here it is.,train
dlg-608de517-df2d-4765-bcd2-33fb4e009dcc,dlg-608de517-df2d-4765-bcd2-33fb4e009dcc_0_3,"Hi, Assistant. Can I hear some music by Bruno Mars?","Sure, one moment please. Here is The Lazy Song by Bruno Mars. Here is The Lazy Song by Bruno Mars.",train
dlg-608de517-df2d-4765-bcd2-33fb4e009dcc,dlg-608de517-df2d-4765-bcd2-33fb4e009dcc_4_11,Great. Can I hear a similar artist?,Would you like to hear some music by Shawn Mendes? Here is a title called The Weight by Shawn Mendes. Here is Mercy by Shawn Mendes.,train
dlg-60913bb0-3326-45a3-8c09-0d1d168a0aca,dlg-60913bb0-3326-45a3-8c09-0d1d168a0aca_1_2,"Something similar to Scuba Cube, please.",Hold on. This will just be a second. Have you heard of the roots or Isaiah Rashad?,train
dlg-60913bb0-3326-45a3-8c09-0d1d168a0aca,dlg-60913bb0-3326-45a3-8c09-0d1d168a0aca_3_8,I have not heard of Isaiah Rashad.,"Okay, Let me see what I can find for you by Isaiah Rashad. Hold on. Here is ""Smile"" by Isaiah Rashad. Hold on. How about futuristic or logic?",train
dlg-60913bb0-3326-45a3-8c09-0d1d168a0aca,dlg-60913bb0-3326-45a3-8c09-0d1d168a0aca_9_11,I have not heard of Futuristic.,Here is Epiphany by Futuristic.,train
dlg-60bcbf0f-02cc-4149-8273-7155e3dd4d6b,dlg-60bcbf0f-02cc-4149-8273-7155e3dd4d6b_1_2,"Hello Assistant, I would love to hear some music by Michael Buble.",One second please.Can't go wrong with the Buble.,test
dlg-60bcbf0f-02cc-4149-8273-7155e3dd4d6b,dlg-60bcbf0f-02cc-4149-8273-7155e3dd4d6b_3_4,"With the Buble, I like that.",Here is Michael Buble performing I believe in you.,test
dlg-60bcbf0f-02cc-4149-8273-7155e3dd4d6b,dlg-60bcbf0f-02cc-4149-8273-7155e3dd4d6b_6_7,"Hey, I really like the song you picked. Could I hear me something else more upbeat?",Here is everything performed by the Buble.,test
dlg-60bcbf0f-02cc-4149-8273-7155e3dd4d6b,dlg-60bcbf0f-02cc-4149-8273-7155e3dd4d6b_9_12,"Oh, I have to play it in a different browser, hang on.",No way? That's a gorgeous song to dance to!,test
dlg-60bcbf0f-02cc-4149-8273-7155e3dd4d6b,dlg-60bcbf0f-02cc-4149-8273-7155e3dd4d6b_15_16,"Okay, Assistant. Can I hear another song by Michael Buble?","Absolutely, here is It's A Beautiful Day by Michael Buble.",test
dlg-60bcbf0f-02cc-4149-8273-7155e3dd4d6b,dlg-60bcbf0f-02cc-4149-8273-7155e3dd4d6b_18_19,"Haha, that's really a funny video. I like that. Thank you so much for the help today.",His voice is like no other! Glad I could assist!,test
dlg-60dc778f-a246-44a0-8c9e-db5979dceea6,dlg-60dc778f-a246-44a0-8c9e-db5979dceea6_1_16,"Hi, can you help me to find All Along The Watchtower by Jimi Hendrix? Yes, can you find the same song All Along the Watchtower by Bob Dylan? Okay, Now can you play by Bob Dylan Tambourine Man?",Here is Mr Tambourine Man.,train
dlg-60dc79aa-6bca-428a-94b4-7e33d40ce7e2,dlg-60dc79aa-6bca-428a-94b4-7e33d40ce7e2_0_2,"Hi, I'm looking to hear songs by the band Little Mix.",Here is you song - Touch by Little Mix.,train
dlg-60dc79aa-6bca-428a-94b4-7e33d40ce7e2,dlg-60dc79aa-6bca-428a-94b4-7e33d40ce7e2_3_6,I want to hear a song by Fifth Harmony.,By harmony? Here is your song - All in my head by fifth harmony.,train
dlg-611afc4d-7e9a-40ef-b2fc-22803da1a02e,dlg-611afc4d-7e9a-40ef-b2fc-22803da1a02e_3_4,I am thinking of Devil Driver.,Clouds Over California by Devil Driver.,train
dlg-611afc4d-7e9a-40ef-b2fc-22803da1a02e,dlg-611afc4d-7e9a-40ef-b2fc-22803da1a02e_5_6,"Alright, how about some newer material from the name?",Daybreak by Devil Driver.,train
dlg-611afc4d-7e9a-40ef-b2fc-22803da1a02e,dlg-611afc4d-7e9a-40ef-b2fc-22803da1a02e_7_8,"Okay, how about a different song from Devil Driver?",Trust No One by Devil Driver.,train
dlg-6153750b-5912-4f57-bc86-a922330be8df,dlg-6153750b-5912-4f57-bc86-a922330be8df_1_4,"Yeah, I was wondering if you could play me some music, how about some R. E. M.? How about something of Lifes Rich Pageant?",Here is I Believe - Life's Rich Pageant by R. E. M.,test
dlg-6153750b-5912-4f57-bc86-a922330be8df,dlg-6153750b-5912-4f57-bc86-a922330be8df_5_7,"Yeah, that's a pretty good choice. I like this song. How about some newer R.E.M.? Maybe something of their last album that came out.",How about the song Everybody Hurts by R. E. M.?,test
dlg-6153750b-5912-4f57-bc86-a922330be8df,dlg-6153750b-5912-4f57-bc86-a922330be8df_9_10,"Yeah, that's a pretty good song. I like it. Could you find me maybe somebody doing a cover of Everybody Hurts?",Here is the song Everybody Hurts by The Corrs.,test
dlg-6162b880-d62d-48ca-816c-a4dbb3b35993,dlg-6162b880-d62d-48ca-816c-a4dbb3b35993_2_7,I want to listen to some country music.,Is there any country artist that you like so that I can find you a similar artists to them? Here's the song Friends in Low Places by Garth Brooks. Here's the song Why Not Me by The Judds.,train
dlg-6162b880-d62d-48ca-816c-a4dbb3b35993,dlg-6162b880-d62d-48ca-816c-a4dbb3b35993_8_9,Can I hear something featuring a guy singer?,Here's the song Driving My Life Away by Eddie Rabbitt.,train
dlg-6162b880-d62d-48ca-816c-a4dbb3b35993,dlg-6162b880-d62d-48ca-816c-a4dbb3b35993_10_11,Alright. How about something more like Johnny Cash?,Here's the song That Jesus Alone by Nick Cave & The Bad Seeds.,train
dlg-61981732-9975-4b15-8abc-2031f1dd0918,dlg-61981732-9975-4b15-8abc-2031f1dd0918_0_1,Hi. Could you play me some REM? Maybe something off Lifes Rich Pageant.,"Yes, I'll play some REM for you.",test
dlg-61981732-9975-4b15-8abc-2031f1dd0918,dlg-61981732-9975-4b15-8abc-2031f1dd0918_4_5,"Lifes Rich Pageant, I think.",Here's the song I Believe by REM.,test
dlg-61981732-9975-4b15-8abc-2031f1dd0918,dlg-61981732-9975-4b15-8abc-2031f1dd0918_6_7,"Yeah, that's a pretty good song. How about something else off that album?",Here is the song Superman of the same album.,test
dlg-61981732-9975-4b15-8abc-2031f1dd0918,dlg-61981732-9975-4b15-8abc-2031f1dd0918_8_9,"Yeah, that's a good song. Can you play me some newer REM?",Here is the song Drive from the album Automatic for the people.,test
dlg-61bb9c29-7dcd-43f6-89b8-3ab37a612c5f,dlg-61bb9c29-7dcd-43f6-89b8-3ab37a612c5f_1_4,"Hello, I'd like some help browsing YouTube videos for the band Chicago.",Love Lives On Lyric by Chicago. Wishing You Were Here by Chicago.,train
dlg-61bb9c29-7dcd-43f6-89b8-3ab37a612c5f,dlg-61bb9c29-7dcd-43f6-89b8-3ab37a612c5f_5_6,"That video is unavailable. That's okay. Let's try a different album though, please.",Hard To Say I'm Sorry by Chicago.,train
dlg-61dba22f-1d88-456f-89c2-7ad7baf61aa6,dlg-61dba22f-1d88-456f-89c2-7ad7baf61aa6_0_1,Hello. Can you play some Linkin Park?,Here is Crawling.,train
dlg-61dba22f-1d88-456f-89c2-7ad7baf61aa6,dlg-61dba22f-1d88-456f-89c2-7ad7baf61aa6_2_4,"Oh, this is classic. Can you play something newer by Linkin Park?",Here is Waiting For The End.,train
dlg-61dba22f-1d88-456f-89c2-7ad7baf61aa6,dlg-61dba22f-1d88-456f-89c2-7ad7baf61aa6_5_7,"This is pretty good, too. Can you play something else by Linkin Park?",Here is bleed it out.,train
dlg-61e46ac2-4832-4e48-85c6-dbc30156199d,dlg-61e46ac2-4832-4e48-85c6-dbc30156199d_0_6,"Hello. Can you play something from the band Altered Bridge for me, please?",Here is Cradle to the Grave by Alter Bridge. Here is slip to the void by Alter Bridge.,train
dlg-61e46ac2-4832-4e48-85c6-dbc30156199d,dlg-61e46ac2-4832-4e48-85c6-dbc30156199d_7_8,I don't want this one. Can you play a different song from a similar style of artist?,"Sure thing, here is Linkin Park talking to myself.",train
dlg-623c186e-ffb5-40d2-b58b-f459c93c7e25,dlg-623c186e-ffb5-40d2-b58b-f459c93c7e25_0_4,Hi. Can you play something by Noah Guthrie?,Hear Sexy and I Know It by LMAFO by Noah Guthrie.,train
dlg-623c186e-ffb5-40d2-b58b-f459c93c7e25,dlg-623c186e-ffb5-40d2-b58b-f459c93c7e25_5_8,Okay. That's pretty cool. Do you have any of his newer stuff? Do you have any of his newer stuff?,Here is Noah Guthrie with till it thunders.,train
dlg-623c186e-ffb5-40d2-b58b-f459c93c7e25,dlg-623c186e-ffb5-40d2-b58b-f459c93c7e25_11_12,Can you show me the same song but by a different artist?,"Alright, here is Imagine Dragons Thunder by cover by J.fla.",train
dlg-627257fd-c487-41bc-8a7a-702ca0bdf855,dlg-627257fd-c487-41bc-8a7a-702ca0bdf855_1_3,I'd like to listen to some music maybe by R.E.M.,R.E.M. Drive.,validation
dlg-627257fd-c487-41bc-8a7a-702ca0bdf855,dlg-627257fd-c487-41bc-8a7a-702ca0bdf855_5_7,Could you play something by REO Speedwagon?,REO Speedwagon - Time for Me to Fly (with video lyrics).,validation
dlg-6282280e-fb51-470d-b72b-219033ff28e3,dlg-6282280e-fb51-470d-b72b-219033ff28e3_0_2,Hello Assistant. I'd like to hear some coffee house music.,I think you said coffee house music.,train
dlg-6282280e-fb51-470d-b72b-219033ff28e3,dlg-6282280e-fb51-470d-b72b-219033ff28e3_5_11,I'm waiting for coffee house music. It is very nice statistic. Could I hear something a little bit more classic coffee house music?,"More classic, right?",train
dlg-6282280e-fb51-470d-b72b-219033ff28e3,dlg-6282280e-fb51-470d-b72b-219033ff28e3_14_16,"I guess a little more jazzy, a little bit more smooth. But something is here in our coffee house. Oh, I like this song. Hold on. Play it in a different browser here. Could I hear something a little bit more mellow?","I think you said more mellow, right?",train
dlg-6282280e-fb51-470d-b72b-219033ff28e3,dlg-6282280e-fb51-470d-b72b-219033ff28e3_19_22,"This is really a good one, Assistant, very nice. Could I hear one more coffee house song? Could be a little bit more upbeat?","Upbeat, correct?",train
dlg-62a03c3c-79b9-42f8-b73a-8bb89e604e80,dlg-62a03c3c-79b9-42f8-b73a-8bb89e604e80_0_2,"Hi, could you play me some music? How about Little Red Corvette by Prince?",Here is your song the Prince Little Red Corvette.,train
dlg-62a03c3c-79b9-42f8-b73a-8bb89e604e80,dlg-62a03c3c-79b9-42f8-b73a-8bb89e604e80_3_4,"Okay, that's pretty good. How about a new artist that sounds similar, try something new like it should be a new song for me.","Okay, here is a similar artist song Mayte Garcia with if I love you tonight.",train
dlg-62ac24f1-fef2-4fe0-a13c-3f591f2b7070,dlg-62ac24f1-fef2-4fe0-a13c-3f591f2b7070_1_4,"Hello Assistant, I'd like to hear some music by Jackson Brown.","Artist Jackson Browne? Let me see what I can find for you. Here's the song called ""Load Out/Stay"" by the artist Jackson Browne.",train
dlg-62ac24f1-fef2-4fe0-a13c-3f591f2b7070,dlg-62ac24f1-fef2-4fe0-a13c-3f591f2b7070_6_10,"Hey Assistant, I like your choice. Could I hear some older material?","Here's an older song called ""Stay"" by Jackson Browne. How about the song ""Wonderful Tonight""  by Eric Clapton?",train
dlg-62b7be30-6e4c-49ee-bed3-56b0e5fb4686,dlg-62b7be30-6e4c-49ee-bed3-56b0e5fb4686_1_8,Could you play me a song by Lord Huron? She Lite a Fire by Lord Huron.,"Okay, here is she lite a fire by Lord Huron. Here is The Night We Met by Lord Huron.",train
dlg-63279ef1-d7bb-4a96-bd9c-6e72bc54430a,dlg-63279ef1-d7bb-4a96-bd9c-6e72bc54430a_1_3,I'm looking to listen some music by Aerosmith.,Got it. Dream On by Aerosmith lyrics.,validation
dlg-63279ef1-d7bb-4a96-bd9c-6e72bc54430a,dlg-63279ef1-d7bb-4a96-bd9c-6e72bc54430a_5_6,Yeah. I like that song. I'd like to listen another one by that door's.,Got it. The Doors - Light My Fire.,validation
dlg-638f60ca-7afe-4586-b5c5-258b8de6d312,dlg-638f60ca-7afe-4586-b5c5-258b8de6d312_0_1,I would like to listen to some country music.,"I can help you finding some country music, please hold for a moment. Here's the song When It Rains It Pours by Luke Combs.",train
dlg-638f60ca-7afe-4586-b5c5-258b8de6d312,dlg-638f60ca-7afe-4586-b5c5-258b8de6d312_2_3,I would like to listen something from a female artist.,"One moment, please. Here's the song Cowboy Take Me Away by Dixie Chicks.",train
dlg-638f60ca-7afe-4586-b5c5-258b8de6d312,dlg-638f60ca-7afe-4586-b5c5-258b8de6d312_4_5,I'd like to listen something newer.,Here's the song Young in America by Danielle Bradbery.,train
dlg-63bba322-f7a9-4a49-be11-fb6da8396e45,dlg-63bba322-f7a9-4a49-be11-fb6da8396e45_1_2,"Hi, can you play me something by Metallica?",Here's the song Now That We're Dead by Metallica.,train
dlg-63bba322-f7a9-4a49-be11-fb6da8396e45,dlg-63bba322-f7a9-4a49-be11-fb6da8396e45_4_6,Can you play me the last song that Led Zeppelin recorded?,Here's the song This is the Achilles Last Stand by Led Zeppelin recorded.,train
dlg-63bba322-f7a9-4a49-be11-fb6da8396e45,dlg-63bba322-f7a9-4a49-be11-fb6da8396e45_8_13,I changed my mind. Can you play me a popular Christmas song?,Here's the Popular Christmas song by Led Zeppelin. Here's the A Muppet Family Christmas with the Sesame Street Gang.,train
dlg-63d3eb95-d936-4a3a-a8bc-b931b8c7d65d,dlg-63d3eb95-d936-4a3a-a8bc-b931b8c7d65d_1_10,"Hi. I'm looking for music by Joyner Lucas, please. Joyner Lucas.","Here is Joyner Lucas - Just Like You. Enjoy. Okay, let me find the same song by a different artist. Here is Joyner Lucas - I'm Sorry. Enjoy. I'm sorry, let me find a song from a different album. Here is Joyner Lucas - Mansion. Enjoy.",train
dlg-63d8dc9f-46b3-4ceb-b32f-57965dcd63e0,dlg-63d8dc9f-46b3-4ceb-b32f-57965dcd63e0_1_4,Hello. Can you please play the song Johnny Cash by Wage War?,Here's Johnny Cash by Wage War.,train
dlg-63d8dc9f-46b3-4ceb-b32f-57965dcd63e0,dlg-63d8dc9f-46b3-4ceb-b32f-57965dcd63e0_5_8,"Can you play a similar artist to them, please?",Here is Imposter by Fit For A King.,train
dlg-63e66ad9-5b34-4c71-9325-bc4bc684e553,dlg-63e66ad9-5b34-4c71-9325-bc4bc684e553_1_8,Hello Assistant. I would like to hear some new music similar to Michael Bublé.,Ok. Michael Buble. Let's see what else I can find that you may not be familiar with. Have you heard about the artist Robin Thicke or Natasha Bedingfield? Here is the song Lost Without You by Robin Thicke.,train
dlg-63e66ad9-5b34-4c71-9325-bc4bc684e553,dlg-63e66ad9-5b34-4c71-9325-bc4bc684e553_12_18,"I like this song. It's really smooth. Very nice. Assistant, could I hear a I'd like to hear another song by a new artist similar to The Bee Gees.",Would you not like to your something by Natasha Bedingfield. Here is the song Unwritten by Natasha Bedingfield.,train
dlg-641b5bf0-1c20-4d07-8d4f-4273bcdad434,dlg-641b5bf0-1c20-4d07-8d4f-4273bcdad434_2_11,"Hi, I like to hear brand new music from Odyssey. I've never had before. Beyoncé.","Ok, Beyonce. Let's see what else I can find that you may not be familiar with. Looks like the artist Khalid may be similar, have a similar style, might be a close match, etc. Another is Adele. Is either of those new to you? Khalid. Here is the song called American Teen by the artist Khalid.",train
dlg-641b5bf0-1c20-4d07-8d4f-4273bcdad434,dlg-641b5bf0-1c20-4d07-8d4f-4273bcdad434_12_13,"Yeah, I like his voice. He reminds me of the singer of the One Republic. Yeah, can you show me a different artist now?","Ok, how about Tori kelly? Have you heard this artist before?",train
dlg-641b5bf0-1c20-4d07-8d4f-4273bcdad434,dlg-641b5bf0-1c20-4d07-8d4f-4273bcdad434_14_20,"Yes, I have heard Tori Kelly.",How about Bow Wow? What about the artist Miguel? Here is the song called Adorn by the artist Miguel.,train
dlg-641b5bf0-1c20-4d07-8d4f-4273bcdad434,dlg-641b5bf0-1c20-4d07-8d4f-4273bcdad434_23_29,"Yeah, I like how he reaches for the high note. He has an incredible voice. So, the artists I have chosen are Miguel and Khalid. Okay, Bruno Mars.",Have you heard any song by the artist Mika? Here is the song called Popular Song by the artist Mika.,train
dlg-641b5bf0-1c20-4d07-8d4f-4273bcdad434,dlg-641b5bf0-1c20-4d07-8d4f-4273bcdad434_32_38,"So in total, the three artists I've chosen are Khalid, Miguel, and Mika.",How about the artist Andre 3000? What about Jason Mraz? Here is the song called I'm Yours by the artist Jason Mraz.,train
dlg-647f6f7c-e59d-4f38-a043-c663ff39ee9a,dlg-647f6f7c-e59d-4f38-a043-c663ff39ee9a_7_9,"Okay. I think I'd like one more party song. This time something that's sung by a woman, a female artist.",Okay. Here's Rihanna - Pour It Up (Explicit).,train
dlg-64b5042c-78c7-4d2f-b1a8-1ac2dc48124a,dlg-64b5042c-78c7-4d2f-b1a8-1ac2dc48124a_0_3,Can you play a song by Sabrina Carpenter?,Here is the song called On Purpose by Sabrina Carpenter.,train
dlg-64b5042c-78c7-4d2f-b1a8-1ac2dc48124a,dlg-64b5042c-78c7-4d2f-b1a8-1ac2dc48124a_4_7,Can you play one that's a little happier? And a little bit more upbeat.,Here is the song called Can't Blame a Girl for Trying by Sabrina Carpenter.,train
dlg-64b5042c-78c7-4d2f-b1a8-1ac2dc48124a,dlg-64b5042c-78c7-4d2f-b1a8-1ac2dc48124a_8_9,Can you play one of her more recent songs instead?,Here is the song called New Rules by Sabrina Carpenter.,train
dlg-64d8f5fa-7b8c-4b6f-99b0-9283b750fd08,dlg-64d8f5fa-7b8c-4b6f-99b0-9283b750fd08_1_2,I'd like to listen to some music from the band Kiss.,Here's the song I Was Made For Loving You by Kiss.,train
dlg-64d8f5fa-7b8c-4b6f-99b0-9283b750fd08,dlg-64d8f5fa-7b8c-4b6f-99b0-9283b750fd08_3_4,"Yeah, that sounds good. I like that song. Can you play me something maybe the Backstreet Boys?",Here's the song Everybody by Backstreet Boys.,train
dlg-64d8f5fa-7b8c-4b6f-99b0-9283b750fd08,dlg-64d8f5fa-7b8c-4b6f-99b0-9283b750fd08_5_6,"Yeah, that sounds good. I like that song. Can you play me something maybe by Willie Nelson?",Here's the song Still Not Dead by Willie Nelson.,train
dlg-64dbb292-3d58-4a50-b70a-8e2b40363851,dlg-64dbb292-3d58-4a50-b70a-8e2b40363851_4_5,Could you play any traditional rock?,Arctic Monkeys - Do I Wanna Know?,train
dlg-650cb3fb-7e27-40d3-b3bd-ba50dab73ddc,dlg-650cb3fb-7e27-40d3-b3bd-ba50dab73ddc_0_2,Hello. Can you play some Katy Perry for me?,Here is Thinking of you by Katy Perry.,train
dlg-650cb3fb-7e27-40d3-b3bd-ba50dab73ddc,dlg-650cb3fb-7e27-40d3-b3bd-ba50dab73ddc_3_4,This sounds amazing. Can you play something more energetic with Katy Perry?,Sure thing. Here's Rice by Katy Perry.,train
dlg-650cb3fb-7e27-40d3-b3bd-ba50dab73ddc,dlg-650cb3fb-7e27-40d3-b3bd-ba50dab73ddc_5_6,This is my jam. Can you play Katy Perry Dark Horse by chance?,Here is Dark Horse by Katy Perry.,train
dlg-65297ef9-47f5-42a8-9485-0ab4d495b4b3,dlg-65297ef9-47f5-42a8-9485-0ab4d495b4b3_2_4,Can you play me a song by Arcadian Wild?,The Arcadian Wild - The Storm.,validation
dlg-65297ef9-47f5-42a8-9485-0ab4d495b4b3,dlg-65297ef9-47f5-42a8-9485-0ab4d495b4b3_5_7,I'm actually not in the mood for their style. Can you find me another song that has the same name?,"After The Storm - Kali Uchis ft. Tyler, The Creator & Bootsy Collins.",validation
dlg-65297ef9-47f5-42a8-9485-0ab4d495b4b3,dlg-65297ef9-47f5-42a8-9485-0ab4d495b4b3_8_10,I don't like the kind of lounge feel this one has. Can you find one that's a bit more pop?,Katy Perry - Hey Hey Hey.,validation
dlg-65921428-a777-4807-8157-c28fb8d099dd,dlg-65921428-a777-4807-8157-c28fb8d099dd_2_11,I need help finding new music to listen please. Rap and hip hop.,I found Lil Pump- Gucci Gang. Do you want to hear more rap songs? G-Eazy No Limit. Eminem- Space Bound.,train
dlg-65921428-a777-4807-8157-c28fb8d099dd,dlg-65921428-a777-4807-8157-c28fb8d099dd_12_15,Can you play a different song because this video is also blocked. Can you play a different song because this video is also blocked.,Kendrick Lamar - M.A.A.D. City.,train
dlg-65b74d12-f3d7-4c05-b1de-0acbdf04422f,dlg-65b74d12-f3d7-4c05-b1de-0acbdf04422f_1_8,Hello. I'd like some help in browsing the music of Chicago.,"Here is ""Hard To Say I'm Sorry"" by Chicago. Here is ""You're The Inspiration"" by Chicago.",train
dlg-65b74d12-f3d7-4c05-b1de-0acbdf04422f,dlg-65b74d12-f3d7-4c05-b1de-0acbdf04422f_9_10,It's not quite working. How about something even older by Chicago?,"Here is an older song called ""If you leave me now""- 1977 by Chicago.",train
dlg-66160f88-6719-4fad-a17b-212f1f3073a5,dlg-66160f88-6719-4fad-a17b-212f1f3073a5_2_5,Hi. Today I need help finding music to listen to. I'm hoping that you can help me find some. I'm looking for a song called Rock N' Roll Star by Oasis.,Playing rock and roll star by Oasis.,train
dlg-66160f88-6719-4fad-a17b-212f1f3073a5,dlg-66160f88-6719-4fad-a17b-212f1f3073a5_11_17,"Thank you for playing that song. Now, I'd like to hear another song by them. It's called Supersonic by Oasis.",Playing Supersonic by Oasis. I think you would also like a band called Dredg.,train
dlg-66160f88-6719-4fad-a17b-212f1f3073a5,dlg-66160f88-6719-4fad-a17b-212f1f3073a5_19_20,Could you play a song by them? I think it's called Bug Eyes.,Playing Bug Eyes by Dredg.,train
dlg-6665ef55-1bff-48e6-8481-76e1ecc8f4f5,dlg-6665ef55-1bff-48e6-8481-76e1ecc8f4f5_0_3,I would like to listen to a song by Maroon 5. Can you help me with that?,Just wait for a second. I'll help you in listening to the song by Maroon 5. Here's the song by Maroon 5.,test
dlg-668f8eaa-3831-4d2f-ab6e-a6d0c2e20a62,dlg-668f8eaa-3831-4d2f-ab6e-a6d0c2e20a62_0_4,I would like to listen to music by blink-182.,Here is a classic from blink-182 - All The Small Things. Here is another classic blink-182 - What's My Age Again.,train
dlg-668f8eaa-3831-4d2f-ab6e-a6d0c2e20a62,dlg-668f8eaa-3831-4d2f-ab6e-a6d0c2e20a62_5_6,"I don't like what's playing, play older material.","Okay, check out this one, here is She's Out Of Her Mind - blink-182.",train
dlg-669d9bb1-6802-4bef-bceb-3bc211838a50,dlg-669d9bb1-6802-4bef-bceb-3bc211838a50_1_2,Hello. Can you play It's So Easy by Guns N' Roses?,Sure. Here is It's So Easy by Guns 'N' Roses.,validation
dlg-669d9bb1-6802-4bef-bceb-3bc211838a50,dlg-669d9bb1-6802-4bef-bceb-3bc211838a50_3_4,"Okay. Now, could you play me something of Chinese Democracy?",Here is Guns N Roses by Chinese Democracy.,validation
dlg-669d9bb1-6802-4bef-bceb-3bc211838a50,dlg-669d9bb1-6802-4bef-bceb-3bc211838a50_5_6,"Okay. That's okay, but how about can you play me something live off their latest tour?",Here is Guns N' Roses Welcome to the Jungle live from War Memorial Stadium.,validation
dlg-66a190b4-7839-423b-8920-42adbb7ea771,dlg-66a190b4-7839-423b-8920-42adbb7ea771_1_3,"Hi, can you play me some R&B music?",Here's the Beyonce-Halo.,train
dlg-66a190b4-7839-423b-8920-42adbb7ea771,dlg-66a190b4-7839-423b-8920-42adbb7ea771_4_8,Okay. Can I get something a little bit more old than this? Like a little bit older.,"Here's Bump, Bump, Bump - B2K ft. P. Diddy.",train
dlg-66a190b4-7839-423b-8920-42adbb7ea771,dlg-66a190b4-7839-423b-8920-42adbb7ea771_9_11,"Okay, can you get me something a little bit slower than this?",Here's Ginuwine- Pony.,train
dlg-66a190b4-7839-423b-8920-42adbb7ea771,dlg-66a190b4-7839-423b-8920-42adbb7ea771_12_14,All right. Could you play me another one from this time era?,Here's Unbreak my heart.,train
dlg-66ccc752-f121-4c06-a8b1-4753d266a327,dlg-66ccc752-f121-4c06-a8b1-4753d266a327_6_8,I like the AC/DC.,How about Guns N' Roses or Journey?,validation
dlg-66ccc752-f121-4c06-a8b1-4753d266a327,dlg-66ccc752-f121-4c06-a8b1-4753d266a327_10_11,Let's try Guns N' Roses. That sound's interesting.,Here is Guns N' Roses - Sweet Child O' Mine.,validation
dlg-66f67c6c-b412-4ab4-ba74-88856cf131b3,dlg-66f67c6c-b412-4ab4-ba74-88856cf131b3_1_5,I want new music to listen to. Drake.,Okay Drake. Let's see what I can find for you. Do you ever heard of Roy Woods or Kid Cudi?,train
dlg-66f67c6c-b412-4ab4-ba74-88856cf131b3,dlg-66f67c6c-b412-4ab4-ba74-88856cf131b3_6_8,I've not heard of Roy Woods. But I've heard of Kid Cudi.,"Okay, let me see if I can find you something by Roy Woods. Here is Get You Good by Roy Woods.",train
dlg-66f67c6c-b412-4ab4-ba74-88856cf131b3,dlg-66f67c6c-b412-4ab4-ba74-88856cf131b3_10_14,Tupac.,"Okay, let me see who I can find based on Tupac. Have you ever heard of Big L or Rakim? Here is Danger Zone by Big L.",train
dlg-6726bad9-1983-4482-b333-407f087510b5,dlg-6726bad9-1983-4482-b333-407f087510b5_0_3,I'd like to hear a song by The Doors called Light My Fire.,Jim Morrison was great.,train
dlg-67421206-59af-4854-b147-96ce9ba20475,dlg-67421206-59af-4854-b147-96ce9ba20475_2_4,"Hello. Today I need your help finding music to listen to. I have an artist in mind. I'm looking to hear music from Bonobo.  I'm looking to hear the song Kiara . If you have trouble spelling that, it's b o n o b o.",Here's the song Kiara by Bonobo.,train
dlg-67421206-59af-4854-b147-96ce9ba20475,dlg-67421206-59af-4854-b147-96ce9ba20475_6_7,"I like this one a lot because of how the intro starts with the strings, and then it has like a hip hop kind of sound to it, but it's really uplifting like a lot of his stuff, so now I would like to hear another song by Bonobo. It's called Recurring. Like something that's going to reoccur, but without the O.",Got it. here's the song Recurring by Bonobo.,train
dlg-67421206-59af-4854-b147-96ce9ba20475,dlg-67421206-59af-4854-b147-96ce9ba20475_9_13,That's probably my favorite song by him. It has like an emotional sound to it. Awesome. I'd like to hear one more song by Bonobo. It's called Days to Come.,Here's the song Days To Come by Bonobo. Featuring Bajka?,train
dlg-6789212c-2134-4652-b9ad-99ee6a086069,dlg-6789212c-2134-4652-b9ad-99ee6a086069_0_4,Hi. Can you play me a song by Martin Garrix? Can you play me a song by Martin Garrix?,Sure thing. I got it.Here's Martin Garrix with there for you.,train
dlg-6789212c-2134-4652-b9ad-99ee6a086069,dlg-6789212c-2134-4652-b9ad-99ee6a086069_5_15,"Do you think you could play a slightly faster song by him? Oh, I'm sorry. I guess you didn't hear me. I asked if you could play a faster song. Oh, I'm sorry. I guess you didn't hear me. I asked if you could play a faster song.",Here's a faster song by Martin Garrix called Animals. Sure no problem. Here is Martin Garrix with Sun is Never Going Down.,train
dlg-679cb809-b6f2-4585-8178-84015d8816f7,dlg-679cb809-b6f2-4585-8178-84015d8816f7_1_2,Hi. Can you Show me music by AC/DC.,Here is AC/DC - Thunderstruck. Go through with this.,train
dlg-679cb809-b6f2-4585-8178-84015d8816f7,dlg-679cb809-b6f2-4585-8178-84015d8816f7_3_5,I really like this song. It really gets me energized. Show me more music of similar genre.,Here is Guns N' Roses - November Rain. Go through with this.,train
dlg-679cb809-b6f2-4585-8178-84015d8816f7,dlg-679cb809-b6f2-4585-8178-84015d8816f7_7_11,It's good classic rock. Find me something of a similar genre.,Here is Led Zeppelin - Stairway to Heaven. Go through with this.,train
dlg-67c54483-27af-4535-bd4a-032ca13b0906,dlg-67c54483-27af-4535-bd4a-032ca13b0906_1_15,Hello. Can you play some music similar to Parkway Drive?,"Hey, have you heard of the band Sonic Syndicate? Here is Sonic Syndicate performing Denied. Here is Sonic Syndicate performing My Escape. How about the band While She Sleeps? The song Hurricane performed by While She Sleeps. Here is Four Walls performed by While She Sleeps. Here is the same band, While She Sleeps performing Seven Hills. No problem, enjoy the new music.",train
dlg-681c10d9-11d5-441a-8015-49e062c1deda,dlg-681c10d9-11d5-441a-8015-49e062c1deda_1_4,"Hello Assistant, I'd like to listen to some rock music.",How about the song It's My Life by Bon Jovi.,train
dlg-681c10d9-11d5-441a-8015-49e062c1deda,dlg-681c10d9-11d5-441a-8015-49e062c1deda_8_11,"Thank you, Oh, That was a good choice. Could I hear something a little bit more mellow?",Here is the song Simple Man by Lynyrd Skynyrd.,train
dlg-681c10d9-11d5-441a-8015-49e062c1deda,dlg-681c10d9-11d5-441a-8015-49e062c1deda_13_16,"Thank you,Oh, That's not playing. Let me play it in a different screen. It's a good choice, Assistant. Can I hear one more rock song? Like a classic rock song?",How about the song Sweet Child O' Mine by Guns and Roses?,train
dlg-6826b3cc-2c8e-4793-b8a3-294f5bcfd44f,dlg-6826b3cc-2c8e-4793-b8a3-294f5bcfd44f_3_5,"Can I hear a song from Chime & Adam. Ok, can I hear a non-remix version?","Ok, chime & Adam Tell - Whole.",train
dlg-6826b3cc-2c8e-4793-b8a3-294f5bcfd44f,dlg-6826b3cc-2c8e-4793-b8a3-294f5bcfd44f_6_7,Can I say something by just Adam Hill?,Adam Tell - Fiction In The Fire.,train
dlg-6834f7b3-9e7d-406f-9923-aaf86d745b7d,dlg-6834f7b3-9e7d-406f-9923-aaf86d745b7d_0_9,Hi. Can I hear a song by Bruno Mars?,Here is Uptown Funk by Bruno Mars. Here is another version of that same song Uptown Funk by Bruno Mars. Here is Just The Way You Are by Bruno Mars.,train
dlg-6834f7b3-9e7d-406f-9923-aaf86d745b7d,dlg-6834f7b3-9e7d-406f-9923-aaf86d745b7d_10_11,"That song is great, too. Okay. Can you send the song called 24 Karat Magic?",Here is 24 Karat Magic by Bruno Mars.,train
dlg-685c6ae4-9b2f-4e4a-8def-8de0efd5ea9a,dlg-685c6ae4-9b2f-4e4a-8def-8de0efd5ea9a_1_5,Hello. I want to hear some music by August Burns Red. August Burns Red.,August Burns Red - Invisible Enemy.,train
dlg-685c6ae4-9b2f-4e4a-8def-8de0efd5ea9a,dlg-685c6ae4-9b2f-4e4a-8def-8de0efd5ea9a_6_7,"The song's really good. Okay, can you play some old music by August Burns Red now?",August Burns Red - Leveler.,train
dlg-685c6ae4-9b2f-4e4a-8def-8de0efd5ea9a,dlg-685c6ae4-9b2f-4e4a-8def-8de0efd5ea9a_8_9,Another wonderful track. Okay and then can you play something from the Messenger's album?,Up Against The Ropes - August Burns Red.,train
dlg-689e08d9-f450-4c48-962b-2895c15e5108,dlg-689e08d9-f450-4c48-962b-2895c15e5108_0_1,Can you play me a song by Taylor Swift?,Here's the song 22 by Taylor Swift.,train
dlg-689e08d9-f450-4c48-962b-2895c15e5108,dlg-689e08d9-f450-4c48-962b-2895c15e5108_2_3,I'm not feeling this one. Do you think you can play a newer song by her?,Here is the song called Gorgeous by Taylor Swift.,train
dlg-689e08d9-f450-4c48-962b-2895c15e5108,dlg-689e08d9-f450-4c48-962b-2895c15e5108_4_5,"No. This one's been playing on the radio a lot lately, and I'm not a fan of that song. Do you think that you could find a different one from the same album?",Here's the song called Ready For It by Taylor Swift.,train
dlg-68de3be9-633a-453a-b8b2-489143ec6486,dlg-68de3be9-633a-453a-b8b2-489143ec6486_1_2,Play me something by Metallica.,I can do that. One second. Here is Nothing Else Matters by Metallica.,train
dlg-68de3be9-633a-453a-b8b2-489143ec6486,dlg-68de3be9-633a-453a-b8b2-489143ec6486_3_6,"Yeah, this is one of my favorite songs. Play one of their older songs.",Here is The Unforgiven by Metallica.,train
dlg-68de3be9-633a-453a-b8b2-489143ec6486,dlg-68de3be9-633a-453a-b8b2-489143ec6486_7_8,I forgot about this song. Play something of their latest album.,"Let me see what I can find for you. Just a moment. Here is Atlas, Rise by Metallica.",train
dlg-691d5aaa-72fb-4dea-90e3-327f585dc1ed,dlg-691d5aaa-72fb-4dea-90e3-327f585dc1ed_0_1,"Hi. Today, I need your help finding music to listen to. I'm looking to listen to a song by Bonobo. It's called Dinosaurs.",Can you help me spell the artist´s band?,train
dlg-693b5df6-3a93-48ee-a369-975fa434d49d,dlg-693b5df6-3a93-48ee-a369-975fa434d49d_4_7,"That's really funny because it's just kind of read my mind. Yeah, that'd be great. Okay. Great song. As I said it was pretty much exactly what I was thinking. How about something off automatic for the people?",How about the song Try Not To Breathe from the album automatic for the People by R.E.M?,train
dlg-693b5df6-3a93-48ee-a369-975fa434d49d,dlg-693b5df6-3a93-48ee-a369-975fa434d49d_9_10,"Okay, that's another great choice. How about since you're doing so good picking songs I like, how about something from an older or maybe one of their first albums?",Here is the song Radio Free Europe by R E M from their first album.,train
dlg-69584d67-3738-416d-a8ce-4ecf584c5a63,dlg-69584d67-3738-416d-a8ce-4ecf584c5a63_0_3,I would like to hear some music by The B-52's.,Here is Bow Wow Wow I Want Candy.,train
dlg-69584d67-3738-416d-a8ce-4ecf584c5a63,dlg-69584d67-3738-416d-a8ce-4ecf584c5a63_4_6,Sounds good.,Here is Lil Bow Wow - Bow Wow (That's My Name).,train
dlg-69584d67-3738-416d-a8ce-4ecf584c5a63,dlg-69584d67-3738-416d-a8ce-4ecf584c5a63_7_9,"I also like Barry Manilow, can I hear something by Barry Manilow?",How about Lionel Richie?,train
dlg-69584d67-3738-416d-a8ce-4ecf584c5a63,dlg-69584d67-3738-416d-a8ce-4ecf584c5a63_10_11,"Oh, that sounds good.",Here is Lionel Richie- LADY.,train
dlg-69584d67-3738-416d-a8ce-4ecf584c5a63,dlg-69584d67-3738-416d-a8ce-4ecf584c5a63_13_15,"Oh, that one's not playing. Could I hear something else? Like Lionel Richie?",Here is Easy - Lionel Richie.,train
dlg-69b894b2-2308-424f-ab16-560fe70aac30,dlg-69b894b2-2308-424f-ab16-560fe70aac30_1_6,"Hi, I'm looking for music to listen. I want to hear something by Black Crown Initiate. I'm looking for some music, particularly by the artist Black Crown Initiate.","Okay, Let me see, What I can find for you. Hold on for a second. Here is great mistake by Black Crown initiate. Good choice. Here is the Red Cloud by Black Crown initiate.",test
dlg-69b894b2-2308-424f-ab16-560fe70aac30,dlg-69b894b2-2308-424f-ab16-560fe70aac30_7_12,"Alright, This is an alright song. Good opener for the album but not one of my favorites. Can we get Belie the Machine? It's also from the same album.","Sure thing. Here is belie the Machine by Black Crown initiate. Hold on, This will just be a second. Here is belie the machine by black crown initiate. How about that one?",test
dlg-69bed519-4169-4045-b05c-d410b8434fe7,dlg-69bed519-4169-4045-b05c-d410b8434fe7_3_4,I would like to listen to the Calms Casino.,"Okay, let me see what I can find from Clams Casino. Here is I'm God by Clams Casino.",test
dlg-69bed519-4169-4045-b05c-d410b8434fe7,dlg-69bed519-4169-4045-b05c-d410b8434fe7_5_6,"It sounds really cool, melodic and moody. Alright. Let's look for another song like this but more more introspective.","Okay, let me check. Here is ghost in a kiss by Clams Casino. Here is drowning by Clams Casino.",test
dlg-69cd4687-2f8e-401b-95b1-dd8d1ef42274,dlg-69cd4687-2f8e-401b-95b1-dd8d1ef42274_0_5,I would like help finding new music to listen to. Something similar to Tom Petty.,"Okay, Rest In Peace to Tom Petty by the way as well. How about Steely Dan, or Toto.",train
dlg-69cd4687-2f8e-401b-95b1-dd8d1ef42274,dlg-69cd4687-2f8e-401b-95b1-dd8d1ef42274_6_9,Let me hear Toto.,Here is Toto with I'll Be Over You. Here is Toto with Hold The Line.,train
dlg-6a37eb2f-3781-4cf2-a8c0-4eb9b2b6be01,dlg-6a37eb2f-3781-4cf2-a8c0-4eb9b2b6be01_1_4,I would like to hear music from Stevie Wonder.,Here is I Just called to say I love you by Stevie Wonder. Here is Stevie Wonder I Just Called To Say I Love You.,train
dlg-6a37eb2f-3781-4cf2-a8c0-4eb9b2b6be01,dlg-6a37eb2f-3781-4cf2-a8c0-4eb9b2b6be01_5_6,Can you play something from Roy Ayers?,Here is Roy Ayers everybody loves the sunshine.,train
dlg-6a37eb2f-3781-4cf2-a8c0-4eb9b2b6be01,dlg-6a37eb2f-3781-4cf2-a8c0-4eb9b2b6be01_7_8,"Can you play something from Frankie, Beverly, and Maze?",Here is the Maze Feat. Frankie Beverly - You.,train
dlg-6a37eb2f-3781-4cf2-a8c0-4eb9b2b6be01,dlg-6a37eb2f-3781-4cf2-a8c0-4eb9b2b6be01_10_11,Can you play something from Al Hudson and One Way?,Here is One Way ft. Al Hudson - It's You.,train
dlg-6aaae761-886c-489b-878c-857cb70f36d0,dlg-6aaae761-886c-489b-878c-857cb70f36d0_2_5,"Hi, I would like to listen to Beyond Creation. How about The Fundamental Process?",Your song Fundamental Process by Beyond Creation.,train
dlg-6aaae761-886c-489b-878c-857cb70f36d0,dlg-6aaae761-886c-489b-878c-857cb70f36d0_6_10,Okay. Can I hear a similar song by a different artist?,Same song sung by Samuel Santiago.,train
dlg-6aaae761-886c-489b-878c-857cb70f36d0,dlg-6aaae761-886c-489b-878c-857cb70f36d0_11_13,Okay. This isn't really what I wanted to hear. Can I hear something from their older catalog?,How about Coexistence by Beyond creation.,train
dlg-6aeeafa0-60f4-4362-b5c7-b4c415d52fc0,dlg-6aeeafa0-60f4-4362-b5c7-b4c415d52fc0_1_5,"Hello, I would like to hear some new music, please. John Mayer.","Okay, John Mayer. Let's see what else I can find that you may not be familiar with. How about Young The Giant, and Howie Day?",train
dlg-6aeeafa0-60f4-4362-b5c7-b4c415d52fc0,dlg-6aeeafa0-60f4-4362-b5c7-b4c415d52fc0_6_7,"I've heard of Young John the Giant, but I've heard of Howie Day.",Here is the Young the Giant: My Body. Go through with this.,train
dlg-6aeeafa0-60f4-4362-b5c7-b4c415d52fc0,dlg-6aeeafa0-60f4-4362-b5c7-b4c415d52fc0_9_10,"I like Young the Giant. Can I hear a different artist now, please?",How about Incubus? Have you heard of them?,train
dlg-6aeeafa0-60f4-4362-b5c7-b4c415d52fc0,dlg-6aeeafa0-60f4-4362-b5c7-b4c415d52fc0_11_13,I've heard of Incubus.,How about The Fray? And How about Guster?,train
dlg-6aeeafa0-60f4-4362-b5c7-b4c415d52fc0,dlg-6aeeafa0-60f4-4362-b5c7-b4c415d52fc0_14_15,"No, I haven't heard of Guster. Can you play Guster, please?",Here is Guster - Satellite. Go through with this.,train
dlg-6aeeafa0-60f4-4362-b5c7-b4c415d52fc0,dlg-6aeeafa0-60f4-4362-b5c7-b4c415d52fc0_16_23,"Yeah, I like the strumming of the acoustic guitar at the beginning of the latter part of the song. I found the two artists that I like, Freddy. So, it's Guster and Young the Giant. Taylor Swift.",How about Sugar Land? And what about the Wanted?,train
dlg-6aeeafa0-60f4-4362-b5c7-b4c415d52fc0,dlg-6aeeafa0-60f4-4362-b5c7-b4c415d52fc0_24_26,"I've heard of The Wanted, but not Sugarland.",Here is Sugarland - Stay. Go through with this. Have you heard of Olly Murs?,train
dlg-6aeeafa0-60f4-4362-b5c7-b4c415d52fc0,dlg-6aeeafa0-60f4-4362-b5c7-b4c415d52fc0_27_28,"No, I've not heard of Olly Murs.",Here is Olly Murs - Dance With Me Tonight. Go through with this.,train
dlg-6b1678d2-dd45-4749-9c2b-3f114e28c655,dlg-6b1678d2-dd45-4749-9c2b-3f114e28c655_1_10,Hi. Can you play me a song by Dua Lipa? D u a l i p a.,New rules by Dua Lipa. Thinking 'Bout You by Dua Lipa. Be The One by Dua Lipa.,train
dlg-6b2363c7-04b2-450e-9fa8-45883d191355,dlg-6b2363c7-04b2-450e-9fa8-45883d191355_1_3,Hi. I'd like to hear some disco music today. I want to hear The Bee Gees Stayin Alive.,Here is Bee Gees - Stayin' Alive.,train
dlg-6b2363c7-04b2-450e-9fa8-45883d191355,dlg-6b2363c7-04b2-450e-9fa8-45883d191355_4_6,Okay. Let's go with something a little faster by The Bee Gees. Let's go with Night Fever.,Here is THE BEE GEES - NIGHT FEVER.,train
dlg-6b4bcc47-58e9-4cc8-bea3-6049f810501b,dlg-6b4bcc47-58e9-4cc8-bea3-6049f810501b_3_5,"Hi, I'd like to here some music by Counting Crows, please.",Mr. Jones by Counting Crows.,train
dlg-6b4bcc47-58e9-4cc8-bea3-6049f810501b,dlg-6b4bcc47-58e9-4cc8-bea3-6049f810501b_13_14,"Okay, that's pretty good, but you're kind of playing all the hits. How about something of their latest album?",Palisades Park by Counting Crows.,train
dlg-6b7ccc85-57b9-41ba-aa83-08a4c69eaae1,dlg-6b7ccc85-57b9-41ba-aa83-08a4c69eaae1_0_1,I Would like to listen to Ice Cube.,Here's Ice Cube - Friday.,validation
dlg-6b7ccc85-57b9-41ba-aa83-08a4c69eaae1,dlg-6b7ccc85-57b9-41ba-aa83-08a4c69eaae1_2_6,I'd like to hear something slower by Ice Cube. Can I hear Ice Cube Today Was a Good Day?,Here is Ice Cube - Today Was A Good Day.,validation
dlg-6b7ccc85-57b9-41ba-aa83-08a4c69eaae1,dlg-6b7ccc85-57b9-41ba-aa83-08a4c69eaae1_7_8,I would like to hear something from R. Kelly.,Here is R. Kelly With Step In The Name of Love.,validation
dlg-6b8b4f1c-9364-417b-8c58-bcba28216b06,dlg-6b8b4f1c-9364-417b-8c58-bcba28216b06_3_5,"I need some music to be played like now. I'm in such an awful mood, I really need you to play some R&B music. To enlighten me, so I can come to the light and feel enlightened and feel God's love.",Here is Jodeci performing Forever My Lady.,train
dlg-6b8b4f1c-9364-417b-8c58-bcba28216b06,dlg-6b8b4f1c-9364-417b-8c58-bcba28216b06_7_8,"Maybe something a little more gospely, like gospel R&B.",Here is your song. Curious Tashawn knight performing.,train
dlg-6b8b4f1c-9364-417b-8c58-bcba28216b06,dlg-6b8b4f1c-9364-417b-8c58-bcba28216b06_9_10,So could you find a white R&B singer?,Here is Johnny Cash performing God's Gonna Cut You Down.,train
dlg-6b8b4f1c-9364-417b-8c58-bcba28216b06,dlg-6b8b4f1c-9364-417b-8c58-bcba28216b06_11_12,Could you find me something by a female singer?,Here is the Alabama Shakes performing.,train
dlg-6b91ff8a-6fbe-4ade-aba2-d8d394139c5d,dlg-6b91ff8a-6fbe-4ade-aba2-d8d394139c5d_1_5,Can I hear So Emotional by Whitney Houston? So Emotional by Whitney Houston.,Here is so emotional by Whitney Houston.,train
dlg-6b91ff8a-6fbe-4ade-aba2-d8d394139c5d,dlg-6b91ff8a-6fbe-4ade-aba2-d8d394139c5d_6_8,Is it possible to play another version? This one is blocked.,"Sure, Let me find one. Here is so emotional by Whitney Houston, Second try. Here is so emotional by Whitney Houston, second try.",train
dlg-6b91ff8a-6fbe-4ade-aba2-d8d394139c5d,dlg-6b91ff8a-6fbe-4ade-aba2-d8d394139c5d_9_11,"Okay. Can I listen to something a little bit newer, Newer material?","No problem, Please hold for a moment. Here is I Have Nothing by Whitney Houston. Here is I Have Nothing by Whitney Houston.",train
dlg-6b91ff8a-6fbe-4ade-aba2-d8d394139c5d,dlg-6b91ff8a-6fbe-4ade-aba2-d8d394139c5d_12_14,Is there another version? This one is blocked.,"Okay, Let me check. Okay, Lets try this video of I have nothing by Whitney Houston. Did this video work for you? Okay, lets try this video of I have nothing by Whitney Houston.",train
dlg-6b91ff8a-6fbe-4ade-aba2-d8d394139c5d,dlg-6b91ff8a-6fbe-4ade-aba2-d8d394139c5d_18_21,"No, It can be I guess but just a similar artist to Whitney Houston.",Here is Michael Jackson You Are Not Alone.,train
dlg-6bb328dd-2603-4cdb-9b1d-db85eea7785a,dlg-6bb328dd-2603-4cdb-9b1d-db85eea7785a_0_2,I'd like to hear a video from Kiss.,Here is Kiss - Heaven's On Fire.,train
dlg-6bb328dd-2603-4cdb-9b1d-db85eea7785a,dlg-6bb328dd-2603-4cdb-9b1d-db85eea7785a_3_4,I don't want what's playing. Something from the 1970's by Kiss.,Here is Kiss - Detroit Rock City.,train
dlg-6bf4a9d8-022f-4247-aad1-33d29c7daf50,dlg-6bf4a9d8-022f-4247-aad1-33d29c7daf50_0_3,"I'd like some help browsing the music of Michael Bolton, please.",Here is Michael Bolton- How am I supposed to Live Without You.,train
dlg-6bf4a9d8-022f-4247-aad1-33d29c7daf50,dlg-6bf4a9d8-022f-4247-aad1-33d29c7daf50_4_5,"Let's try a similar song but by a different artist, please.",Here is a similar song called I Won't Give Up by Jason Mraz.,train
dlg-6bf4a9d8-022f-4247-aad1-33d29c7daf50,dlg-6bf4a9d8-022f-4247-aad1-33d29c7daf50_6_8,That's a different interesting artist. Let's try a different song by the same artist.,Here is Jason Mraz with The Remedy.,train
dlg-6c158550-6841-466d-b8bf-21b1e13d128e,dlg-6c158550-6841-466d-b8bf-21b1e13d128e_0_2,Hi. I'd like to hear some music by Billy Joel.,"Billy Joel, yes?",train
dlg-6c158550-6841-466d-b8bf-21b1e13d128e,dlg-6c158550-6841-466d-b8bf-21b1e13d128e_4_6,That ones not playing. Let me open it up in a different browser. One moment. This is a really good choice. I like this song. Could I hear a more Mellow Billy Joel song?,"Mellow, correct?",train
dlg-6c158550-6841-466d-b8bf-21b1e13d128e,dlg-6c158550-6841-466d-b8bf-21b1e13d128e_8_10,This is a good one. Can I hear another Billy Joel song? More upbeat?,"Sure. More upbeat, correct?",train
dlg-6c46ff15-d88e-47bf-9412-99e49aa113a9,dlg-6c46ff15-d88e-47bf-9412-99e49aa113a9_1_2,"Hi, can you play me music by Taylor Swift?",One moment. Here is Shake It Off by Taylor Swift.,test
dlg-6c46ff15-d88e-47bf-9412-99e49aa113a9,dlg-6c46ff15-d88e-47bf-9412-99e49aa113a9_3_4,I'm not quite in the mood for this song. Do you think you could play a song that's kind of similar but by a different artist?,Let me get that for you. Here is shake it off by Megan Nicole.,test
dlg-6c46ff15-d88e-47bf-9412-99e49aa113a9,dlg-6c46ff15-d88e-47bf-9412-99e49aa113a9_5_6,I kind of want a different song. Just one that's in the same style.,Here is Shake It Off by Bethan Horton. A different versions of the same song.,test
dlg-6c46ff15-d88e-47bf-9412-99e49aa113a9,dlg-6c46ff15-d88e-47bf-9412-99e49aa113a9_7_8,"I wanted a similar song by a different artist, not the same one.","Okay, let me get a similar song. Here is Blank Space by Taylor Swift.",test
dlg-6c72c6d5-d43c-4aa5-a0ae-215c6e2c04e2,dlg-6c72c6d5-d43c-4aa5-a0ae-215c6e2c04e2_2_7,Hi. Can you play me some music by Fleetwood Mac?,"One second. Here is Landslide by Fleetwood Mac. Yes, one moment. Here is Gypsy by Fleetwood Mac. Just a moment. Here is Fleetwood Mac song entitled Dreams.",train
dlg-6cb0d22a-dfd8-49ba-abc8-ecf034486618,dlg-6cb0d22a-dfd8-49ba-abc8-ecf034486618_1_2,I need to listen to music from Little Mix. Can you play Little Mix?,Shout Out to My Ex by Little Mix.,test
dlg-6cb0d22a-dfd8-49ba-abc8-ecf034486618,dlg-6cb0d22a-dfd8-49ba-abc8-ecf034486618_3_4,Okay. That's a good one. Could you play me something else from maybe like an older set of their albums? Their first album maybe.,Wings by Little Mix.,test
dlg-6cc0c392-e917-43bf-9040-4b17383248cc,dlg-6cc0c392-e917-43bf-9040-4b17383248cc_2_5,I would like to hear a song by the artist P!nk.,Here is What About Us by Pink.,train
dlg-6cc0c392-e917-43bf-9040-4b17383248cc,dlg-6cc0c392-e917-43bf-9040-4b17383248cc_6_10,"Wow, I like the vocals on this song. She has really grown as a vocalist throughout her years, so I like this song. Can I hear some older material by her now?",Here is Family Portrait by Pink.,train
dlg-6cc0c392-e917-43bf-9040-4b17383248cc,dlg-6cc0c392-e917-43bf-9040-4b17383248cc_11_14,"She really touches on topics that are really relevant to people's lives, so I like it. Can I now hear some newer material by her?",Here is Revenge featuring Eminem by Pink.,train
dlg-6ccd1817-f17b-465e-b33e-bf3ea4686741,dlg-6ccd1817-f17b-465e-b33e-bf3ea4686741_1_5,"Hey there. I was wondering if you would play be a song by Young Thug. Yeah, I was wondering if you would play me a song by the artist named Young Thug.",Here is Wyclef Jean by Young Thug.,train
dlg-6ccd1817-f17b-465e-b33e-bf3ea4686741,dlg-6ccd1817-f17b-465e-b33e-bf3ea4686741_6_8,"Hey, that's a real cool tune. I've actually never heard that one. Would you mind playing a different song also by Young Thug?",Sure thing. Here is you said by Young Thug. Did that play for you? Here is you said by Young Thug.,train
dlg-6ccd1817-f17b-465e-b33e-bf3ea4686741,dlg-6ccd1817-f17b-465e-b33e-bf3ea4686741_10_13,"No, actually I didn't get any intro. The first song played for me, but nothing subsequently.",Okay. One moment. Here is Best Friend by Young Thug. Did that play for you? Here is Best Friend by Young Thug.,train
dlg-6ccd1817-f17b-465e-b33e-bf3ea4686741,dlg-6ccd1817-f17b-465e-b33e-bf3ea4686741_15_26,"Nope, still not change. It's still on Relationship with Young Thug and Future. It's a good tune. I'm not complaining. I can't see the title. You know actually, I'm not crazy about this tune. Would you mind shifting to a similar artist?",Here is selfish by Future featuring Rihanna.,train
dlg-6d764456-c433-4504-a240-f5150872a1f4,dlg-6d764456-c433-4504-a240-f5150872a1f4_1_6,How long has this been? I'd like to listen to some new music. I like Billie Joe.,Have you heard of Fleetwood mac? Dreams - Fleetwood Mac.,validation
dlg-6d764456-c433-4504-a240-f5150872a1f4,dlg-6d764456-c433-4504-a240-f5150872a1f4_9_12,Thank you so much for the song. Could I hear another artist similar to Billy Joel?,Have you heard of tom petty? Tom Petty & the Heartbreakers - Learning to Fly.,validation
dlg-6d764456-c433-4504-a240-f5150872a1f4,dlg-6d764456-c433-4504-a240-f5150872a1f4_15_18,"Very cool, thank you. I also like Adele, could I hear an artist similar to Adele?",Have you heard of a fine frenzy? A Fine Frenzy- Almost Lover.,validation
dlg-6d764456-c433-4504-a240-f5150872a1f4,dlg-6d764456-c433-4504-a240-f5150872a1f4_21_24,Could I hear one more artist similar to Adele?,"Sure, have you heard of Christina Perri? Christina Perri Human.",validation
dlg-6da67ebb-b45f-4928-b283-fcf6df425c3d,dlg-6da67ebb-b45f-4928-b283-fcf6df425c3d_0_2,I would like to hear a song by Bruno Mars.,Here's the song That's what I like by Bruno Mars.,train
dlg-6da67ebb-b45f-4928-b283-fcf6df425c3d,dlg-6da67ebb-b45f-4928-b283-fcf6df425c3d_3_5,I really like this song. This song has such good lyrics to it and I like it's beat. Can you now change it to a different song by the same artist?,Here's the song When I Was Your Man by Bruno Mars.,train
dlg-6da67ebb-b45f-4928-b283-fcf6df425c3d,dlg-6da67ebb-b45f-4928-b283-fcf6df425c3d_6_8,"This song makes me sad, because it reminds me of times when I used to spend with my ex-girlfriend and things that I regret doing. Can you change it to a similar song by a different artist now?",Here's the song The Weekend featuring Daft Punk by Starboy.,train
dlg-6e136d67-ec2d-43f1-b034-63b6c787ba0e,dlg-6e136d67-ec2d-43f1-b034-63b6c787ba0e_1_2,I'm looking to listen to some George Jones.,How about Tone Loc?,train
dlg-6e136d67-ec2d-43f1-b034-63b6c787ba0e,dlg-6e136d67-ec2d-43f1-b034-63b6c787ba0e_7_10,What about some George Strait?,How about pat green? Here's Wave On Wave by Pat Green.,train
dlg-6e1d1d9e-7f43-4832-b7d0-eca507f7ab20,dlg-6e1d1d9e-7f43-4832-b7d0-eca507f7ab20_0_3,I'd like to hear something by Prince. How about Little Red Corvette by Prince?,"Prince you say, okay you got it. Here is Little Red Corvette by Prince.",train
dlg-6e1d1d9e-7f43-4832-b7d0-eca507f7ab20,dlg-6e1d1d9e-7f43-4832-b7d0-eca507f7ab20_4_7,"Could I hear another Prince song, When Doves Cry by Prince? It's a good song. Could I hear?",Here is When Doves Cry by Prince.,train
dlg-6e1d1d9e-7f43-4832-b7d0-eca507f7ab20,dlg-6e1d1d9e-7f43-4832-b7d0-eca507f7ab20_8_10,That was a great song. Could I hear Purple Rain by Prince?,Here is Purple Rain by Prince.,train
dlg-6e34b22b-03b1-4182-aef6-2848ac8068d5,dlg-6e34b22b-03b1-4182-aef6-2848ac8068d5_1_8,Could you help me find some new music to listen to? I like Adele.,"Okay. Adele, Let's see what else I can find that you may not be familiar with. Looks like the artist Tove lo may be similar. Another is ZZ ward, Are either of those new to you? Looks like the artist Tove lo may be similar. Another is ZZ ward, Are either of those new to you? Okay, let me play something by Tove Lo and see if you like it? Here is the song True Disaster by Tove Lo. Here is the song True Disaster by Tove Lo.",train
dlg-6e34b22b-03b1-4182-aef6-2848ac8068d5,dlg-6e34b22b-03b1-4182-aef6-2848ac8068d5_9_12,"Okay, That is a interesting sound. Do you have You said there was another artist, You want to play me another one by them?","Yes, ZZ ward. Yes, ZZ ward. Let me play you something by ZZ Ward. Here is the song Put the Gun Down by ZZ Ward. Here is the song Put the Gun Down by ZZ Ward.",train
dlg-6e34b22b-03b1-4182-aef6-2848ac8068d5,dlg-6e34b22b-03b1-4182-aef6-2848ac8068d5_13_16,"Okay, That was just okay. Can I hear another one from Tove Lo?","What do you think? Yes, One moment. Here is the song Thousand Miles by Tove Lo. Here is the song Thousand Miles by Tove Lo.",train
dlg-6e34b22b-03b1-4182-aef6-2848ac8068d5,dlg-6e34b22b-03b1-4182-aef6-2848ac8068d5_17_26,That's pretty good. I like that better. I think I like this artist better than the other one.,Let me check these for you. One moment. Are you familiar with seinabo Sey? Are you familiar with Seinabo Sey? Here is the song Younger by Seinabo Sey.,train
dlg-6e580cf7-0c70-464c-85ec-c7aa716d7fd0,dlg-6e580cf7-0c70-464c-85ec-c7aa716d7fd0_0_5,"Hey, i'm looking for some new music to listen to. Can you help me with that? I like Alvin and the Chipmunks.",This will just be a second. Have you listened to Aaron Carter? Here's Aaron Carter - That's How I Beat Shaq.,train
dlg-6e580cf7-0c70-464c-85ec-c7aa716d7fd0,dlg-6e580cf7-0c70-464c-85ec-c7aa716d7fd0_6_10,"Hey, that's really funny. Can you find something else by Aaron Carter? Yeah, that's pretty funny, too. Can you find I like that so much. Can you find another artist kind of like that as well?",Got it. Hold on just a second. Have you heard of nsync? Here's N sync- Bye Bye Bye.,train
dlg-6e580cf7-0c70-464c-85ec-c7aa716d7fd0,dlg-6e580cf7-0c70-464c-85ec-c7aa716d7fd0_11_12,That's really catchy. Can you find something else by NSYNC?,Heres N Sync - I Want You Back.,train
dlg-6e59ce42-0faa-4f8b-9278-3d1f5b5933f7,dlg-6e59ce42-0faa-4f8b-9278-3d1f5b5933f7_1_2,I would like to hear songs by Travis Scott.,"Travis Scott, correct?",test
dlg-6e59ce42-0faa-4f8b-9278-3d1f5b5933f7,dlg-6e59ce42-0faa-4f8b-9278-3d1f5b5933f7_4_5,It's always interesting. Could I listen to something that's older?,"Older, correct?",test
dlg-6e8025d9-0c06-46f4-b11d-12d96ec1f942,dlg-6e8025d9-0c06-46f4-b11d-12d96ec1f942_0_1,I just wanted to listen some music. I was thinking by Beyond Creation.,Earthborn Evolution by Beyond Creation.,train
dlg-6e8025d9-0c06-46f4-b11d-12d96ec1f942,dlg-6e8025d9-0c06-46f4-b11d-12d96ec1f942_2_4,"Oh yes, that's a great song. It is actually one of my favorites by them.",Fundamental Process by Beyond Creation.,train
dlg-6e8025d9-0c06-46f4-b11d-12d96ec1f942,dlg-6e8025d9-0c06-46f4-b11d-12d96ec1f942_5_6,It's another good song. How about something from one of their older albums?,The Aura by Beyond Creation.,train
dlg-6eb9ab30-ee04-4c97-bd31-a920b4706aa4,dlg-6eb9ab30-ee04-4c97-bd31-a920b4706aa4_1_6,"Hi, can you play something by Wale, please? No, can you play something by Wale? W a l e.","Thank you. One moment. Wale - Pretty Girls ft. Gucci Mane, Weensey Of Backyard Band.",train
dlg-6eb9ab30-ee04-4c97-bd31-a920b4706aa4,dlg-6eb9ab30-ee04-4c97-bd31-a920b4706aa4_7_11,"Can you play another version of the song, please? Cuz this is blocked. This version of the song is blocked. Can you play another one, please? I'm not really liking this song. Can you play another song by Wale, please, that's not a club song?",Wale ft. SZA | The Need To Know.,train
dlg-6ebac318-1f6a-44a4-8409-a6f68bac0c16,dlg-6ebac318-1f6a-44a4-8409-a6f68bac0c16_0_2,"Hi, I'm Can you help me find some music in the category of pop?",Ok. Billie Jean by Michael Jackson.,test
dlg-6ebac318-1f6a-44a4-8409-a6f68bac0c16,dlg-6ebac318-1f6a-44a4-8409-a6f68bac0c16_3_4,Can you play something a little more current?,Dusk Till Dawn ft. Sia by Zayn.,test
dlg-6ebac318-1f6a-44a4-8409-a6f68bac0c16,dlg-6ebac318-1f6a-44a4-8409-a6f68bac0c16_5_6,That one was blocked. Can you show me a different video that's not blocked or try to find one that's not blocked?,Can't stop the feeling! by Justin.,test
dlg-6ebac318-1f6a-44a4-8409-a6f68bac0c16,dlg-6ebac318-1f6a-44a4-8409-a6f68bac0c16_7_8,Alright. Can you find me? Pop music that is from the late '90s.,Wanna be by Spice Girls.,test
dlg-6ebac318-1f6a-44a4-8409-a6f68bac0c16,dlg-6ebac318-1f6a-44a4-8409-a6f68bac0c16_9_10,"Alright. Now, Can you play me something from a boy band group from the late '90s?",I Want It That Way by Backstreet Boys.,test
dlg-6f007c68-c2b6-407a-b227-e9289668474e,dlg-6f007c68-c2b6-407a-b227-e9289668474e_3_5,Kelly Clarkson.,"Okay, Kelly Clarkson let's see what I can find for you. Hold on just a second. The artist I was able to find for you or Evanescence and Ellie Goulding, have you heard of either artist?",train
dlg-6f007c68-c2b6-407a-b227-e9289668474e,dlg-6f007c68-c2b6-407a-b227-e9289668474e_6_14,"No, play Ellie Goulding or play both of them for me.","Okay, hold on here is Bring Me to Life by Evanescence. Sure thing, just one moment. Here is Hello by Evanescence. I can do that. One second. Here Is On My Mind by Ellie Goulding. Hold one second, here is Love me Like you do by Ellie Goulding.",train
dlg-6f2cc90f-f99b-4a74-9cb5-9ac744c18000,dlg-6f2cc90f-f99b-4a74-9cb5-9ac744c18000_0_2,Hi. I'd like to listen to music by Selena Gomez.,Here is the song by Selena Gomez.,train
dlg-6f2cc90f-f99b-4a74-9cb5-9ac744c18000,dlg-6f2cc90f-f99b-4a74-9cb5-9ac744c18000_3_7,I'm not a fan of this one. Can you play a different album? Maybe one of her older ones?,Here is the other song by Selena Gomez. Here is the other song by Selena Gomez.,train
dlg-6f5349cc-78d2-49c2-899a-d88eec51baf8,dlg-6f5349cc-78d2-49c2-899a-d88eec51baf8_0_1,Hi assistant. I'd like to listen to a song by Big Bang.,Hi user. Big Bank?,train
dlg-6f5349cc-78d2-49c2-899a-d88eec51baf8,dlg-6f5349cc-78d2-49c2-899a-d88eec51baf8_2_5,"Yes, the Korean pop group. Something newer. Maybe one of their latest songs.",Here Bad Boy from Big Bang. Check this video.,train
dlg-6f5349cc-78d2-49c2-899a-d88eec51baf8,dlg-6f5349cc-78d2-49c2-899a-d88eec51baf8_6_8,"This sounds pretty great, but do you have something newer from their newest album?",Here is last dance. Check this video.,train
dlg-6f6bcffa-ee73-4cfe-a6c7-d91d491c738b,dlg-6f6bcffa-ee73-4cfe-a6c7-d91d491c738b_1_2,I'm interested in listening to some music. I want to listen to some party music.,"Here is your song, Flo Rida - G.D.F.R.",train
dlg-6f6bcffa-ee73-4cfe-a6c7-d91d491c738b,dlg-6f6bcffa-ee73-4cfe-a6c7-d91d491c738b_3_4,"That's a cool song, but actually I want to listen something more current to party. Maybe by a girl or a boy band.","Check out this one, Marshmello & Martin Garrix -YOLOMarshmello, Anne-Marie - Friends.",train
dlg-6f6bcffa-ee73-4cfe-a6c7-d91d491c738b,dlg-6f6bcffa-ee73-4cfe-a6c7-d91d491c738b_5_6,"Yeah, that's fine, but play something from the United States artists.","Here we go, BlocBoy JB & Drake ""Look Alive"".",train
dlg-6f893194-928e-4462-8115-ae625f67f086,dlg-6f893194-928e-4462-8115-ae625f67f086_1_2,"Hi. Can you play music by 50 Cent for me, please?",Candy Shop by 50 Cent.,train
dlg-6f893194-928e-4462-8115-ae625f67f086,dlg-6f893194-928e-4462-8115-ae625f67f086_3_8,"Can you play another version of the song, please? Because it's blocked. This version of the song is blocked too. Yes, that song is about you. Can you play another song by 50 Cent, please?",Many Men by 50 Cent.,train
dlg-6f893194-928e-4462-8115-ae625f67f086,dlg-6f893194-928e-4462-8115-ae625f67f086_9_10,"Alright, this one is working. Can you play a song that features 50 Cent, please?",Down On Me by Jeremiah ft. 50 Cent.,train
dlg-6f893194-928e-4462-8115-ae625f67f086,dlg-6f893194-928e-4462-8115-ae625f67f086_11_12,"Can you play a love song by 50 Cent, please?",21 Questions by 50 Cent.,train
dlg-6fa6d436-4a7d-41f3-80d5-b420f1cc57de,dlg-6fa6d436-4a7d-41f3-80d5-b420f1cc57de_0_2,Hi. Can I listen to music by Lady Gaga?,Here is Lady Gaga with Bad Romance.,train
dlg-6fa6d436-4a7d-41f3-80d5-b420f1cc57de,dlg-6fa6d436-4a7d-41f3-80d5-b420f1cc57de_6_7,Maybe one of her older.,Here is Poker Face by Lady Gaga.,train
dlg-6fa6d436-4a7d-41f3-80d5-b420f1cc57de,dlg-6fa6d436-4a7d-41f3-80d5-b420f1cc57de_9_10,Maybe one of her newer songs like A Million Reasons.,Here is Lady Gaga with A Million Reasons.,train
dlg-6fbd0f3c-f43a-42cf-9bf0-d8f5518ab0cd,dlg-6fbd0f3c-f43a-42cf-9bf0-d8f5518ab0cd_0_3,I'd like to hear music by Taylor Swift.,"I think I heard you say Taylor Swift, correct?",train
dlg-70146cea-45e5-41b5-af4e-38a478059fef,dlg-70146cea-45e5-41b5-af4e-38a478059fef_1_4,Hello. Can you play some music by August Burns Red?,Okay. Invisible Enemy by August Burns Red. Sent a video to the user. Composure by August Burns Red.,train
dlg-70146cea-45e5-41b5-af4e-38a478059fef,dlg-70146cea-45e5-41b5-af4e-38a478059fef_5_8,"Okay, great! This is good. Now can you play a song sung by a different artist?",The Frost by August Burns Red.,train
dlg-705a7b1c-f1a2-4bd2-bf08-7dd265cb5577,dlg-705a7b1c-f1a2-4bd2-bf08-7dd265cb5577_1_7,I'd like to listen to some music by Nickelback?,"Sure, Here is Nickelback - Song On Fire. Here is Nickelback - If Today Was Your Last Day. Here is Nickelback - If Today Was Your Last Day. Sure. Here is NICKELBACK - If Everyone Cared.",train
dlg-7076ee84-31da-4bca-801d-67a9d9ad02e5,dlg-7076ee84-31da-4bca-801d-67a9d9ad02e5_1_6,I was waiting to listen to some new music. I was looking for Black Crown Initiate.,Have you heard of Alkaloid? Here is your song: Alkaloid - Orgonism.,validation
dlg-7076ee84-31da-4bca-801d-67a9d9ad02e5,dlg-7076ee84-31da-4bca-801d-67a9d9ad02e5_7_10,"Oh, these guys actually sound really good, holy crap.",Have you heard of Septicflesh? Here is your song: Virvum- Illuminance.,validation
dlg-7076ee84-31da-4bca-801d-67a9d9ad02e5,dlg-7076ee84-31da-4bca-801d-67a9d9ad02e5_11_12,"It was a live video, so it's kind of hard to determine but sounds pretty good from what I've heard so far.",Let's look for something based on another of your favorite artists.,validation
dlg-7076ee84-31da-4bca-801d-67a9d9ad02e5,dlg-7076ee84-31da-4bca-801d-67a9d9ad02e5_13_16,Okay. How about one that's like Barren Earth?,Have you heard of Insomnium? Here is your song: Insomnium - Winter's Gate(Pt.2).,validation
dlg-7076ee84-31da-4bca-801d-67a9d9ad02e5,dlg-7076ee84-31da-4bca-801d-67a9d9ad02e5_17_20,You guys are pretty good actually.,Have you heard of Amorphis? Here is your song: Amorphis - House Of Sleep.,validation
dlg-70b0dc83-65f9-4545-8171-3453437aeacd,dlg-70b0dc83-65f9-4545-8171-3453437aeacd_1_3,"Hey, can you play something by Keith Moon?",How does Keith Moon - Who Are You sound?,train
dlg-70b0dc83-65f9-4545-8171-3453437aeacd,dlg-70b0dc83-65f9-4545-8171-3453437aeacd_8_11,I do like the drum tracks though.,"How does The Who Boston, April 1, 1976 sound?",train
dlg-70b0dc83-65f9-4545-8171-3453437aeacd,dlg-70b0dc83-65f9-4545-8171-3453437aeacd_16_18,"I'm wondering, if you could find something from the very beginning of the Who's career.",How does The Who - I Can't Explain.,train
dlg-7118e430-f17b-49e9-839f-c64ffa6faeb4,dlg-7118e430-f17b-49e9-839f-c64ffa6faeb4_1_4,Could you play me music by an artist that's similar to Little Mix? Like pop music. Like something really upbeat.,Here's Camila Cabello - Havana ft. Young Thug.,test
dlg-7118e430-f17b-49e9-839f-c64ffa6faeb4,dlg-7118e430-f17b-49e9-839f-c64ffa6faeb4_5_10,That song's fine. Play me something maybe male dominated now. Like a male artist that's like that.,Male pop artist? Here's Bruno Mars - 24K Magic. Here's Irie-Child Live My Life.,test
dlg-7118e430-f17b-49e9-839f-c64ffa6faeb4,dlg-7118e430-f17b-49e9-839f-c64ffa6faeb4_11_12,Perfect song.,Great remix.,test
dlg-71338db6-9825-4440-a746-f07984bc32d3,dlg-71338db6-9825-4440-a746-f07984bc32d3_1_2,I'd like to listen to some pop music.,"How about Taylor Swift - End Game ft. Ed Sheeran, Future?",train
dlg-71338db6-9825-4440-a746-f07984bc32d3,dlg-71338db6-9825-4440-a746-f07984bc32d3_5_7,I'd like to listen to something from a male performer.,Maroon 5 - Animals?,train
dlg-71338db6-9825-4440-a746-f07984bc32d3,dlg-71338db6-9825-4440-a746-f07984bc32d3_10_12,I prefer to hear something newer.,Ed Sheeran - Perfect.,train
dlg-71531711-3a08-478e-a088-306b263c7d09,dlg-71531711-3a08-478e-a088-306b263c7d09_3_10,Something with country music.,Have you heard of carrie underwood? Carrie Underwood - Before He Cheats. Give me one reason lyrics tracy chapman.,train
dlg-7191e6b8-9e99-4556-bc9b-3b1a620d7fa7,dlg-7191e6b8-9e99-4556-bc9b-3b1a620d7fa7_4_7,Can you find a song by Jordan Lucas?,Just to confirm you would like to hear the song by Joyner Lucas. How about Backwords by Joyner Lucas?,test
dlg-7191e6b8-9e99-4556-bc9b-3b1a620d7fa7,dlg-7191e6b8-9e99-4556-bc9b-3b1a620d7fa7_10_11,"Can you play something else by Jordan Lucas, please?",How about the song DNA by Joyner Lucas?,test
dlg-7191e6b8-9e99-4556-bc9b-3b1a620d7fa7,dlg-7191e6b8-9e99-4556-bc9b-3b1a620d7fa7_13_15,"I like this song. It was great. Can you play something by Jordan Lucas that has low tempo, please?",How about the song Just Like You?,test
dlg-7224eb54-9c15-4012-bac1-91bbc8a04021,dlg-7224eb54-9c15-4012-bac1-91bbc8a04021_3_17,Rock musicians. How about the Foo Fighters?,Have you heard of a group called Silverchair? How about a group called Feeder? High by Feeder. Have you heard the group called Eagles of Death Metal? Speaking in Tongues by Eagles of Death Metal.,train
dlg-723e757f-85e0-492d-9be0-ef25679c2bee,dlg-723e757f-85e0-492d-9be0-ef25679c2bee_1_2,Hello. Can you play some music by Katy Perry?,Firework by Katy Perry.,train
dlg-723e757f-85e0-492d-9be0-ef25679c2bee,dlg-723e757f-85e0-492d-9be0-ef25679c2bee_4_8,"Oh, this is sweet. Okay, can you play the same song by a different artist?",Firework by KIDZ BOP Kids. The One That Got Away by Katy Perry.,train
dlg-725cc017-b503-4240-9a8a-6005bce5bde8,dlg-725cc017-b503-4240-9a8a-6005bce5bde8_1_4,Hi. Today I need help finding music to listen. I'm looking for a Metallica song. It's called One.,Metallica - One.,train
dlg-725cc017-b503-4240-9a8a-6005bce5bde8,dlg-725cc017-b503-4240-9a8a-6005bce5bde8_6_14,"It's a classic song. Song's very emotionally driven, and solid writing at the time. I would like to hear another song by Metallica. It's called Spit Out the Bone.",Metallica: Spit Out the Bone.,train
dlg-725cc017-b503-4240-9a8a-6005bce5bde8,dlg-725cc017-b503-4240-9a8a-6005bce5bde8_17_21,"And it goes back to some of the songs that they had when they first came out in the '80s, so it's nice to see them get back to their roots of like thrash metal. That's always cool. Yeah. It's good to, you know, not get too far away from what got you famous or what got you to where you are. A lot of bands and artists change their sound.",Metallica - King Nothing.,train
dlg-728db16b-a2c5-44b9-a95c-ea9d63ab2412,dlg-728db16b-a2c5-44b9-a95c-ea9d63ab2412_1_2,"Hi. I'd like some help browsing the music of Chicago, please.","Chicago - ""Look Away"".",train
dlg-728db16b-a2c5-44b9-a95c-ea9d63ab2412,dlg-728db16b-a2c5-44b9-a95c-ea9d63ab2412_5_6,"Okay, yeah I do know that one. That was one of their hits and I like it. Could I hear something different song from the same album, please?",Chicago - Stay The Night.,train
dlg-728db16b-a2c5-44b9-a95c-ea9d63ab2412,dlg-728db16b-a2c5-44b9-a95c-ea9d63ab2412_7_9,"I like that. It's a little more rocky. Okay. Let's try something from a different album, then.",Chicago - America.,train
dlg-728fd096-a956-48ee-9c76-fc4eb6379127,dlg-728fd096-a956-48ee-9c76-fc4eb6379127_1_4,Hi. Today I need some help finding music to listen to. I'm looking for a song by the band Oasis. It's called Don't Look Back in Anger.,Here is the song by Oasis entitled Don't Look Back in Anger.,train
dlg-728fd096-a956-48ee-9c76-fc4eb6379127,dlg-728fd096-a956-48ee-9c76-fc4eb6379127_6_11,"Awesome song. I love the this album and the earlier stuff that they did. Yeah, awesome. I'd like to hear another song by Oasis. It's called Supersonic.",Here is Supersonic by Oasis.,train
dlg-7290f150-fa9d-4145-8f1c-f835877bd429,dlg-7290f150-fa9d-4145-8f1c-f835877bd429_0_6,"Can I hear something from the band Slayer, please? Slayer.",Here is your song. Slayer - Repentless. Here is your song. Slayer - Seasons In The Abyss.,train
dlg-7290f150-fa9d-4145-8f1c-f835877bd429,dlg-7290f150-fa9d-4145-8f1c-f835877bd429_7_10,"Can you play another version, please? This is blocked.",Here is your song. Layer - Raining Blood. Here is your song. Slayer - You Against You.,train
dlg-72a3e798-8fdb-4cdb-9681-5e7ec702d5a6,dlg-72a3e798-8fdb-4cdb-9681-5e7ec702d5a6_0_3,"Hey, I like music, so I'm wondering if you could find something kind of David. Do you know David Courtney? If you could find like an artist that was kind of like David Courtney and play some songs by them, that would be great.",What kind of music does David Courtney play?,train
dlg-72a3e798-8fdb-4cdb-9681-5e7ec702d5a6,dlg-72a3e798-8fdb-4cdb-9681-5e7ec702d5a6_4_8,"Yeah, something by David Courtney.",I found an artist similar to David Courtney. Have you heard of Adam Faith? Here's the song by Adam Faith.,train
dlg-72a3e798-8fdb-4cdb-9681-5e7ec702d5a6,dlg-72a3e798-8fdb-4cdb-9681-5e7ec702d5a6_9_10,That song was really good.,"Here's the song ""What Do You Want"" by Adam Faith.",train
dlg-72a3e798-8fdb-4cdb-9681-5e7ec702d5a6,dlg-72a3e798-8fdb-4cdb-9681-5e7ec702d5a6_11_13,"Oh, he's really good and cute, too. Hey, Can you find something else by Adam Faith?","Here's the song ""It's Alright"" by Adam Faith.",train
dlg-72a3e798-8fdb-4cdb-9681-5e7ec702d5a6,dlg-72a3e798-8fdb-4cdb-9681-5e7ec702d5a6_15_16,Can you look up something like a sort of by an artist like Engelbert Humperdinck?,Let me find an artist similar to Englebert Humperdinck.,train
dlg-72a3e798-8fdb-4cdb-9681-5e7ec702d5a6,dlg-72a3e798-8fdb-4cdb-9681-5e7ec702d5a6_19_26,I think he was a soft rock artist in the 70s.,"I found an artist similar to Humperdinck.  Have you heard of Ray Price? That's ""For The Good Times"" by Ray Price. Here's the song ""I wish I was 18 Again"" by Ray Price.",train
dlg-72b51fcb-853f-4cc7-9659-ab19bba24293,dlg-72b51fcb-853f-4cc7-9659-ab19bba24293_2_5,"Hi, I'd like to hear a song by Taylor Swift.",Taylor Swift - Love Story (Lyrics).,train
dlg-72b51fcb-853f-4cc7-9659-ab19bba24293,dlg-72b51fcb-853f-4cc7-9659-ab19bba24293_6_7,This song is good. Play me something newer by Taylor Swift.,Taylor Swift - Gorgeous.,train
dlg-72b51fcb-853f-4cc7-9659-ab19bba24293,dlg-72b51fcb-853f-4cc7-9659-ab19bba24293_8_10,This song is okay as well. Play me something from a different album by her.,Back to December with lyrics(Taylor Swift).,train
dlg-72bfa257-7698-48c1-b00e-a411cfb2c80b,dlg-72bfa257-7698-48c1-b00e-a411cfb2c80b_0_4,Hello. Can you please play music similar to August Burns Red?,"Sure, I can play a song similar to August Burns Red. Hold on, here's the song Rise and Oppose by Diecast. Here's the song Medieval by Diecast.",test
dlg-72bfa257-7698-48c1-b00e-a411cfb2c80b,dlg-72bfa257-7698-48c1-b00e-a411cfb2c80b_5_8,Okay. Can you play a different artist that's similar to August Burns Red?,Just one moment. Here's the song trapped by the World Alive. Here's the song Misery by the same artist.,test
dlg-7314bada-a07d-49f6-b347-5dd68f947a0b,dlg-7314bada-a07d-49f6-b347-5dd68f947a0b_1_6,"Hi, I need help in finding new music, please.","Have you heard of a group called a locksmith? ""Nobody"" by Locksmith.",train
dlg-7314bada-a07d-49f6-b347-5dd68f947a0b,dlg-7314bada-a07d-49f6-b347-5dd68f947a0b_7_10,This is a great song. Do you have another suggestion?,Ever heard of Mistah f.a.b? Shaboobalaboopy by Mistah Fab.,train
dlg-733c3525-d554-44d7-b9b5-5de0dfd3fcb1,dlg-733c3525-d554-44d7-b9b5-5de0dfd3fcb1_1_2,Hi. I'd like to hear some music from Michael Bublé. Can you help me?,Here is Michael Buble singing I believe In You.,train
dlg-733c3525-d554-44d7-b9b5-5de0dfd3fcb1,dlg-733c3525-d554-44d7-b9b5-5de0dfd3fcb1_4_5,"Assistant, thank you for the song, but I'd like to hear something that's older, please.",Here is Feeling Good by Michael Buble.,train
dlg-733c3525-d554-44d7-b9b5-5de0dfd3fcb1,dlg-733c3525-d554-44d7-b9b5-5de0dfd3fcb1_7_8,"Hey assistant. I like this song, but can I hear by a similar artist?",Here is Feeling Good by Nina Simone.,train
dlg-735e648f-fbc8-4517-959d-93e1c52d7d65,dlg-735e648f-fbc8-4517-959d-93e1c52d7d65_1_7,Could you find me some new music to listen to? I was thinking something a little bit similar to like a Justin Timberlake sound.,Sure. Have you heard of Jesse McCartney? Have you heard of Jesse McCartney? Jesse McCartney - The Other Guy - Lyrics.,train
dlg-735e648f-fbc8-4517-959d-93e1c52d7d65,dlg-735e648f-fbc8-4517-959d-93e1c52d7d65_8_13,Okay. That sounds good. But do you have another artist that I could try out? Still similar to Justin Timberlake song?,Have you heard of Ne-yo?,train
dlg-735e648f-fbc8-4517-959d-93e1c52d7d65,dlg-735e648f-fbc8-4517-959d-93e1c52d7d65_14_19,I have. He's one of my favorites.,What about Michael Buble? Craig David? Craig David - Rendezvous.,train
dlg-73845b61-10ac-43ed-8839-914941ba1916,dlg-73845b61-10ac-43ed-8839-914941ba1916_0_5,Hi. Could you play me something by the Counting Crows?,Counting Crows - Mr. Jones. Counting Crows - Round Here.,train
dlg-73845b61-10ac-43ed-8839-914941ba1916,dlg-73845b61-10ac-43ed-8839-914941ba1916_7_8,No. That's not what I want. How about something newer by the Counting Crows?,Counting Crows - Possibility Days.,train
dlg-738cc53b-ef8a-4eb4-9111-1270ffa9b452,dlg-738cc53b-ef8a-4eb4-9111-1270ffa9b452_0_1,"Hello, can you please play something by August Burns Red?","Here's the song ""The Frost"" by August Burns Red.",train
dlg-738cc53b-ef8a-4eb4-9111-1270ffa9b452,dlg-738cc53b-ef8a-4eb4-9111-1270ffa9b452_2_5,"Oh, this is really good. Okay, can you play the same song but a different artist?",I was unable to find a cover for that song. But here's composure by August Burns Red. Here's the song the truth of a liar by August Burns Red.,train
dlg-73cbf4cf-19d3-4a9f-bb60-1aab8a314377,dlg-73cbf4cf-19d3-4a9f-bb60-1aab8a314377_1_2,Hi Assistant. I'd like to hear some music by Billy Joel.,Billy Joel - The Longest Time.,train
dlg-73cbf4cf-19d3-4a9f-bb60-1aab8a314377,dlg-73cbf4cf-19d3-4a9f-bb60-1aab8a314377_3_6,"Thank you. Oh, that one doesn't play either. Can you play me another version?",Billy Joel - Uptown Girl.,train
dlg-73cbf4cf-19d3-4a9f-bb60-1aab8a314377,dlg-73cbf4cf-19d3-4a9f-bb60-1aab8a314377_8_9,Hey Assistant. Could I hear a similar song by a different artist?,Rick Springfield - Jessie's Girl.,train
dlg-73cbf4cf-19d3-4a9f-bb60-1aab8a314377,dlg-73cbf4cf-19d3-4a9f-bb60-1aab8a314377_11_18,Can you play me a different version? Hey Assistant. Could I hear a different album? Can be different album. Just a different album I guess.,Sam Smith - Too Good At Goodbyes.,train
dlg-73fa6d75-6d0e-44c8-8233-ca29612e76ba,dlg-73fa6d75-6d0e-44c8-8233-ca29612e76ba_1_3,"I was wondering if you could play me some music from The Pixies, something off the album Doolittle? Okay, it's not playing anything.","I'm sorry, Here is the song Debaser by the Pixies from the album Doolittle.",test
dlg-73fa6d75-6d0e-44c8-8233-ca29612e76ba,dlg-73fa6d75-6d0e-44c8-8233-ca29612e76ba_6_10,"It's not playing anything. Still showing the same thing. How about trying a different album? How about Indie Cindy? Okay, that's a great song.",I have found the song Indie Cindy by pixies. Would you like to hear that?,test
dlg-74654081-2fbe-4f03-bdca-297b73a6c496,dlg-74654081-2fbe-4f03-bdca-297b73a6c496_2_3,Play me something by Def Leppard.,How about Love Bites by Def Leppard?,test
dlg-74654081-2fbe-4f03-bdca-297b73a6c496,dlg-74654081-2fbe-4f03-bdca-297b73a6c496_4_7,"It doesn't play, try something else.",How about Two Steps Behind by def Leppard?,test
dlg-74b5ede2-7df4-4b11-a949-bd1de3990174,dlg-74b5ede2-7df4-4b11-a949-bd1de3990174_3_4,I was thinking of something by Steven Wilson.,Routine by Steven Wilson.,train
dlg-74b5ede2-7df4-4b11-a949-bd1de3990174,dlg-74b5ede2-7df4-4b11-a949-bd1de3990174_6_8,Alright. How about a similar song by a different artist?,Anesthetize by Porcupine Tree.,train
dlg-74b5ede2-7df4-4b11-a949-bd1de3990174,dlg-74b5ede2-7df4-4b11-a949-bd1de3990174_9_10,Okay. This isn't quite what I was looking for. How about a song from a different album?,Blackest Eyes by Porcupine Tree.,train
dlg-7506b413-ff5c-4a08-a2ac-eaa0bd153bf7,dlg-7506b413-ff5c-4a08-a2ac-eaa0bd153bf7_1_2,Play some rock music.,Here is the song called Hash Pipe by the artist Weezer.,train
dlg-7506b413-ff5c-4a08-a2ac-eaa0bd153bf7,dlg-7506b413-ff5c-4a08-a2ac-eaa0bd153bf7_3_6,Play something more popular.,Here is the song called It's My Life by artist Bon Jovi.,train
dlg-7506b413-ff5c-4a08-a2ac-eaa0bd153bf7,dlg-7506b413-ff5c-4a08-a2ac-eaa0bd153bf7_7_9,Can you play something released in the 1950's?,Here is the song called Jailhouse Rock by the artist Elvis Presley.,train
dlg-7506b413-ff5c-4a08-a2ac-eaa0bd153bf7,dlg-7506b413-ff5c-4a08-a2ac-eaa0bd153bf7_10_12,Can you play something else like Kind of from the 50's by a different artist?,Here is the song called All By Myself by the artist Fats Domino.,train
dlg-75354d18-29ca-448a-9f29-db77a695af40,dlg-75354d18-29ca-448a-9f29-db77a695af40_0_16,"Hi, could you help me to find some new music to listen to? I like Bruno Mars and Usher.",Have you heard of Jessie J or Leona Lewis? Here is Masterpiece by Jessie J. Could you try a different version? That's not working.,train
dlg-75354d18-29ca-448a-9f29-db77a695af40,dlg-75354d18-29ca-448a-9f29-db77a695af40_17_21,Could you try a different version? That didn't play either.,Here is Who's Laughing Now by Jessie J.,train
dlg-75354d18-29ca-448a-9f29-db77a695af40,dlg-75354d18-29ca-448a-9f29-db77a695af40_23_26,"Okay. Her voice sounds familiar, but I'm not familiar with the artist as well. And who's the other artist you mentioned? Was it Leona Lewis? Can you play me something by her?",Here is Happy by Leona Lewis.,train
dlg-7599285d-49fb-41ba-ac22-cff4dc98e5d6,dlg-7599285d-49fb-41ba-ac22-cff4dc98e5d6_0_3,Hi. Could you play me something by R.E.M.?,Here is losing my religious by R.E.M.,train
dlg-7599285d-49fb-41ba-ac22-cff4dc98e5d6,dlg-7599285d-49fb-41ba-ac22-cff4dc98e5d6_4_6,Okay. How about something newer by R.E.M.?,Here is the end of the world by R.E.M.,train
dlg-7599285d-49fb-41ba-ac22-cff4dc98e5d6,dlg-7599285d-49fb-41ba-ac22-cff4dc98e5d6_7_9,"No, that's not what I want. How about a similar song by a different artist?",Here's one by Billy Joel called we didn't start the fire.,train
dlg-759ce3e1-6b36-4f37-9ea7-c364b7eca2d1,dlg-759ce3e1-6b36-4f37-9ea7-c364b7eca2d1_0_1,I would like to hear something from Linkin Park.,Here is Numb from Linkin Park.,train
dlg-759ce3e1-6b36-4f37-9ea7-c364b7eca2d1,dlg-759ce3e1-6b36-4f37-9ea7-c364b7eca2d1_2_3,I'd like to hear something from Meteora album.,Here is Linkin Park - Don't Stay.,train
dlg-759ce3e1-6b36-4f37-9ea7-c364b7eca2d1,dlg-759ce3e1-6b36-4f37-9ea7-c364b7eca2d1_5_6,I'd like to hear Breaking the Habit.,Here's Breaking the Habit by Linkin Park.,train
dlg-75d77e9c-53cf-4b67-bdef-4a36b89a94ce,dlg-75d77e9c-53cf-4b67-bdef-4a36b89a94ce_0_5,I would love to hear a song by somebody like Tom Petty.,Let me find a song by Tom Petty. Have you ever heard of Eric Clapton or Sticks? You got it. Here is Sticks with Renegade.,train
dlg-75d77e9c-53cf-4b67-bdef-4a36b89a94ce,dlg-75d77e9c-53cf-4b67-bdef-4a36b89a94ce_6_12,The video didn't work. I was wondering what took so long. I had to scroll down. Excellent choice. Can I hear the Eric Clapton video next?,Here is Tears in Heaven with Eric Clapton.,train
dlg-75f206e6-3427-4ff4-a87e-5c2e8df7caed,dlg-75f206e6-3427-4ff4-a87e-5c2e8df7caed_1_3,Could you play Fifth Harmony for me?,Here is Fifth Harmony performing 'Sledgehammer'.,train
dlg-75f206e6-3427-4ff4-a87e-5c2e8df7caed,dlg-75f206e6-3427-4ff4-a87e-5c2e8df7caed_4_5,"Oh yeah, I like that song. But could you play me something from maybe one of their newer albums?",Here is Fifth Harmony performing their new song 'He Like That.',train
dlg-75fabd52-34a6-4a4a-bffa-08e52742f8d4,dlg-75fabd52-34a6-4a4a-bffa-08e52742f8d4_2_4,Can you play some music by REM?,"Sure, one second. Here is R.E.M. - Everybody Hurts.",train
dlg-75fabd52-34a6-4a4a-bffa-08e52742f8d4,dlg-75fabd52-34a6-4a4a-bffa-08e52742f8d4_5_8,How about some newer material?,By R.E.M? Here is R.E.M. - It's The End Of The World.,train
dlg-75fabd52-34a6-4a4a-bffa-08e52742f8d4,dlg-75fabd52-34a6-4a4a-bffa-08e52742f8d4_9_10,"No, that's not good. How about some older material?",Here is R.E.M. - Losing My Religion.,train
dlg-768a8b2f-b2f4-48ed-a4f9-6b7be630d664,dlg-768a8b2f-b2f4-48ed-a4f9-6b7be630d664_1_5,Hello Assistant. I'd like to hear some music by the Bee Gees. I'd like to hear something new.,Ok. The Beegees. Let's see what else I can find that you may not be familiar with. Have you heard of the artist named Al Green?,train
dlg-768a8b2f-b2f4-48ed-a4f9-6b7be630d664,dlg-768a8b2f-b2f4-48ed-a4f9-6b7be630d664_6_7,I haven't heard of Al Green before.,Youtube Al Green-Lets Stay Together.,train
dlg-768a8b2f-b2f4-48ed-a4f9-6b7be630d664,dlg-768a8b2f-b2f4-48ed-a4f9-6b7be630d664_11_16,"How about a new song by Cyndi Lauper, or a similar artist?",Have you heard of artist named Kim Wilde. Kids in America by Kim Wilde.,train
dlg-76a3c878-e757-4cb6-b098-891d1315f647,dlg-76a3c878-e757-4cb6-b098-891d1315f647_1_7,I would like to hear some music by Nickelback.,Here is Nickelback - How you remind me? Here is Nickelback - Song On Fire. How about Nickelback - Must Be Nice?,train
dlg-76e713f7-a31b-4cc5-b00a-7f4a9b30329d,dlg-76e713f7-a31b-4cc5-b00a-7f4a9b30329d_2_5,"Hi. Can you play a song by Joyner Lucas, please?",Here is I'm sorry by Joyner Lucas.,train
dlg-76e713f7-a31b-4cc5-b00a-7f4a9b30329d,dlg-76e713f7-a31b-4cc5-b00a-7f4a9b30329d_6_12,"The video's not showing. Yes, something more uplifting. This song is too sad.",Here is Forever by Joyner Lucas.,train
dlg-76e713f7-a31b-4cc5-b00a-7f4a9b30329d,dlg-76e713f7-a31b-4cc5-b00a-7f4a9b30329d_13_14,Do you have something more recent by Joyner Lucas? Like a new song?,Here is Winter Blues by the same artist.,train
dlg-76fbe189-6f40-4a45-97b7-a1eafaa9fb8f,dlg-76fbe189-6f40-4a45-97b7-a1eafaa9fb8f_0_4,"Hi Google, so glad to talk to you. I'm having a little trouble finding a new music artist to listen to. I really like Marion Brown. I just can't come up with anything on my own. It's too much.",Have you heard of the artist name Christian Wallumrod? Here is Untitled Arpeggios and Pulses 1-4 by Trondheim Jazz Orchestra & Christian Wallumrod.,train
dlg-76fbe189-6f40-4a45-97b7-a1eafaa9fb8f,dlg-76fbe189-6f40-4a45-97b7-a1eafaa9fb8f_5_9,"Oh! Wow. So, long. Wish I had a vinyl player I could play on. I could buy this song for him. Yeah, that's nice. That's really smooth. Well, actually could you find another song by Christian Wallumrod?",Okay. Here is Pianokammer by Christian Wallumrod.,train
dlg-76fbe189-6f40-4a45-97b7-a1eafaa9fb8f,dlg-76fbe189-6f40-4a45-97b7-a1eafaa9fb8f_10_11,Oh! Wow. Yeah. Isn't he special? I also kind of like different kind of music by Porcius but I can't find anything for them in here.,Okay. Have you heard of the artist called Adult Mom?,train
dlg-76fbe189-6f40-4a45-97b7-a1eafaa9fb8f,dlg-76fbe189-6f40-4a45-97b7-a1eafaa9fb8f_12_13,No but it sound really fun.,Here is Survival by Adult Mom.,train
dlg-76fbe189-6f40-4a45-97b7-a1eafaa9fb8f,dlg-76fbe189-6f40-4a45-97b7-a1eafaa9fb8f_14_15,They sound really cool but I want more like a feel for them before I decide if I like them or not. Could you find something else by Adult Mom?,Okay. Here is Full Screen by Adult Mom.,train
dlg-771553e8-debb-41ae-815e-c6189a2a0934,dlg-771553e8-debb-41ae-815e-c6189a2a0934_1_10,Hi. I want to listen to some music by Beyond Creation.,Here is Beyond Creation - Earthborn Evolution. Here is Dominic Forest Lapointe - Beyond Creation - Earthborn Evolution. Here is Beyond Creation - Coexistence.,validation
dlg-77ec4889-22fe-4aeb-8233-933c60007a4b,dlg-77ec4889-22fe-4aeb-8233-933c60007a4b_2_6,"Hi, I'd like to listen to some blues music. Can you play me some blues music on YouTube for me Assistant? Thank you. Yeah. I like Nina Simone. She's a good singer.","Absolutely, here is Nina Simone performing ain't got no, I got life.",train
dlg-77ec4889-22fe-4aeb-8233-933c60007a4b,dlg-77ec4889-22fe-4aeb-8233-933c60007a4b_7_8,Oh she's good.,Wanna hear a jazz song called Coop by Bob Cooper?,train
dlg-77ec4889-22fe-4aeb-8233-933c60007a4b,dlg-77ec4889-22fe-4aeb-8233-933c60007a4b_10_11,Very nice. Can I hear another one by Bob Cooper?,"Here is Bud Shank and Bob Cooper performing, I've grown accustomed to her face.",train
dlg-7820ccae-3bea-4d01-a67c-0b2b41e34a1a,dlg-7820ccae-3bea-4d01-a67c-0b2b41e34a1a_0_2,I'd like to listen to some George Jones.,Here is George Jones - He Stopped Loving Her Today.,validation
dlg-7820ccae-3bea-4d01-a67c-0b2b41e34a1a,dlg-7820ccae-3bea-4d01-a67c-0b2b41e34a1a_3_7,"Yeah, can you play the same song by a different artist?",Here is Josh Turner - He Stopped Loving Her Today.,validation
dlg-782d4766-e89d-465e-8121-f26bbfa6f59c,dlg-782d4766-e89d-465e-8121-f26bbfa6f59c_1_7,Play me a song by the Dixie Chicks.,"Sure thing. Hold on just a second. Here is Travelin Soldier by The Dixie Chicks. Ok, let's see what I can find. One moment. Here's There's Your Trouble by Dixie Chicks. Here is Hurricane by Luke Combs.",train
dlg-784e2ce0-4b93-48ed-bf29-0ba93913eb33,dlg-784e2ce0-4b93-48ed-bf29-0ba93913eb33_1_2,I like to listen to some Tim Conway.,How about the song Rap Suicide by Jim Conway.,validation
dlg-784e2ce0-4b93-48ed-bf29-0ba93913eb33,dlg-784e2ce0-4b93-48ed-bf29-0ba93913eb33_4_5,"Yeah, I like that. Now, could you play something by Alan Jackson?",Here is the song called Remember When by Alan Jackson. Let me find you something. Here is the song called Little Bitty by Alan Jackson.,validation
dlg-7858ad5d-d54b-4a2e-b48c-c2e83255c0eb,dlg-7858ad5d-d54b-4a2e-b48c-c2e83255c0eb_3_6,Hi. I'm looking to hear a song today. I need help listening to the song Homemade Dynamite by Lorde. Awesome. I appreciate your help.,Here is Lorde - Homemade Dynamite.,test
dlg-7858ad5d-d54b-4a2e-b48c-c2e83255c0eb,dlg-7858ad5d-d54b-4a2e-b48c-c2e83255c0eb_7_13,"Awesome. Thank you. Oh, it's saying that it's blocked. I figured that this song would be blocked because she's a part of like a record label or something that's letting that happen, and it's off her new record. I think there's another song by Lorde that I would like to listen to. It's called Green Light.",Lorde - Homemade Dynamite.,test
dlg-7858ad5d-d54b-4a2e-b48c-c2e83255c0eb,dlg-7858ad5d-d54b-4a2e-b48c-c2e83255c0eb_14_18,"Okay. The lyric video is also blocked, so lately a lot of stuff has been blocked. If you could find the song Royals. Just one more song, the song Royals by Lorde. Hopefully, that one won't be blocked.",Here is Lorde - Royals.,test
dlg-787f34bf-d48c-4c19-8f39-858a94e3e6b0,dlg-787f34bf-d48c-4c19-8f39-858a94e3e6b0_1_4,"Hi. Can you play something from the band Poison, please?",Poison - Every Rose Has Its Thorn.,train
dlg-787f34bf-d48c-4c19-8f39-858a94e3e6b0,dlg-787f34bf-d48c-4c19-8f39-858a94e3e6b0_7_11,Love this song. Can you play something else off their second album?,Poison - Life Goes On.,train
dlg-787f34bf-d48c-4c19-8f39-858a94e3e6b0,dlg-787f34bf-d48c-4c19-8f39-858a94e3e6b0_14_18,"Loving this song. Can you play something off their last album, something on the slower side, please?",Can't You See by Poison.,train
dlg-7925d339-056b-42a6-b40a-3ad33e33320a,dlg-7925d339-056b-42a6-b40a-3ad33e33320a_1_2,Hi. I'm looking for music to listen specifically to the artist Jacob Banks.,Here is the song Unknown (to you) by Jacob Banks.,train
dlg-7925d339-056b-42a6-b40a-3ad33e33320a,dlg-7925d339-056b-42a6-b40a-3ad33e33320a_3_4,All right. Can you find me a similar artist to Jacob Banks?,"People who like Jacob Banks, have also listened to JP Cooper. Here is Closer by JP Cooper.",train
dlg-7925d339-056b-42a6-b40a-3ad33e33320a,dlg-7925d339-056b-42a6-b40a-3ad33e33320a_5_8,It was blocked. Can you find something that's not blocked? Try to avoid Vevo.,Here's the song In The Silence by JP Cooper.,train
dlg-7925d339-056b-42a6-b40a-3ad33e33320a,dlg-7925d339-056b-42a6-b40a-3ad33e33320a_9_10,Can you play a different song by JB Cooper or by the same artist?,Here's is the song Wait by JP Cooper.,train
dlg-794cf26f-47a9-45b9-8a9d-9acf73dbc4c0,dlg-794cf26f-47a9-45b9-8a9d-9acf73dbc4c0_1_5,Alter Bridge.,Thank you. Just a moment. Alter Bridge - Show Me A Leader. Alter Bridge - My Champion.,train
dlg-79cdf226-af57-4559-b068-cebecd1a6ec8,dlg-79cdf226-af57-4559-b068-cebecd1a6ec8_1_4,"Hello. I'm interested in hearing some covers, acoustic covers. May be by some cool people on YouTube.","Here is Megan Davies performing earned it, an acoustic cover of the weekend. Go through with this.",train
dlg-79cdf226-af57-4559-b068-cebecd1a6ec8,dlg-79cdf226-af57-4559-b068-cebecd1a6ec8_5_6,"Yeah, That's cool. Play me more of her acoustic covers. A different song, though. Like more of a ballad song.",Here she is performing hotline bling. Go through with this. And also here is Bay Miller performing bodak Yellow by cardi B. Go through with this.,train
dlg-79cdf226-af57-4559-b068-cebecd1a6ec8,dlg-79cdf226-af57-4559-b068-cebecd1a6ec8_7_8,"Yeah, I like that one. Play me somebody else differently playing doing a Cardi B cover acoustic song.","Yes, Sure. Here is Reyes performing bodak yellow. Go through with this.",train
dlg-79fad1fe-e4fd-4aaa-a1ac-e04d8d77479d,dlg-79fad1fe-e4fd-4aaa-a1ac-e04d8d77479d_1_4,Play a song by Imagine Dragons.,"Sure thing. Hold on just a second. Here is Demons by Imagine Dragons. Let me see if I can find one.One second, Here is the cover Demons by Sam Tsui and Max.",train
dlg-79fad1fe-e4fd-4aaa-a1ac-e04d8d77479d,dlg-79fad1fe-e4fd-4aaa-a1ac-e04d8d77479d_5_9,"Can you play some of their older material, please?","Let me see what i can find. Just one moment, Here is Can I Have This Dance. Sure, Hold on, Just a second, Here is Best Day of My Life by American Authors.",train
dlg-79fad1fe-e4fd-4aaa-a1ac-e04d8d77479d,dlg-79fad1fe-e4fd-4aaa-a1ac-e04d8d77479d_10_11,"Can you play a different version, please?",Hold on. Heroes best day of my life.,train
dlg-7a1cf598-094d-4c8b-b5e9-2c4b114dde13,dlg-7a1cf598-094d-4c8b-b5e9-2c4b114dde13_2_3,I would like to hear something from The Police.,"The police, any particular song you want to hear?",train
dlg-7a1cf598-094d-4c8b-b5e9-2c4b114dde13,dlg-7a1cf598-094d-4c8b-b5e9-2c4b114dde13_7_18,Can I hear Synchronous City? Can I listen to King Of Pain?,"Yes, its a great song.",train
dlg-7a6ed7d3-5dfb-4f57-baed-4b36f49f9623,dlg-7a6ed7d3-5dfb-4f57-baed-4b36f49f9623_0_4,"Hi, can you play a song by Rhett and Link. Can you play me a song by Rhett and Link.",Here's the song My OCD by Rhett and Link.,train
dlg-7a6ed7d3-5dfb-4f57-baed-4b36f49f9623,dlg-7a6ed7d3-5dfb-4f57-baed-4b36f49f9623_5_8,Can you play one of their newer songs?,I will play one of their newer songs for you. Here's the song Just Being Honest by Rhett and Link.,train
dlg-7a6ed7d3-5dfb-4f57-baed-4b36f49f9623,dlg-7a6ed7d3-5dfb-4f57-baed-4b36f49f9623_9_11,Can you play one of the most modern album?,Here's the song BFF.,train
dlg-7a72b226-d93a-4fc7-ae74-fcdd2948dafd,dlg-7a72b226-d93a-4fc7-ae74-fcdd2948dafd_0_2,"Hi, play something by Radiohead.",Here is best kept secret by Radiohead.,train
dlg-7a72b226-d93a-4fc7-ae74-fcdd2948dafd,dlg-7a72b226-d93a-4fc7-ae74-fcdd2948dafd_3_4,"Please, play older material.",Here is Radiohead with Creep.,train
dlg-7a72b226-d93a-4fc7-ae74-fcdd2948dafd,dlg-7a72b226-d93a-4fc7-ae74-fcdd2948dafd_5_6,"I don't want to listen to this, please play older material.",This song was older.,train
dlg-7a72b226-d93a-4fc7-ae74-fcdd2948dafd,dlg-7a72b226-d93a-4fc7-ae74-fcdd2948dafd_7_10,Okay. That is good thank you. Nothing else.,That song was nine years old. Here is Body Snatchers by Radiohead.,train
dlg-7a7342e8-a09a-4afc-8721-2add85b37daa,dlg-7a7342e8-a09a-4afc-8721-2add85b37daa_1_2,"Hi, I'd like to hear some music by Taylor Swift.",Here's Look What You Made Me Do by Taylor Swift.,train
dlg-7a7342e8-a09a-4afc-8721-2add85b37daa,dlg-7a7342e8-a09a-4afc-8721-2add85b37daa_3_5,This song is good. Show me older music by Taylor Swift.,Here's Should've Said No by Taylor Swift.,train
dlg-7a7342e8-a09a-4afc-8721-2add85b37daa,dlg-7a7342e8-a09a-4afc-8721-2add85b37daa_6_9,This song is okay. Could you find newer music by Taylor Swift?,Here's Ready For It by Taylor Swift. Here's Blank Space by Taylor Swift.,train
dlg-7abc5441-9f74-4f08-b69c-05b0f0eb2edc,dlg-7abc5441-9f74-4f08-b69c-05b0f0eb2edc_0_2,"Hi, can you play something by Cardiac Necropsy?",Here is the song Put Your Bits by Cardiac Necropsy.,train
dlg-7abc5441-9f74-4f08-b69c-05b0f0eb2edc,dlg-7abc5441-9f74-4f08-b69c-05b0f0eb2edc_4_6,Can you play something from let's see Scambo Superstar? I really like that album of their.,I have found Morbid Scum Division by Cardiac Necropsy.,train
dlg-7abc5441-9f74-4f08-b69c-05b0f0eb2edc,dlg-7abc5441-9f74-4f08-b69c-05b0f0eb2edc_7_11,"Okay, but I need one more song. Can you play something from the first album? I remember the title of it. I really liked after I put it in my boombox and hit play. The trap house was really enjoying it. Thank you. Do you need me to give you title of the first album?",How about the song Reign of AD-Dajjal by Cardiac Necropsy?,train
dlg-7add8128-80d2-44c0-a21a-d16fce4eea15,dlg-7add8128-80d2-44c0-a21a-d16fce4eea15_1_4,Play some classical music. Just any classical music.,Here is Chopin - Nocturne op.9 No.2.,validation
dlg-7add8128-80d2-44c0-a21a-d16fce4eea15,dlg-7add8128-80d2-44c0-a21a-d16fce4eea15_5_6,Can you find something more uptempo?,Here is Tchaikovsky -Dance Of The Sugarplum Fairy.,validation
dlg-7add8128-80d2-44c0-a21a-d16fce4eea15,dlg-7add8128-80d2-44c0-a21a-d16fce4eea15_8_9,"Well, can you find me something else, sort of played a lot at the holidays?",How about Tchaikovsky - The Nutcracker - Marche.,validation
dlg-7b0b4730-ed50-407f-a1c5-ce5b4def7153,dlg-7b0b4730-ed50-407f-a1c5-ce5b4def7153_2_3,Yeah. Could you play me something by Guns N' Roses?,"Sure, here's the song by Guns N' Rose.",train
dlg-7b0b4730-ed50-407f-a1c5-ce5b4def7153,dlg-7b0b4730-ed50-407f-a1c5-ce5b4def7153_4_7,Okay. That's pretty good. How about something of Appetite for Destruction?,"Okay, no problem. Here's the another song of Appetite for Destruction. Sure, here's the another song by Guns N' Roses.",train
dlg-7b21a55c-abb6-4204-83f8-165fda1da520,dlg-7b21a55c-abb6-4204-83f8-165fda1da520_1_5,I'd like to listen to to the Blues.,Johnnie Taylor - Soul Heaven. Wicked Heads - Choices.,train
dlg-7b21a55c-abb6-4204-83f8-165fda1da520,dlg-7b21a55c-abb6-4204-83f8-165fda1da520_7_9,Alright. Could I listen to something old again? Something from the 50's?,Mississipi John Hurt - You Are My Sunshine.,train
dlg-7b329c78-816b-4ef6-a89c-4a52d712a745,dlg-7b329c78-816b-4ef6-a89c-4a52d712a745_1_5,Hello. Can you play some music similar to Wage War? It's the band Wage War similar artists to them.,"Okay, let's see what I can find that you may not be familiar with. What about the artist A Day to Remember, they seem to similar to Wage War. Another one is We Came as Romans.",train
dlg-7b329c78-816b-4ef6-a89c-4a52d712a745,dlg-7b329c78-816b-4ef6-a89c-4a52d712a745_6_9,"Can you play What was it, A Day to Remember?",Here is the song We Got This by A Day To Remember.,train
dlg-7b329c78-816b-4ef6-a89c-4a52d712a745,dlg-7b329c78-816b-4ef6-a89c-4a52d712a745_10_11,Okay. Can you play another track by A Day to Remember?,Here is the song All I Want by the artist A Day To Remember.,train
dlg-7b329c78-816b-4ef6-a89c-4a52d712a745,dlg-7b329c78-816b-4ef6-a89c-4a52d712a745_12_13,Okay. And then can you play the other artist?,Here is song hope by the other artist We Came as Romans.,train
dlg-7b329c78-816b-4ef6-a89c-4a52d712a745,dlg-7b329c78-816b-4ef6-a89c-4a52d712a745_14_15,Okay. And now can you play the next song by We Came as Romans?,Here is another song called Cold Like War by we came as Romans.,train
dlg-7b551076-1ab7-48de-a566-d7b295f3a006,dlg-7b551076-1ab7-48de-a566-d7b295f3a006_3_6,"All right, I want to try Lil Peep.",Here is Hellboy by Lil peep.,train
dlg-7b551076-1ab7-48de-a566-d7b295f3a006,dlg-7b551076-1ab7-48de-a566-d7b295f3a006_7_14,I want you to play different music by Lil Peep.,Here is Benz Truck by Lil peep. Here is the way I see things by Lil peep.,train
dlg-7bc5ee6e-f096-4928-84d5-7af713cfb239,dlg-7bc5ee6e-f096-4928-84d5-7af713cfb239_1_2,"Hi, I'd like to listen to some music like Bob Dylan.",How about the song Like a Rolling Stone by Bob Dylan?,train
dlg-7bc5ee6e-f096-4928-84d5-7af713cfb239,dlg-7bc5ee6e-f096-4928-84d5-7af713cfb239_5_11,"It's great, nice song. Can I hear another song from Bob John?","How about the song called A Hard Rain's A-Gonna Fall by Bob Dylan? One more song, here it is Thunder On The Mountain.",train
dlg-7bf846bb-2764-4e66-8837-ca21e4182629,dlg-7bf846bb-2764-4e66-8837-ca21e4182629_2_3,"I need your help. I'm looking to listen music. Now, I'm looking to hear a song by Bonobo, it's called Pick Up.","Okay, sure thing. Here is Bonobo with Pick Up.",validation
dlg-7bf846bb-2764-4e66-8837-ca21e4182629,dlg-7bf846bb-2764-4e66-8837-ca21e4182629_5_9,"I love the style of music that he created on this album and with the song, too. It's like pretty experimental, some Jazz influences, pretty cool. Great, now I'd like to hear another song by Bonobo. It's called Something For Windy. The name of the song by Bonobo is called Something For Windy.","Okay, sure thing. Here is Bonobo with Something Longer For Windy.",validation
dlg-7bf846bb-2764-4e66-8837-ca21e4182629,dlg-7bf846bb-2764-4e66-8837-ca21e4182629_12_16,"It's really chill music. Oh, now I'd like to hear one more song by Bonobo. It's called Flutter.",Here is Bonobo with Flutter.,validation
dlg-7c248fdf-dc21-448d-874e-0e6406584799,dlg-7c248fdf-dc21-448d-874e-0e6406584799_1_3,Hi. I'd like to hear some music by Linkin Park. I like this song. Show me newer music by this band.,"""Talking To Myself"" by Linkin Park.",train
dlg-7c248fdf-dc21-448d-874e-0e6406584799,dlg-7c248fdf-dc21-448d-874e-0e6406584799_4_7,"I like this song, too. Show me older music by this band.","""Burn It Down by""- Linkin Park. ""Lost In The Echo"" by- Linkin Park.",train
dlg-7c377041-dfd3-45c9-8749-7dc7b4b0f88b,dlg-7c377041-dfd3-45c9-8749-7dc7b4b0f88b_0_6,"Hi, could you play something by Willie Clarence?","Sure, here is the song by Willie Clarence. Fetty Wap - Again.",train
dlg-7c42c2ff-9ba4-43f2-856b-797607bc7eca,dlg-7c42c2ff-9ba4-43f2-856b-797607bc7eca_0_1,"Can you play something from the band Anthrax, please?",Here is a song called Carry On Wayward Son by Anthrax.,train
dlg-7c42c2ff-9ba4-43f2-856b-797607bc7eca,dlg-7c42c2ff-9ba4-43f2-856b-797607bc7eca_3_4,"You know, I don't want this one. Can you play a similar song by different artist?",Here is a similar song called the Picture of Home by Deep Purple.,train
dlg-7c42c2ff-9ba4-43f2-856b-797607bc7eca,dlg-7c42c2ff-9ba4-43f2-856b-797607bc7eca_5_6,"Yeah, I don't want what's playing. Can you play the same song but from a different artist, please?",Here is Picture of Home by Yngwie Malmsteen.,train
dlg-7c44a302-96a1-42fb-b8bc-500a647e754a,dlg-7c44a302-96a1-42fb-b8bc-500a647e754a_1_3,Hi. I was wanting to hear a song by Drake.,Of course. Drake-Show Me A Good Time.,train
dlg-7c44a302-96a1-42fb-b8bc-500a647e754a,dlg-7c44a302-96a1-42fb-b8bc-500a647e754a_4_8,"Okay, can I hear all the songs by him? This one is pretty good. This one is pretty good.",Of course. One second. Come Winter - Drake. Come Winter - Drake.,train
dlg-7c44a302-96a1-42fb-b8bc-500a647e754a,dlg-7c44a302-96a1-42fb-b8bc-500a647e754a_9_12,"Okay, this one sounds nice. Can you send me a song by an artist similar to him?",Definitely. One second. Robocop- Kanye West. Robocop- Kanye West.,train
dlg-7c789766-df0b-46e7-8838-1b579838b0fa,dlg-7c789766-df0b-46e7-8838-1b579838b0fa_4_9,This is kind of cool. Could you send me another song by them?,Metro Station - Shake It. Linkin Park - Papercut. Linkin Park- Somewhere I Belong.,train
dlg-7c9aec1f-efcf-4ab4-aa43-6595c189e033,dlg-7c9aec1f-efcf-4ab4-aa43-6595c189e033_0_1,"Hi, I would like to listen music by Shakira.","Okay, this is from Shakira- Hips Don't Lie.",train
dlg-7c9aec1f-efcf-4ab4-aa43-6595c189e033,dlg-7c9aec1f-efcf-4ab4-aa43-6595c189e033_2_5,Can you play something from her newer material?,"No problem. Okay, this is by Shakira - Me Enamore. Okay, let me check for you. Okay, this is by Shakira - Can't Remember to Forget You ft. Rihanna.",train
dlg-7cb8ed6c-2f29-4f2e-bb1b-fc121c5b86f8,dlg-7cb8ed6c-2f29-4f2e-bb1b-fc121c5b86f8_1_5,Hi. I would like to hear new music that I've never heard before. Justin Timberlake.,Okay. Justin Timberlake. Let's see what else I can find that you may not be familiar with. Are you familiar with Charlie Puth or Lukas Graham?,train
dlg-7cb8ed6c-2f29-4f2e-bb1b-fc121c5b86f8,dlg-7cb8ed6c-2f29-4f2e-bb1b-fc121c5b86f8_6_7,Not familiar with Lukas Graham.,Would you like to listen to Lukas Graham mama said?,train
dlg-7cb8ed6c-2f29-4f2e-bb1b-fc121c5b86f8,dlg-7cb8ed6c-2f29-4f2e-bb1b-fc121c5b86f8_9_12,"Yeah, I like Lukas Graham. I like the beat behind the music.","Okay, how about Taoi Cruz? Do you listen to him ever? Taio Cruz - Break Your Heart ft. Ludacris.",train
dlg-7cceb03b-e71c-4ed5-a8e5-47da484a7cc7,dlg-7cceb03b-e71c-4ed5-a8e5-47da484a7cc7_2_8,You play me a song by Taylor Swift.,Here is gorgeous by Taylor Swift. Here is Teardrops On My Guitar by Taylor Swift.,train
dlg-7cceb03b-e71c-4ed5-a8e5-47da484a7cc7,dlg-7cceb03b-e71c-4ed5-a8e5-47da484a7cc7_9_12,Getting closer I think. Are there any songs that are even older than this one?,Here is You Belong With Me by Taylor Swift.,train
dlg-7ce1d844-8838-4b45-8df8-84c49d5da37c,dlg-7ce1d844-8838-4b45-8df8-84c49d5da37c_0_3,"Hi. I'm trying to hear something by Wale, please.",Sure. Just one moment. Here's Hella by Wale. Here's Black is Gold by Wale. Here's Hella by Wale. Here's Black is Gold by Wale.,train
dlg-7ce1d844-8838-4b45-8df8-84c49d5da37c,dlg-7ce1d844-8838-4b45-8df8-84c49d5da37c_4_5,"This song is good, But do you have something that's romantic by Wale?",Here's Lotus Flower Bomb by Wale.,train
dlg-7d154bbc-1337-4514-b082-a1aa3c141ec7,dlg-7d154bbc-1337-4514-b082-a1aa3c141ec7_0_4,Can you hear me a song from Linkin Park? This is a great song.,I agree but I prefer Hybrid Theory album.,train
dlg-7d193ea7-9d04-4e15-a097-615e856bcf47,dlg-7d193ea7-9d04-4e15-a097-615e856bcf47_0_3,Hi Assistant. I would like to music by Rihanna.,Here's Consideration Rihanna Feat SZA. Here's Rihanna - Loveeee Song Ft. Future.,validation
dlg-7d193ea7-9d04-4e15-a097-615e856bcf47,dlg-7d193ea7-9d04-4e15-a097-615e856bcf47_4_5,I don't know what's playing. Can I now hear new music that she's put out recently? I'd like to hear new music that she's put out recently.,Sure. Here's Rihanna - Love On The Brain. Do you need anything else?,validation
dlg-7d23da26-c01b-4e8e-acf0-f57799bce00b,dlg-7d23da26-c01b-4e8e-acf0-f57799bce00b_1_14,"Hi, I was wanting to find some new music to listen to. How about With Our Arms to the Sun?",Have you heard of Insomnium? Or Metallica? What about absence? The Absence - Dead and Gone. Have you heard of burial in the sky? Burial In The Sky - Tesla.,train
dlg-7d23da26-c01b-4e8e-acf0-f57799bce00b,dlg-7d23da26-c01b-4e8e-acf0-f57799bce00b_17_28,"Alright, how about Russian Circles?",Have you heard of Neurosis? What about the cult of Luna? Cult of Luna - Heartbeats. Have you heard of Opeth? What about Mastodon? What about Mogwai? Mogwai - Take Me Somewhere Nice.,train
dlg-7d535c5b-9319-4120-ab25-cd4de0751225,dlg-7d535c5b-9319-4120-ab25-cd4de0751225_2_5,"Hi, Can you play some party music for me?",How about the song Party In The U.S.A. by Miley Cyrus? Here's the song Party In The U.S.A. by Miley Cyrus.,test
dlg-7d535c5b-9319-4120-ab25-cd4de0751225,dlg-7d535c5b-9319-4120-ab25-cd4de0751225_6_10,"Okay, this one's pretty cool. Could you play me something older?",How about the song TiK ToK by Kesha? Here's the song TiK ToK by Kesha.,test
dlg-7d535c5b-9319-4120-ab25-cd4de0751225,dlg-7d535c5b-9319-4120-ab25-cd4de0751225_11_15,Okay. This one's pretty good. Could you play me some rap party music?,"How about the song Yeah! by Usher featuring Lil Jon, Ludacris? Here's the song Yeah! by Usher featuring Lil Jon, Ludacris.",test
dlg-7d535c5b-9319-4120-ab25-cd4de0751225,dlg-7d535c5b-9319-4120-ab25-cd4de0751225_16_20,"Okay, and how about a similar song or a song by a similar artist?",How about the song DJ Got Us Fallin' In Love featuring Pitbull by the same artist Usher. Here is the song DJ Got Us Fallin' In Love featuring Pitbull by Usher.,test
dlg-7d796158-fd9f-43cd-8c61-1c884de7c775,dlg-7d796158-fd9f-43cd-8c61-1c884de7c775_1_4,I'm looking for a song by Opeth.,"Sure, let me find a song by Opeth. Here is Opeth - Porcelain Heart.",train
dlg-7d796158-fd9f-43cd-8c61-1c884de7c775,dlg-7d796158-fd9f-43cd-8c61-1c884de7c775_7_9,Okay. Can you show me a different song by Opeth?,Here is Opeth - Burden.,train
dlg-7d796158-fd9f-43cd-8c61-1c884de7c775,dlg-7d796158-fd9f-43cd-8c61-1c884de7c775_12_14,"Okay, this isn't really what I want to listen to. Can I find a similar song to this by a different artist?",Here is Opeth - Burden (Solo Cover) - Backing Track.,train
dlg-7d814fa9-237c-4d7a-8c4b-c4d057e5fd1e,dlg-7d814fa9-237c-4d7a-8c4b-c4d057e5fd1e_1_3,"Hello! Today, I need your help finding music to listen. Now, I'm looking to hear a song by the band Tool. It's called harsh. It's called Harsh.",Here's Harsh by Tool.,train
dlg-7d814fa9-237c-4d7a-8c4b-c4d057e5fd1e,dlg-7d814fa9-237c-4d7a-8c4b-c4d057e5fd1e_4_11,"It seem to be one of the forgotten bands of the 90s to some people. Awesome. Now, I'd like to hear another song by the band Tool. I'd like to hear the song Schism. Thank you. It's a pretty good song. He got a little bit more progressive, when it came to this style. That was pretty cool. Now, I'd like to hear one more song by the band Tool. It's called Right in Two. Awesome. Now, I'd like to hear another song by the band Tool. I'd like to hear the song Schism. It's a pretty good song. He got a little bit more progressive, when it came to this style. That was pretty cool. Now, I'd like to hear one more song by the band Tool. It's called Right in Two.",Here's Right in Two by Tool.,train
dlg-7d9a5ecd-d84a-4e1c-baa2-7135c427ae65,dlg-7d9a5ecd-d84a-4e1c-baa2-7135c427ae65_0_2,I'm looking for a Beachy music.,Beachy?,validation
dlg-7d9a5ecd-d84a-4e1c-baa2-7135c427ae65,dlg-7d9a5ecd-d84a-4e1c-baa2-7135c427ae65_4_7,"Okay, what about Metallica? I would like to listen to Metallica.",I will send the video of Metallica.,validation
dlg-7d9a5ecd-d84a-4e1c-baa2-7135c427ae65,dlg-7d9a5ecd-d84a-4e1c-baa2-7135c427ae65_8_11,We're going to listen to enter assignment. Can I listen to Master of Puppets?,i will send the video of Master of Puppets.,validation
dlg-7dc77c39-f41d-47f9-aff1-0174ccdd9831,dlg-7dc77c39-f41d-47f9-aff1-0174ccdd9831_1_2,I'm in the mood for listening some holiday music.,Let me find something for you. I have found 3 Hour Medley of Christmas Songs.,train
dlg-7dc77c39-f41d-47f9-aff1-0174ccdd9831,dlg-7dc77c39-f41d-47f9-aff1-0174ccdd9831_3_6,"Okay, play Wannabe. Yeah, I like that but I need something more Gothic. Could you play something a little bit more which enhance Gothic in that melody music area?",One moment. I have found Best 25 Classic Christmas Songs - Old Xmas Music List for Your Holiday.,train
dlg-7dc77c39-f41d-47f9-aff1-0174ccdd9831,dlg-7dc77c39-f41d-47f9-aff1-0174ccdd9831_10_11,"Yeah, I like that. But, can you play a little bit new age, country, Christmas songs?",Here is Top 100 Country Christmas Songs - Country Music Version Of Famous Christmas Songs and Carols.,train
dlg-7dc77c39-f41d-47f9-aff1-0174ccdd9831,dlg-7dc77c39-f41d-47f9-aff1-0174ccdd9831_12_15,Okay. Can you play some with Eddie Griffin Christmas special? Had to do one more time. Can you do one Andy Griffith Christmas song? I need some more rock and roll Christmas songs rock and roll.,Here is Christmas Rock Top 20 Best Rock Christmas Songs Ever.,train
dlg-7e0b2eb4-db1c-4b51-8f3d-0e79bce96982,dlg-7e0b2eb4-db1c-4b51-8f3d-0e79bce96982_1_5,"Hi, could you play me some R.E.M.?","Some R.E.M., is that correct? Here is Houston by R.E.M.",test
dlg-7e0b2eb4-db1c-4b51-8f3d-0e79bce96982,dlg-7e0b2eb4-db1c-4b51-8f3d-0e79bce96982_6_7,How about something from a different album?,"Sure, here is Losing My Religion by R.E.M.",test
dlg-7e0b2eb4-db1c-4b51-8f3d-0e79bce96982,dlg-7e0b2eb4-db1c-4b51-8f3d-0e79bce96982_8_15,Is still playing the same song. It's pretty good but it's still playing the same the very first song instead of playing the second one.,"Sure, here is Everybody Hurts by our R.E.M.",test
dlg-7e4d597b-66f8-423b-a637-22be1b560a94,dlg-7e4d597b-66f8-423b-a637-22be1b560a94_4_5,I'd love to hear something by ABBA.,Here's the song Dancing Queen by ABBA.,train
dlg-7e4d597b-66f8-423b-a637-22be1b560a94,dlg-7e4d597b-66f8-423b-a637-22be1b560a94_7_9,Can you play like something from earlier in their like from their first album?,"Here's the song Ring Ring by ABBA, a song from their first album called Ring Ring.",train
dlg-7e4d597b-66f8-423b-a637-22be1b560a94,dlg-7e4d597b-66f8-423b-a637-22be1b560a94_11_12,"That was a good song. I think it was kind of lip synced, though. I don't think it was like actually live. Can you find something live by them?",Here's the song take a chance on me. Performed live in Switzerland in 1979.,train
dlg-7e4da772-15ac-4e91-a07f-333fd81043e3,dlg-7e4da772-15ac-4e91-a07f-333fd81043e3_3_4,"Yeah, I like that song. You got any something maybe from Merle Haggard?",Merle haggard - Are The Good Times Really Over.,train
dlg-7e4da772-15ac-4e91-a07f-333fd81043e3,dlg-7e4da772-15ac-4e91-a07f-333fd81043e3_7_10,You got a different album by Merle Haggard?,That's The Way Love Goes - Merle Haggard.,train
dlg-7e597c0c-c7df-4bfb-84a8-927583f97e8f,dlg-7e597c0c-c7df-4bfb-84a8-927583f97e8f_2_5,I'd like to hear something by The Rolling Stones.,"Sure, let me find you a rolling stones song. Here is Gimme Shelter by The Rolling Stones.",train
dlg-7e597c0c-c7df-4bfb-84a8-927583f97e8f,dlg-7e597c0c-c7df-4bfb-84a8-927583f97e8f_6_10,Can I hear something different by The Rolling Stones?,Here is I Can't Get No Satisfaction by The Rolling Stones.,train
dlg-7e597c0c-c7df-4bfb-84a8-927583f97e8f,dlg-7e597c0c-c7df-4bfb-84a8-927583f97e8f_11_14,"Okay, I don't want to hear that no more. Let's get Ruby Tuesday by The Rolling Stones.",Here is Ruby Tuesday by The Rolling Stones.,train
dlg-7e6a146e-244d-4be7-a556-bf41ea6c60f2,dlg-7e6a146e-244d-4be7-a556-bf41ea6c60f2_2_5,"Hi, today I need help finding music to listen. I'm looking for a song by Oasis. It's called Morning Glory.","Sure, let me find that song from Oasis. Here is Oasis - Morning Glory.",train
dlg-7e6a146e-244d-4be7-a556-bf41ea6c60f2,dlg-7e6a146e-244d-4be7-a556-bf41ea6c60f2_8_16,"I've definitely enjoyed it, thank you. No, I'd like to hear another song by Oasis. It's called D'You Know What I Mean?",Here is Oasis - D’You Know What I Mean?,train
dlg-7e6a146e-244d-4be7-a556-bf41ea6c60f2,dlg-7e6a146e-244d-4be7-a556-bf41ea6c60f2_19_30,"Oh, so is this video is blocked from Vevo? Oh, it still happens sometimes with these. It's also a classic song. No, I'd like to hear another song by Oasis. It's called Magic Pie.","Sure, let me find magic pie. Here is oasis - magic pie.",train
dlg-7eab90d0-afae-4e02-a319-fc0696400175,dlg-7eab90d0-afae-4e02-a319-fc0696400175_1_2,"Hi, I'd like to know if I can hear a song by Glen Campbell called Rhinestone Cowboy?",Here is Glen Campbell + Rhinestone Cowboy.,train
dlg-7eab90d0-afae-4e02-a319-fc0696400175,dlg-7eab90d0-afae-4e02-a319-fc0696400175_4_5,Could I hear another Glen Campbell song called Country Boy?,Here is Country Boy by glen Campbell.,train
dlg-7eab90d0-afae-4e02-a319-fc0696400175,dlg-7eab90d0-afae-4e02-a319-fc0696400175_6_8,"Yeah, that's a good one. Can I hear Southern Nights by Glen Campbell?",Here is Southern Nights - Glen Campbell.,train
dlg-7edfc3b3-b440-4553-9dde-27bea02e0530,dlg-7edfc3b3-b440-4553-9dde-27bea02e0530_1_4,"I'd like to hear some music by Cyndi Lauper, please.","Here is your song, All through the night by Cyndi Lauper. Here is your song, When You Were Mine by Cyndi Lauper.",train
dlg-7edfc3b3-b440-4553-9dde-27bea02e0530,dlg-7edfc3b3-b440-4553-9dde-27bea02e0530_5_6,Thank you. Could I hear a similar song by a different artist?,"Here is your song, You Were Mine by Dixie Chicks.",train
dlg-7f458c3c-b155-4141-8e27-dc963bd02ff5,dlg-7f458c3c-b155-4141-8e27-dc963bd02ff5_2_16,"Hello assistant.I'd like something to listen to, something like a rock or something.",Okay.Have you heard of Aerosmith? What about System Of A Down? Scorpions? Scorpions - Wind Of Change. Go through the video. Alice Cooper - I'm Eighteen. Go through the video. Alice Cooper - Poison. Go through the video.,train
dlg-7f458c3c-b155-4141-8e27-dc963bd02ff5,dlg-7f458c3c-b155-4141-8e27-dc963bd02ff5_19_28,"Another rock song. Actually, can you make it Screama?","Sure.Have you heard of Silverstein? My Heroine, Silverstein. Go through the video. Yes.Silverstein - Smile in your Sleep. Go through the video.What else?",train
dlg-7fa49cc0-a6ae-4e12-843c-548b8afb87fb,dlg-7fa49cc0-a6ae-4e12-843c-548b8afb87fb_1_3,I wanna hear a song by KBB.,"You got it, Here is Katy Perry - Roar.",train
dlg-7fa49cc0-a6ae-4e12-843c-548b8afb87fb,dlg-7fa49cc0-a6ae-4e12-843c-548b8afb87fb_4_6,"Okay, Now actually, I want you to show you something that is kind of similar to her so, Do you have some time this week?",Sure thing. Here is Taylor Swift - Shake It Off.,train
dlg-7fa49cc0-a6ae-4e12-843c-548b8afb87fb,dlg-7fa49cc0-a6ae-4e12-843c-548b8afb87fb_7_8,"Okay, I like that song, actually, That's a good song. Let's do something similar to Taylor Swift now, Maybe Miranda Lambert or a song, Kind of like Shake It Off, The door.",Here is Iggy Azalea - Black Widow.,train
dlg-7fc0a101-c919-41da-a501-c90e6fc38f3e,dlg-7fc0a101-c919-41da-a501-c90e6fc38f3e_1_2,"Hey Assistant, I'd like to hear something by by David Boyle.","let me see what I can find for you, How about the song Lazarus by David Bowie?",train
dlg-7fc0a101-c919-41da-a501-c90e6fc38f3e,dlg-7fc0a101-c919-41da-a501-c90e6fc38f3e_3_6,"Sounds good. Over here. That's an old classic. Assistant, Can I hear something by the artist Peter Gabriel?",How about the song Shock The Monkey?,train
dlg-7fc0a101-c919-41da-a501-c90e6fc38f3e,dlg-7fc0a101-c919-41da-a501-c90e6fc38f3e_7_8,"Uh-huh, That's a little more upbeat. Sounds good.",By Peter Gabriel.,train
dlg-7fc0a101-c919-41da-a501-c90e6fc38f3e,dlg-7fc0a101-c919-41da-a501-c90e6fc38f3e_9_12,"Through that came right on. This one came up good. I was going to ask you for a third sign. I forgot to ask. Oh yeah, I was singing about Peter Gabriel from his earlier days in Genesis. Can I hear the song Lamb Lies Down on Broadway?",Here is the song called The Lamb Lies Down On Broadway.,train
dlg-7fe053bc-764d-4b6f-bf47-aaae4dc09abf,dlg-7fe053bc-764d-4b6f-bf47-aaae4dc09abf_0_12,"Hello, can you play some music by Our Last Night? Our Last Night.","Our Last Night - ""Ghost In The Machine"". Of course, Camila Cabello - ""Havana"" (Cover by Our Last Night). Yes, Britney Spears - ""Toxic"" (cover by Our Last Night).",train
dlg-7fee41d0-f415-4ca5-9561-41c3f23551b9,dlg-7fee41d0-f415-4ca5-9561-41c3f23551b9_2_4,I'd like to listen George Jones.,Curious George Jones performing She Thinks I Still Care.,train
dlg-7fee41d0-f415-4ca5-9561-41c3f23551b9,dlg-7fee41d0-f415-4ca5-9561-41c3f23551b9_7_8,Can I listen to some older material?,Here is George Jones performing a walk through the world with me.,train
dlg-7ffff154-d818-43ac-b96a-f3ed7d7aee0a,dlg-7ffff154-d818-43ac-b96a-f3ed7d7aee0a_0_2,"Hi, Would you play me something by Hall and Oates?",Please wait for a moment. Here is You Make My Dreams Come True by Hall and Oates.,train
dlg-7ffff154-d818-43ac-b96a-f3ed7d7aee0a,dlg-7ffff154-d818-43ac-b96a-f3ed7d7aee0a_3_6,"All right, the song still puts a smile on my face from that time of high school. Would you mind switching to another one of Hall and Oates, something like slower?",Here is Sara Smile by Hall and Oates.,train
dlg-7ffff154-d818-43ac-b96a-f3ed7d7aee0a,dlg-7ffff154-d818-43ac-b96a-f3ed7d7aee0a_7_10,"All right, That's nice, this is a really sweet lovely tune. It has been a long time since I've heard this song. I guess lastly, I'll ask you to play one last one whatever I asked you to play.",Here is Maneater by Hall and Oates.,train
dlg-802c1d85-329b-466f-b7a6-27c9b31e2781,dlg-802c1d85-329b-466f-b7a6-27c9b31e2781_0_4,"Hi, can you send me a song by the artist Drake? Hotline Bling would be good.","Here is ""Hotline Bling"" by drake.",train
dlg-802c1d85-329b-466f-b7a6-27c9b31e2781,dlg-802c1d85-329b-466f-b7a6-27c9b31e2781_5_7,The song was so popular when it came out. Can you send me a newer track by Drake?,"Of course. I can, one moment please. Here is ""Mood"" by drake. Here is ""Mood"" by drake.",train
dlg-802c1d85-329b-466f-b7a6-27c9b31e2781,dlg-802c1d85-329b-466f-b7a6-27c9b31e2781_8_9,"I haven't heard this one yet. Can you send me a song of Off his album ""Take Care""?","Here is ""Over My Dead Body"" by drake from the album Take Care.",train
dlg-802c1d85-329b-466f-b7a6-27c9b31e2781,dlg-802c1d85-329b-466f-b7a6-27c9b31e2781_10_11,"All right, can you send me another version of that track, its's blocked?","Here is another version for the song ""Over My Dead Body"" by Drake.",train
dlg-803df580-a1c0-4f6a-8a74-dd82b1cbbdfa,dlg-803df580-a1c0-4f6a-8a74-dd82b1cbbdfa_0_1,Hello Assistant. I'd like to hear some music by Katy Perry.,"Okay, Any specific song by Katy Perry you'd like?",train
dlg-803df580-a1c0-4f6a-8a74-dd82b1cbbdfa,dlg-803df580-a1c0-4f6a-8a74-dd82b1cbbdfa_2_3,No. Anything is good for me. Something upbeat.,How does Katy Perry - Swish Swish (Official) ft. Nicki Minaj sound?,train
dlg-80c5b606-db48-476e-b1db-9ff87e27fb07,dlg-80c5b606-db48-476e-b1db-9ff87e27fb07_1_4,"Hi, I'd like some help browsing music in the pop genre, please. No just anything pop.",Here is Ed Sheeran - Shape of You.,train
dlg-80c5b606-db48-476e-b1db-9ff87e27fb07,dlg-80c5b606-db48-476e-b1db-9ff87e27fb07_5_6,"Okay. Let's try something for a female vocalist, please.",Here is Julia Michaels - Issues.,train
dlg-80c5b606-db48-476e-b1db-9ff87e27fb07,dlg-80c5b606-db48-476e-b1db-9ff87e27fb07_7_8,"Okay. Let's go with something a little faster, please.","Here is Charlie Puth - ""How Long"".",train
dlg-80c5b606-db48-476e-b1db-9ff87e27fb07,dlg-80c5b606-db48-476e-b1db-9ff87e27fb07_9_10,"Okay. Let's try something older, please.",Here is The Beatles - Hey Jude.,train
dlg-80c5b606-db48-476e-b1db-9ff87e27fb07,dlg-80c5b606-db48-476e-b1db-9ff87e27fb07_11_12,"Okay. I think they are all pretty good, but the Charlie Puth's song was new to me and it was quite interesting. I like that. So, that was my favorite.","Yes, it sounded pretty good.",train
dlg-80ec7254-8784-4deb-a6b1-724a054e3510,dlg-80ec7254-8784-4deb-a6b1-724a054e3510_1_2,"Hi, I'd like to hear some music by Linkin Park.",Burn It Down by linkin park.,test
dlg-80ec7254-8784-4deb-a6b1-724a054e3510,dlg-80ec7254-8784-4deb-a6b1-724a054e3510_3_4,I like this song. Show me newer music by this band.,One More Light by- Linkin Park.,test
dlg-80ec7254-8784-4deb-a6b1-724a054e3510,dlg-80ec7254-8784-4deb-a6b1-724a054e3510_5_6,I like this song as well. Show me newer music by this band.,Nobody Can Save Me by- Linkin Park.,test
dlg-80ec7254-8784-4deb-a6b1-724a054e3510,dlg-80ec7254-8784-4deb-a6b1-724a054e3510_7_8,The song is good as well. Show me music from a different album by this band.,One Step Closer by Linkin Park.,test
dlg-80fb0c9c-5287-4a30-bd5d-0fc4d57ffcb3,dlg-80fb0c9c-5287-4a30-bd5d-0fc4d57ffcb3_1_3,Hi. I would like to listen to jazz.,I can help you with that. Give me one second. Here is Nina Simone performing Ain't Got No I Got Life. Here is Nina Simone performing Ain't Got No I Got Life.,train
dlg-80fb0c9c-5287-4a30-bd5d-0fc4d57ffcb3,dlg-80fb0c9c-5287-4a30-bd5d-0fc4d57ffcb3_4_13,Play something a little more recent.,"Here is Jamie Cullum performing 20-something. Here's the same artist, Jamie Cullum performing Singing in the Rain. Here is Harry Connick jr. Performing Like We Do. Here is Harry Connick Jr performing Come By Me.",train
dlg-80fb0c9c-5287-4a30-bd5d-0fc4d57ffcb3,dlg-80fb0c9c-5287-4a30-bd5d-0fc4d57ffcb3_14_17,Play blue jazz.,Here is Chet Baker performing Almost Blue. Glad I could assist providing some Jazz music. Have a great day. Bye. See you later.,train
dlg-81126ee8-b4a8-4033-9b08-a40abb5e781c,dlg-81126ee8-b4a8-4033-9b08-a40abb5e781c_0_4,I'd like to hear music by Linkin Park.,Here is lying from you by Linkin Park. Here is Pts.Of.Athrty by Linkin Park.,train
dlg-81126ee8-b4a8-4033-9b08-a40abb5e781c,dlg-81126ee8-b4a8-4033-9b08-a40abb5e781c_5_6,I don't like what's playing. Older material.,This song is 10 years old it is called Somewhere I Belong by Linkin Park.,train
dlg-8146b4c7-ffb9-4b09-968a-22a3856b3fe0,dlg-8146b4c7-ffb9-4b09-968a-22a3856b3fe0_0_2,Could you play something about The Connells?,Okay. Here is Scotty's lament by the Connells. Here is Scotty's lament by the Connells.,train
dlg-8146b4c7-ffb9-4b09-968a-22a3856b3fe0,dlg-8146b4c7-ffb9-4b09-968a-22a3856b3fe0_3_9,"How about the same song about a different artist? Okay, How about a cover of any Cornell song?",Most definitely. How about this one 7475 performed by Ortopilot? How about this one 7475 performed by Ortopilot? Here's a different song by the same artist called Make You Feel My Love by Ortopilot.,train
dlg-814e6d4d-0cdc-4cbe-b8e4-0ba9592dcabf,dlg-814e6d4d-0cdc-4cbe-b8e4-0ba9592dcabf_2_5,"I would like some help browsing on YouTube music from Florence and the Machine, please.",Do you want to hear music by Florence and the Machines?,train
dlg-814e6d4d-0cdc-4cbe-b8e4-0ba9592dcabf,dlg-814e6d4d-0cdc-4cbe-b8e4-0ba9592dcabf_7_10,"How about something newer, please?",Stand By Me by Florence +The Machine.,train
dlg-814e6d4d-0cdc-4cbe-b8e4-0ba9592dcabf,dlg-814e6d4d-0cdc-4cbe-b8e4-0ba9592dcabf_11_12,"Ah, it's a little slow starting. How about something from a different album by the same group?",Shake It Out by Florence + The Machine.,train
dlg-814f64a3-cf1a-4b78-a684-7cdbfaf8e656,dlg-814f64a3-cf1a-4b78-a684-7cdbfaf8e656_0_5,I'd like to listen to some music by Twenty One Pilots.,Here is Twenty One Pilots with 'Heathens'. Here are the same artist 21 Pilots with 'Stressed out'.,train
dlg-814f64a3-cf1a-4b78-a684-7cdbfaf8e656,dlg-814f64a3-cf1a-4b78-a684-7cdbfaf8e656_6_7,I don't like this song very much. Please play the same song by a different artist.,"Okay, here is 'Stressed out' covered by Our Last Night.",train
dlg-8150c550-bfd0-49a8-b174-703f39e85dfc,dlg-8150c550-bfd0-49a8-b174-703f39e85dfc_3_18,George Jones.,"Okay, George Jones. Let's see what else I can find that you may not be familiar with. What about the artist Mark Chesnutt, he seems to be similar to George Jones. Another one is lyle lovett. Here is the song Too Cold At Home by mark chesnutt. Would you like me to play another song by Mark Chesnutt? Here is the song She's No Lady by lyle lovett.",train
dlg-823aef96-2189-4f89-a94d-4cd7156693d0,dlg-823aef96-2189-4f89-a94d-4cd7156693d0_1_2,"Hi. Today, I need your help listening to music. I'm looking for a song by Oasis. It's called Gas Panic.",Here's Gas Panic by Oasis.,train
dlg-823aef96-2189-4f89-a94d-4cd7156693d0,dlg-823aef96-2189-4f89-a94d-4cd7156693d0_5_6,"Yes. This is after their album standing on the shoulders of Giants. Which is pretty good I think. Some people didn't like it, but I like their experimental sound, they went with. I'd like to hear another song by Oasis. It's called Talk Tonight.",Here's Talk Tonight by Oasis. How did you liked it?,train
dlg-823aef96-2189-4f89-a94d-4cd7156693d0,dlg-823aef96-2189-4f89-a94d-4cd7156693d0_7_8,"Thank you. No, this is the B-side track, that they never put on an album, but the Masterplan which was an album for B-sides is probably my favorite one of it. Very good acoustic song. Now, I would like to hear one more song by Oasis. It's called Magic Pie.",Here's Magic pie by oasis.,train
dlg-827cd24a-42c5-43d5-b600-3188bb73f79e,dlg-827cd24a-42c5-43d5-b600-3188bb73f79e_0_1,"Hi, I need your help to finding some music to listen to. I have an artist in mind. It's the band Adema. I'm looking to hear the song Freaking Out.",I can help you with that. Here's the song Freaking Out by Adema.,train
dlg-827cd24a-42c5-43d5-b600-3188bb73f79e,dlg-827cd24a-42c5-43d5-b600-3188bb73f79e_3_5,"It's a classic song from the new metal era when there was a lot of new metal bands like Limp Bizkit, Adema, Puddle of Mud and kind of. I'd like to hear another song by Adema, it's called Promises.",Here's Promises by Adema.,train
dlg-827cd24a-42c5-43d5-b600-3188bb73f79e,dlg-827cd24a-42c5-43d5-b600-3188bb73f79e_7_9,"It's probably my favorite song by them overall. Now, I'd like to hear one more song by Adema, it's called So Fortunate.",Here's Fortunate by Adema.,train
dlg-82ee0540-cfad-4c90-a146-44dd21fe4d52,dlg-82ee0540-cfad-4c90-a146-44dd21fe4d52_2_4,Hi. Can you play me some music by Bob Dylan?,Don't Think Twice It's All Right - Bob Dylan.,train
dlg-82ee0540-cfad-4c90-a146-44dd21fe4d52,dlg-82ee0540-cfad-4c90-a146-44dd21fe4d52_5_10,I don't like that one. Can you play me a more modern or contemporary Bob Dylan song? Like maybe one from his most recent album he's released?,I Could Have Told You.,train
dlg-82ee0540-cfad-4c90-a146-44dd21fe4d52,dlg-82ee0540-cfad-4c90-a146-44dd21fe4d52_11_14,Not bad either. Is there a Christmas song by Bob Dylan?,"Bob Dylan Christmas Songbook (1997, soundtrack cut) - Royal Canadian Air Farce.",train
dlg-82ee0540-cfad-4c90-a146-44dd21fe4d52,dlg-82ee0540-cfad-4c90-a146-44dd21fe4d52_16_17,Bob Dylan Tambourine Man.,Bob Dylan - Mr. Tambourine Man ( Lyrics ).,train
dlg-8332a7ed-50a7-47d2-adb4-09835676a892,dlg-8332a7ed-50a7-47d2-adb4-09835676a892_1_7,"Hi. I'd like to hear some new music to listen. Yes, Spyro Gyra.",Okay. Spiral Gyro. Let's see what else I can find that you may not be familiar with. Have you heard of Dave Brubeck or Shakatak? Dave Brubeck - Take Five.,train
dlg-8332a7ed-50a7-47d2-adb4-09835676a892,dlg-8332a7ed-50a7-47d2-adb4-09835676a892_9_10,A classic Jazz guy.,Here is Shakatak night Birds.,train
dlg-8332a7ed-50a7-47d2-adb4-09835676a892,dlg-8332a7ed-50a7-47d2-adb4-09835676a892_12_21,"Oh, this is more. Yeah, this reminds me a little more of Spiral Gyro, but I like that David Brubeck. Thank you so much. Yeah, I didn't know if I was supposed to get two more songs from another similar artist. How about we throw Bruce Springsteen in there as a someone to compare to?","Have you heard of The Hold Steady, or the Clash? The Hold Steady - ""Chips Ahoy!"" The Clash - London Calling. It has a nice Rhythm.",train
dlg-8364cdec-0987-4571-8fc3-4a006b83dc79,dlg-8364cdec-0987-4571-8fc3-4a006b83dc79_0_3,"Hi assistant, can you help me find a song Hurt by Nine Inch Nails.",Here is Hurt by Nine Inch Nails.,train
dlg-8364cdec-0987-4571-8fc3-4a006b83dc79,dlg-8364cdec-0987-4571-8fc3-4a006b83dc79_4_5,"Great, now can you play the same song Hurt by Johnny Cash?",You bet. Here is Johnny Cash's Hurt.,train
dlg-8364cdec-0987-4571-8fc3-4a006b83dc79,dlg-8364cdec-0987-4571-8fc3-4a006b83dc79_6_7,"Instead of that, can you play a different Johnny Cash song from a different album of his?","Here is Johnny Cash one of the album, the Legend of Cash.",train
dlg-840f2d8e-ab88-49ea-8857-f465c95c644c,dlg-840f2d8e-ab88-49ea-8857-f465c95c644c_0_2,Hello Assistant. I really like the music of Bruno Mars. Could I hear some music from Bruno Mars?,Yes. Bruno Mars- That's What I Like.,train
dlg-840f2d8e-ab88-49ea-8857-f465c95c644c,dlg-840f2d8e-ab88-49ea-8857-f465c95c644c_3_8,Thank you. I thought she's supposed to find me new music? Hey Assistant. I like what you picked for me. Could I hear something by a similar artist? Or something new to me.,Jason Mraz- I'm Yours.,train
dlg-840f2d8e-ab88-49ea-8857-f465c95c644c,dlg-840f2d8e-ab88-49ea-8857-f465c95c644c_11_16,"Thanks for choosing this video, Assistant. I'd like to listen to something new. Something you know? Soft rock or popular music.",Guns N' Roses- November Rain.,train
dlg-84649538-7015-4ca4-8410-40c0e5926f51,dlg-84649538-7015-4ca4-8410-40c0e5926f51_0_5,"Hello, I would like to listen to something new music. Lil Wayne.","Have you heard of the artist Sam lachow before. Here's the song Sometimes, I don't by Sam lachow and Raz Simone.",train
dlg-84649538-7015-4ca4-8410-40c0e5926f51,dlg-84649538-7015-4ca4-8410-40c0e5926f51_8_11,He's a good rap artist.,Here's the song liquor store by Sam lachow featuring Raz Simone and Ariana Deebo.,train
dlg-8481e2e2-a9aa-4337-8025-80094e875ca1,dlg-8481e2e2-a9aa-4337-8025-80094e875ca1_1_7,Hi. I'm trying to get a song to listen by My Chemical Romance.,"Sure, Let me find something from my chemical romance. Here is My Chemical Romance - Teenagers. Enjoy the song. Here is My Chemical Romance - Teenagers. Sure, Let me find something similar. Here is Panic At The Disco-I Write Sins Not Tragedies. Here is Panic At The Disco-I Write Sins Not Tragedies.",train
dlg-8481e2e2-a9aa-4337-8025-80094e875ca1,dlg-8481e2e2-a9aa-4337-8025-80094e875ca1_8_10,Do you have the same song by another artist?,"Sure, Let me find that for you. Here is Write Sins Not Tragedies - Panic! At The Disco cover by Jordan Sweeto. Here is Write Sins Not Tragedies - Panic! At The Disco cover by Jordan Sweeto.",train
dlg-848aa467-7d32-41aa-9b8c-4fa35ce878a3,dlg-848aa467-7d32-41aa-9b8c-4fa35ce878a3_2_7,"Hi, I need help finding new music to listen to, please. 50 Cent.","50 Cent Okay, let me see what I can find for you. Have you heard of Busta Rhymes or Fabolous?",test
dlg-848aa467-7d32-41aa-9b8c-4fa35ce878a3,dlg-848aa467-7d32-41aa-9b8c-4fa35ce878a3_8_12,"No, I haven't heard of Fabolous.","Okay, let me see what I can find by Fabolous for you. You Be Killin Em by Fabolous.",test
dlg-848aa467-7d32-41aa-9b8c-4fa35ce878a3,dlg-848aa467-7d32-41aa-9b8c-4fa35ce878a3_14_15,This is a great song. Do you have another recommendation?,Here is a quiet storm by Fabolous.,test
dlg-848b289a-6f18-4651-a949-371b60b264c7,dlg-848b289a-6f18-4651-a949-371b60b264c7_2_6,"I'd like some help browsing the music of Gary Allan, please.",Gary Allan is that correct? How about the song Best I Ever Had by gary allan?,test
dlg-848b289a-6f18-4651-a949-371b60b264c7,dlg-848b289a-6f18-4651-a949-371b60b264c7_7_12,"Sounds pretty good, Let's check it out. That's okay. Let's try something probably like one of his different albums, still Gary Allan, please.",How about the song We Touched The Sun? By the same artist Gary Allan.,test
dlg-848b289a-6f18-4651-a949-371b60b264c7,dlg-848b289a-6f18-4651-a949-371b60b264c7_14_15,"That's okay but not one of my favorites. Let's try one more time, a different song by Gary Allan.",How about the song called Every Storm Runs Out Of Rain by gary allan?,test
dlg-84f56fd0-61ec-4737-bdec-3b57d93464fa,dlg-84f56fd0-61ec-4737-bdec-3b57d93464fa_2_4,"Hi, can I hear something about the Scorpions?",Here are The Scorpions - 'Still Loving You'.,validation
dlg-84f56fd0-61ec-4737-bdec-3b57d93464fa,dlg-84f56fd0-61ec-4737-bdec-3b57d93464fa_6_8,"Having some problems with this content, it's blocked by UMG in my country. Can I hear something else by the Scorpions that isn't blocked?",Here are Scorpions - Still Loving You (original video).,validation
dlg-84f56fd0-61ec-4737-bdec-3b57d93464fa,dlg-84f56fd0-61ec-4737-bdec-3b57d93464fa_10_14,"This is good, but I was looking for something that was a little bit faster. Can you get me something like that?","Sure, also by the Scorpions? Here are Scorpions - 'Rock You Like A Hurricane'.",validation
dlg-84f56fd0-61ec-4737-bdec-3b57d93464fa,dlg-84f56fd0-61ec-4737-bdec-3b57d93464fa_16_21,"Oh, this a classic and a great one. Can I hear something similar to that last song but by a different band?",Here is AC/DC - 'Thunderstruck Lyrics'.,validation
dlg-84f80ac8-2860-4437-b5e8-e94959eabc33,dlg-84f80ac8-2860-4437-b5e8-e94959eabc33_0_16,Hello. I need to hear some music that's similar to August Burns Red.,Have you listened to The Devil Wears Prada? Here is The Devil Wears Prada- Born To Lose. Here is The Devil Wears Prada- Worldwide. Have you listened to Underoath? Here is Underoath- Writing On The Walls. Here is Underoath- On My Teeth.,train
dlg-852c3521-e18a-407e-b457-3d208324942a,dlg-852c3521-e18a-407e-b457-3d208324942a_0_5,Play something by Kendrick Lamar. Play something by Nirvana.,"Kendrick Lamar - DNA. Okay, got it. Kendrick Lamar - M.A.A.D. City.",train
dlg-852c3521-e18a-407e-b457-3d208324942a,dlg-852c3521-e18a-407e-b457-3d208324942a_8_9,Similar song by a different artist.,50 Cent - We Up.,train
dlg-8555cf6f-2656-4613-a001-ba0049b15102,dlg-8555cf6f-2656-4613-a001-ba0049b15102_1_6,"Hi, I need help to find new music to listen to, please. Jim Jones.","Okay, let's see what else I can find similar to that artist. Have you heard of J.R. Writer? Here's Where You At by J.R. Writer.",train
dlg-8555cf6f-2656-4613-a001-ba0049b15102,dlg-8555cf6f-2656-4613-a001-ba0049b15102_7_10,"The song is cool, do you have any other suggestions?","Trap Trap Trap ft. Young Thug, Wale by Rick Ross.",train
dlg-85ef0572-36a7-4a56-9ec6-e38d9ee23f8c,dlg-85ef0572-36a7-4a56-9ec6-e38d9ee23f8c_0_4,"Hi, could you play me something by The Police? Yeah, could you play me some music by The Police?",Here is 'Every Breath You Take' by The Police.,train
dlg-85ef0572-36a7-4a56-9ec6-e38d9ee23f8c,dlg-85ef0572-36a7-4a56-9ec6-e38d9ee23f8c_5_10,"Yeah, that's all. That's a great song. I really like that one. How about something a little different? Maybe a band that's doing a cover of this. Maybe something that's kind of a lot nearer like a modern version. Yeah, could you literary find a version of this, maybe by a modern band or something like a cover?",Here is the same song by Jose Feliciano.,train
dlg-85ef0572-36a7-4a56-9ec6-e38d9ee23f8c,dlg-85ef0572-36a7-4a56-9ec6-e38d9ee23f8c_11_12,That's just bad.,Here is the same song by Aaron Krause.,train
dlg-85ef0572-36a7-4a56-9ec6-e38d9ee23f8c,dlg-85ef0572-36a7-4a56-9ec6-e38d9ee23f8c_13_15,Let's still play in the same version.,Here is the same song by Willian Lee.,train
dlg-86cc7079-69ae-465b-968f-af53b6277de3,dlg-86cc7079-69ae-465b-968f-af53b6277de3_0_6,"Hey, I'm looking for some new artists, musical artists to like expand my horizon. I'm wondering if you can find something like kind of like the band Water? Could you find me some like an artist that's kind of like the band Water?",Here's the song by the band Water.,validation
dlg-86cc7079-69ae-465b-968f-af53b6277de3,dlg-86cc7079-69ae-465b-968f-af53b6277de3_9_10,"I like the vocals, I like the drumming on that. Could you find me something else by Morbid Angel?",Sure. Another selection by Morbid Angel.,validation
dlg-86cc7079-69ae-465b-968f-af53b6277de3,dlg-86cc7079-69ae-465b-968f-af53b6277de3_11_12,"Well, I also kind of like James Taylor.","I think you said James Taylor, yes?",validation
dlg-86cc7079-69ae-465b-968f-af53b6277de3,dlg-86cc7079-69ae-465b-968f-af53b6277de3_13_17,Yes. I said James Taylor.,Sure. Here's the song by James Taylor. Sure. Here is Ventura Highway by America.,validation
dlg-86f87700-3c88-4d05-a99f-6ba2f23ac062,dlg-86f87700-3c88-4d05-a99f-6ba2f23ac062_0_8,Hi. I'd like to listen to some music by Paramore. I would like to listen to some music by Paramore.,Paramore: Told You So. Paramore: Rose-Colored Boy. Paramore - All We Know Is Falling.,train
dlg-86f89074-d177-4d1d-a77a-9bd762b42e5d,dlg-86f89074-d177-4d1d-a77a-9bd762b42e5d_2_5,"Can I hear a song by Drake, please? Yeah, you can play starting from the bottom.",Here is Started From The Bottom by drake.,train
dlg-86f89074-d177-4d1d-a77a-9bd762b42e5d,dlg-86f89074-d177-4d1d-a77a-9bd762b42e5d_6_7,Can I get another of Rihanna song? That one is blocked.,Here is another word of the song Started From the Bottom by Drake.,train
dlg-86f89074-d177-4d1d-a77a-9bd762b42e5d,dlg-86f89074-d177-4d1d-a77a-9bd762b42e5d_8_9,Awesome. Can I get a track by a similar artist to drink?,How about Work ft. Drake by Rihanna?,train
dlg-86f89074-d177-4d1d-a77a-9bd762b42e5d,dlg-86f89074-d177-4d1d-a77a-9bd762b42e5d_11_13,"Okay, I know on this one. Can I get a song from a different album from Rihanna?",Here is the song Diamond by Rihanna.,train
dlg-87035e3d-f9b4-476b-bb61-e406fc67d0b4,dlg-87035e3d-f9b4-476b-bb61-e406fc67d0b4_1_11,"Hello Assistant, I would love to hear some Latin music. Can you help me with that? Waiting for Latin music.",Here is Dreaming of Latin America.,train
dlg-87035e3d-f9b4-476b-bb61-e406fc67d0b4,dlg-87035e3d-f9b4-476b-bb61-e406fc67d0b4_13_16,"Assistant, can I hear another Latin song like a little bit more festive and upbeat?",Here is 1 Hours of Latin Music Instrumental.,train
dlg-87035e3d-f9b4-476b-bb61-e406fc67d0b4,dlg-87035e3d-f9b4-476b-bb61-e406fc67d0b4_18_23,"Okay Assistant, could I hear one more Latin song? And something really fast.",By the artist Don Omar its called Danza Kuduro featuring Lucenzo.,train
dlg-87087b07-baa3-4a55-85d7-cddeb44996ce,dlg-87087b07-baa3-4a55-85d7-cddeb44996ce_1_2,Hello. Can you play something by Aerosmith?,Sure. How about the song Crazy by the artist Aerosmith?,train
dlg-87087b07-baa3-4a55-85d7-cddeb44996ce,dlg-87087b07-baa3-4a55-85d7-cddeb44996ce_4_12,"Oh. That one is blocked. That one is also blocked. Yeah, that's great. But I think I'm more in the mood for Motley Crue.",How about the song Dr. Feelgood by Motley Crue?,train
dlg-87087b07-baa3-4a55-85d7-cddeb44996ce,dlg-87087b07-baa3-4a55-85d7-cddeb44996ce_13_16,"That sounds good. Yes, I like this song, but maybe something earlier, like off one of their first couple albums.",Here is the song called Too Fast For Love by Motley Crue.,train
dlg-87088bf7-f8d4-49ff-802f-c1d698d48e9b,dlg-87088bf7-f8d4-49ff-802f-c1d698d48e9b_1_7,I would like to listen to The Band Perry.,Here is song by The Band Perry. Here is stay in the dark by The Band Perry.,train
dlg-87088bf7-f8d4-49ff-802f-c1d698d48e9b,dlg-87088bf7-f8d4-49ff-802f-c1d698d48e9b_8_11,"Yes, I love that, too. That's a really good one.",Here is If I Die Young by The Band Perry.,train
dlg-873584fb-6b5c-4679-89d4-4220593e0b04,dlg-873584fb-6b5c-4679-89d4-4220593e0b04_1_2,Hello. I'd like to listen to some Conway Twitty.,Conway Twitty? That's My Job.,train
dlg-873584fb-6b5c-4679-89d4-4220593e0b04,dlg-873584fb-6b5c-4679-89d4-4220593e0b04_4_5,Yeah. I like that one. Can you play some older material?,Conway Twitty - The rose.,train
dlg-873584fb-6b5c-4679-89d4-4220593e0b04,dlg-873584fb-6b5c-4679-89d4-4220593e0b04_7_8,"Can you play same artist, different song?",Don't Cry Joni - Conway Twitty & Joni Lee.,train
dlg-87393b73-bbc2-4eee-a28e-bf59c1c9e214,dlg-87393b73-bbc2-4eee-a28e-bf59c1c9e214_1_8,"Hello, I'd like to find some new music to listen to. George Jones.",Okay. George Jones. Let's see what else I can find that you may not be familiar with? Have you heard of an artist named Patsy Cline? Crazy by Patsy Cline.,train
dlg-87393b73-bbc2-4eee-a28e-bf59c1c9e214,dlg-87393b73-bbc2-4eee-a28e-bf59c1c9e214_9_12,"Yeah, it's good. What about somebody like Rolling Stones?",Okay. Hold one moment. Have you heard the group called The doors? Light My Fire by The Doors.,train
dlg-87399695-dbfa-42d4-8a28-b4714f4b8a1a,dlg-87399695-dbfa-42d4-8a28-b4714f4b8a1a_1_2,Can you play something by George Jones?,Here is George Jones performing I don't need your rocking chair.,test
dlg-87399695-dbfa-42d4-8a28-b4714f4b8a1a,dlg-87399695-dbfa-42d4-8a28-b4714f4b8a1a_4_7,Little bit more mellow by George Jones.,How about the song choices by George Jones? Here is Wrong's what I do best by George Jones.,test
dlg-874c31be-5953-42b8-b7a2-c56e228e6836,dlg-874c31be-5953-42b8-b7a2-c56e228e6836_1_6,Can you play a song by Neutral Milk Hotel? Can you play a song by Neutral Milk Hotel?,How about the song In The Aeroplane Over The Sea? By Neutral Milk Hotel. Here it is.,validation
dlg-874c31be-5953-42b8-b7a2-c56e228e6836,dlg-874c31be-5953-42b8-b7a2-c56e228e6836_7_8,I really like this band. Can you play another song by them?,Do you like the song Two-Headed Boy by the same band?,validation
dlg-874c31be-5953-42b8-b7a2-c56e228e6836,dlg-874c31be-5953-42b8-b7a2-c56e228e6836_11_16,Can you play another one by Neutral Milk Hotel?,How about the song Communist Daughter by Neutral Milk Hotel? What do you think about Oh Comely? Here it is. Oh Comely by Neutral Milk Hotel.,validation
dlg-877092e4-2c02-4ce9-b17c-50cd2c84f788,dlg-877092e4-2c02-4ce9-b17c-50cd2c84f788_1_2,I was wondering if you could play me some music. How about something by The Cure off the album Disintegration?,"Here is your song, Pictures Of You - The Cure Lyrics.",train
dlg-877092e4-2c02-4ce9-b17c-50cd2c84f788,dlg-877092e4-2c02-4ce9-b17c-50cd2c84f788_3_7,Okay. That's a good choice. I like that song. But how about something off of one of their earlier albums?,"Here is another song for you, The Cure - One Hundred Years (audio). Here is your song, The Only One - The Cure.",train
dlg-8774c050-b1f8-4736-8c2f-4b3fd2bdf80f,dlg-8774c050-b1f8-4736-8c2f-4b3fd2bdf80f_1_2,"Hi, Can you play me Uptown Girl by Billy Joel?",Here is Uptown Girl performed by Billy Joel.,train
dlg-8774c050-b1f8-4736-8c2f-4b3fd2bdf80f,dlg-8774c050-b1f8-4736-8c2f-4b3fd2bdf80f_3_5,The content was blocked by Vevo.,Here is Uptown Girl performed by Billy Joel.,train
dlg-8774c050-b1f8-4736-8c2f-4b3fd2bdf80f,dlg-8774c050-b1f8-4736-8c2f-4b3fd2bdf80f_7_12,"It hasn't. It's still blocked. No. It says an error occurred. Haven't had that one before. Yeah, that played if I opened in a new tab. Can you find a live version or in concert of that song?",Did that one work? We just wanna rock out to some Billy Joel.,train
dlg-8774c050-b1f8-4736-8c2f-4b3fd2bdf80f,dlg-8774c050-b1f8-4736-8c2f-4b3fd2bdf80f_13_14,That's right. Can you find a live concert version of that song?,Here is Billy Joel performing Uptown Girl at Bonnaroo 2015.,train
dlg-8774c050-b1f8-4736-8c2f-4b3fd2bdf80f,dlg-8774c050-b1f8-4736-8c2f-4b3fd2bdf80f_15_16,"It's a good live performance. Alright, Can you play the MTV video Frozen song?","I'm sorry, you need the MTV performance by Billy Joel?",train
dlg-8774c050-b1f8-4736-8c2f-4b3fd2bdf80f,dlg-8774c050-b1f8-4736-8c2f-4b3fd2bdf80f_17_18,"The music video for Uptown Girl, play that.","Oh, I'm sorry. Here is Uptown Girl, the music video by Billy Joel.",train
dlg-8783f631-828f-4f08-a5a5-c186214ad157,dlg-8783f631-828f-4f08-a5a5-c186214ad157_2_4,"Play something by the band Blur. Yeah, play some of their earlier stuff. I didn't really like that one.",Blur-Parklife.,train
dlg-8783f631-828f-4f08-a5a5-c186214ad157,dlg-8783f631-828f-4f08-a5a5-c186214ad157_5_6,"That's good. I really like the introduction to that, can play something more upbeat by them?",Tender - Blur.,train
dlg-87cd59a9-8b34-4e30-8633-0bcd1d6bc1c0,dlg-87cd59a9-8b34-4e30-8633-0bcd1d6bc1c0_1_6,"Hi, Could you help me find some new music to listen to? Yeah, I like Miguel.",Okay. Miguel. Let's see what else I can find that you may not be familiar with. Looks like the artist Trey song may be similar style might be a close match etc. Another is Zayn. Are either of those new to you?,train
dlg-87cd59a9-8b34-4e30-8633-0bcd1d6bc1c0,dlg-87cd59a9-8b34-4e30-8633-0bcd1d6bc1c0_7_12,Zayn is new to me.,Okay. Let me tell you something by the artist Zayn and let's see if you like it. Here is the song Dusk Till Dawn by the artist Zayn featuring Sia.,train
dlg-87cd59a9-8b34-4e30-8633-0bcd1d6bc1c0,dlg-87cd59a9-8b34-4e30-8633-0bcd1d6bc1c0_13_14,"Okay, That has a pretty good sound to it. Could I hear something else from Zayn?","Sure. One moment, Here is another song called Pillow Talk by the artist Zayn.",train
dlg-87cd59a9-8b34-4e30-8633-0bcd1d6bc1c0,dlg-87cd59a9-8b34-4e30-8633-0bcd1d6bc1c0_15_17,"Okay, Sounds great. So, I'll keep him in mind. Could you help me find another new artist we can based on another favorite? How about Bruno Mars this time?","Okay. Let me find you someone similar to Bruno Mars, How about the artist Train? Did you ever listen to him?",train
dlg-87cd59a9-8b34-4e30-8633-0bcd1d6bc1c0,dlg-87cd59a9-8b34-4e30-8633-0bcd1d6bc1c0_18_19,"Did you say Train? If it's like a single artist then no, but if it's a group like with a lead singer named Pat Monahan? Then I do.","Yes, Train.",train
dlg-87cd59a9-8b34-4e30-8633-0bcd1d6bc1c0,dlg-87cd59a9-8b34-4e30-8633-0bcd1d6bc1c0_20_25,"Is the leader singer of Train Pat Monahan? If so, I do know that band, but if it's an artist, then I don't know that person.","Yes, The lead artist is Patrick Monahan. What about the artist Jason Mraz?",train
dlg-87cd59a9-8b34-4e30-8633-0bcd1d6bc1c0,dlg-87cd59a9-8b34-4e30-8633-0bcd1d6bc1c0_26_29,"Jason Mraz is a favorite, As well.","One moment. How about The Band Perry? Okay, Let me play something by them. Here is the song called If I Die Young by the artist The Band Perry.",train
dlg-87cd59a9-8b34-4e30-8633-0bcd1d6bc1c0,dlg-87cd59a9-8b34-4e30-8633-0bcd1d6bc1c0_30_31,"Okay. So, A little bit kind of country musicish. How about another one from them?",Sure one moment. Here is another song that you may like. It is called Better Dig Two.,train
dlg-87dd93ed-34a6-40d7-a065-e449c36bceea,dlg-87dd93ed-34a6-40d7-a065-e449c36bceea_0_4,"Hello, can you play a song by Our Last Night? Can you play a song by Our Last Night?",Here is a Humble cover.,train
dlg-87dd93ed-34a6-40d7-a065-e449c36bceea,dlg-87dd93ed-34a6-40d7-a065-e449c36bceea_7_8,Can you play an original track by Our Last Night?,"Here's a new one, Tongue Tied.",train
dlg-87dd93ed-34a6-40d7-a065-e449c36bceea,dlg-87dd93ed-34a6-40d7-a065-e449c36bceea_10_12,This band is amazing. Can you play an older track from this Our Last Night?,Here is a song Sunrise.,train
dlg-87e1e5f3-824d-41e1-a7f4-5699a347eda5,dlg-87e1e5f3-824d-41e1-a7f4-5699a347eda5_2_8,Do you have something from BABYMETAL? BABYMETAL.,Here is Pa Pa Ya from BABYMETAL.,train
dlg-87e1e5f3-824d-41e1-a7f4-5699a347eda5,dlg-87e1e5f3-824d-41e1-a7f4-5699a347eda5_9_10,"Their service is weird, how about Green Day?",Here is Green Day's Boulevard of the Broken Dreams.,train
dlg-87e1e5f3-824d-41e1-a7f4-5699a347eda5,dlg-87e1e5f3-824d-41e1-a7f4-5699a347eda5_11_12,How about some older material?,Here is Green Day - Basket Case.,train
dlg-87e1e5f3-824d-41e1-a7f4-5699a347eda5,dlg-87e1e5f3-824d-41e1-a7f4-5699a347eda5_13_14,I couldn't remember the timeline correctly. How about something similar by a different artist instead?,Here is Green Day - Holiday.,train
dlg-880cf1c9-7cce-419c-8cef-8410c505c220,dlg-880cf1c9-7cce-419c-8cef-8410c505c220_1_2,I'd like to hear some music by Linkin Park.,Here is your song. Linkin Park - Don't Stay.,train
dlg-880cf1c9-7cce-419c-8cef-8410c505c220,dlg-880cf1c9-7cce-419c-8cef-8410c505c220_3_6,I like this song. Show me music by this band that is newer.,Here is your song. Heavy (Official Video) - Linkin Park (feat. Kiiara). Here is your song. Linkin Park- Somewhere I Belong.,train
dlg-881ab9b2-2aa4-4f98-b93b-4e2330c09c4f,dlg-881ab9b2-2aa4-4f98-b93b-4e2330c09c4f_1_2,"I'm looking for some new music to listen to, but could you play me some Lady Gaga?",Lady Gaga - Perfect Illusion. Go through the video.,train
dlg-881ab9b2-2aa4-4f98-b93b-4e2330c09c4f,dlg-881ab9b2-2aa4-4f98-b93b-4e2330c09c4f_4_5,"Oh, yeah. I love this song. It's like one of my favorites of the year, but could you play me something maybe of her older albums?",Lady Gaga - Bad Romance. Go through the video.,train
dlg-881ab9b2-2aa4-4f98-b93b-4e2330c09c4f,dlg-881ab9b2-2aa4-4f98-b93b-4e2330c09c4f_7_8,"Oh, yeah. I love this song. Play me something from Born This Way album, though.",Lady Gaga - Government Hooker. Go through the video.,train
dlg-88385ce0-9955-4864-8942-f313f7b9e795,dlg-88385ce0-9955-4864-8942-f313f7b9e795_2_3,Hello. I'd like some help browsing the music by the artist Pink.,"Okay, here is Pink - Just Give Me A Reason.",train
dlg-88385ce0-9955-4864-8942-f313f7b9e795,dlg-88385ce0-9955-4864-8942-f313f7b9e795_4_5,"Could you play something older, also by Pink?",Here is your song. Pink - Just Like Fire.,train
dlg-88385ce0-9955-4864-8942-f313f7b9e795,dlg-88385ce0-9955-4864-8942-f313f7b9e795_6_7,"Yeah, that's not quite working. Could you play a similar song by a different artist, please?",Here is Fight Song - Rachel Platten.,train
dlg-883e0a42-99ae-4475-9bf4-1de53b9d72a8,dlg-883e0a42-99ae-4475-9bf4-1de53b9d72a8_2_6,"Hello, Play Black Beatles. Can you play the song Yesterday by Beatles?",Sure. Here is The Beatles - Yesterday.,validation
dlg-883e0a42-99ae-4475-9bf4-1de53b9d72a8,dlg-883e0a42-99ae-4475-9bf4-1de53b9d72a8_7_12,Now play Rolling Stones.,Here is Wild Horses - Rolling Stones. Here is The Rolling Stones - Gimme Shelter.,validation
dlg-88914db0-c121-457f-8993-e1572354121d,dlg-88914db0-c121-457f-8993-e1572354121d_1_4,"Hi, today I need your help finding music to listen to. I'm looking for a song by Mark Tomoko. It's called Brother.",Ok. mac demarco. Let's see what else I can find that you may not be familiar with. Looks like the artist foxygen may be similar/have similar style/might be a close match/etc.,test
dlg-88914db0-c121-457f-8993-e1572354121d,dlg-88914db0-c121-457f-8993-e1572354121d_6_7,"Just something that's similar to Mark Tomoko would be cool, any song. I'd like to hear, just different.",San Francisco by Foxygen.,test
dlg-88914db0-c121-457f-8993-e1572354121d,dlg-88914db0-c121-457f-8993-e1572354121d_10_17,"Pretty cool. Now I'd like to find something that's similar to Cage The Elephant, actually.",Have you heard of the artist dirty Sweet? Baby Come Home by Dirty Sweet.,test
dlg-889eac26-3231-484f-9e7d-709dbf8eea27,dlg-889eac26-3231-484f-9e7d-709dbf8eea27_1_2,Hello Assistant. I would like to hear something by Peter Gabriel.,Here is your song. Peter Gabriel - In Your Eyes.,train
dlg-889eac26-3231-484f-9e7d-709dbf8eea27,dlg-889eac26-3231-484f-9e7d-709dbf8eea27_3_6,I'm listening to Your Eyes by Peter Gabriel and that's an excellent selection.,Here is your song. Chicago - You're The Inspiration.,train
dlg-88b1ad72-f156-49c6-b0f2-d03c67a0cc7b,dlg-88b1ad72-f156-49c6-b0f2-d03c67a0cc7b_2_5,Hello Assistant. I'd like to hear some music by Barry Manilow.,Barry Manilow - This One's For You.,train
dlg-88b1ad72-f156-49c6-b0f2-d03c67a0cc7b,dlg-88b1ad72-f156-49c6-b0f2-d03c67a0cc7b_6_7,"Assistant, this is a really nice song. Could I hear another Barry Manilow song? More upbeat.",Sure. Barry Manilow - Looks Like We Made It.,train
dlg-88b2d19e-2565-4b30-bd6d-10b7699169b1,dlg-88b2d19e-2565-4b30-bd6d-10b7699169b1_0_1,I would like to hear something from Prince.,This is my favorite song from Prince. Here is the video of Prince.,train
dlg-88b2d19e-2565-4b30-bd6d-10b7699169b1,dlg-88b2d19e-2565-4b30-bd6d-10b7699169b1_2_3,Yes. I would like to hear something newer. Do you have something new by Prince?,"There is nothing new by Prince, he passed away.",train
dlg-88b2d19e-2565-4b30-bd6d-10b7699169b1,dlg-88b2d19e-2565-4b30-bd6d-10b7699169b1_4_7,Do you have something newer than this song? Okay. I would like to hear something in the 1990's from Prince.,Here is the video of Prince in 1990s.,train
dlg-88b2d19e-2565-4b30-bd6d-10b7699169b1,dlg-88b2d19e-2565-4b30-bd6d-10b7699169b1_8_9,"Oh, this is really nice. I like this song.",It is a classic from Prince.,train
dlg-88b76254-5704-4f01-bc6b-ef956b16c08e,dlg-88b76254-5704-4f01-bc6b-ef956b16c08e_1_10,I'm looking for some new music to listen to. How about Ice Cube?,"Let me see, Who else I can find based on the artist Ice Cube? Just one moment. Have you heard of the artist the roots or Gangstar? I will play you something by The Roots. Just one moment. Hold on. Here is the seed by The Roots. What do you think?",train
dlg-88b76254-5704-4f01-bc6b-ef956b16c08e,dlg-88b76254-5704-4f01-bc6b-ef956b16c08e_11_12,This is actually really cool. Can you send me another song by them?,Sure thing. Just one moment. Here is what they do by The Roots.,train
dlg-88b76254-5704-4f01-bc6b-ef956b16c08e,dlg-88b76254-5704-4f01-bc6b-ef956b16c08e_13_16,This sounds really good. Can we do a artist that resembles class animals now?,Please wait for one second. Have you heard of the Savages or Alt-J?,train
dlg-88b76254-5704-4f01-bc6b-ef956b16c08e,dlg-88b76254-5704-4f01-bc6b-ef956b16c08e_17_21,I've heard of All Day but not The Savages.,I will play you something by the Savages. Hold on just a second. Here is Marina and the Diamonds by Savages. This is pretty interesting. Can you send me another song by them? Sure thing. Hold on just a second. Here's Theory of a Deadman by Savages.,train
dlg-88e203c4-d4bb-4218-b345-3ba5ab2881e8,dlg-88e203c4-d4bb-4218-b345-3ba5ab2881e8_2_5,I'd like to listen to some George Jones.,"George Jones performing He Stopped Loving Her Today. I'm sorry, I meant to say Here is George Jones performing he stopped loving her today.",train
dlg-88e203c4-d4bb-4218-b345-3ba5ab2881e8,dlg-88e203c4-d4bb-4218-b345-3ba5ab2881e8_7_8,"Yeah, I like that one. But can you play it by a different artist? Same song, different artist.","Here is Alan Jackson performing the same song, He Stopped Loving Her Today.",train
dlg-88f03537-6b1c-4181-9f12-464b6cab6002,dlg-88f03537-6b1c-4181-9f12-464b6cab6002_0_5,"Hi, can I listen to a song by The Chainsmokers?","Here is The Chainsmokers - Something just like this. Sure, here's The Chainsmokers - Paris. Alright, another song is The Chainsmokers - Don't let me down.",train
dlg-88fe2995-946d-47f7-9e38-3c547ff0b3aa,dlg-88fe2995-946d-47f7-9e38-3c547ff0b3aa_3_7,How about something by Sam smith? Can I hear something else by Sam Smith but just a different song?,Stay With Me by Sam Smith.,train
dlg-88fe2995-946d-47f7-9e38-3c547ff0b3aa,dlg-88fe2995-946d-47f7-9e38-3c547ff0b3aa_8_9,Thank you. Could I hear something by Sam Smith but from a different album?,I'm Not The Only One by Sam Smith -,train
dlg-89174425-d57a-4db7-a92b-165c3bff6735,dlg-89174425-d57a-4db7-a92b-165c3bff6735_1_2,"Hey, can you play a song by Van Halen for me?","""Hot For Teacher"" by Van Halen.",train
dlg-89174425-d57a-4db7-a92b-165c3bff6735,dlg-89174425-d57a-4db7-a92b-165c3bff6735_3_4,"Yeah, I like this song. Could you play something, Sammy Hagar Van Halen?",Best Of Both Worlds by Van Halen.,train
dlg-89174425-d57a-4db7-a92b-165c3bff6735,dlg-89174425-d57a-4db7-a92b-165c3bff6735_5_6,I feel old. Can you play something newer by Van Halen?,Outta Space by Van Halen.,train
dlg-89174425-d57a-4db7-a92b-165c3bff6735,dlg-89174425-d57a-4db7-a92b-165c3bff6735_7_10,"Oh, that one is blocked.",Tattoo by Van Halen.,train
dlg-89174425-d57a-4db7-a92b-165c3bff6735,dlg-89174425-d57a-4db7-a92b-165c3bff6735_1_2__v2,"Hey, Can you play a song by Van Van Halen for me?","""Hot For Teacher"" by Van Halen.",train
dlg-89174425-d57a-4db7-a92b-165c3bff6735,dlg-89174425-d57a-4db7-a92b-165c3bff6735_3_4__v2,"Yeah, I like this song. Could you play something Sammy Heager Van Halen?",Best Of Both Worlds by Van Halen.,train
dlg-89174425-d57a-4db7-a92b-165c3bff6735,dlg-89174425-d57a-4db7-a92b-165c3bff6735_5_6__v2,Wow! I feel old. Can you play something newer by Van Halen?,Outta Space by Van Halen.,train
dlg-89174425-d57a-4db7-a92b-165c3bff6735,dlg-89174425-d57a-4db7-a92b-165c3bff6735_7_10__v2,"Oh, That one is blocked.",Okay. Just one moment. Tattoo by Van Halen. Tattoo by Van Halen.,train
dlg-89222671-d369-4471-811f-461fdf36f799,dlg-89222671-d369-4471-811f-461fdf36f799_1_6,"Hi Assistant, I would like to hear a song by Katy.","Okay, let me find something by Katy Perry. Here is Wide Awake Katy Perry. Here is Katy Perry - I Kissed A Girl.",train
dlg-89222671-d369-4471-811f-461fdf36f799,dlg-89222671-d369-4471-811f-461fdf36f799_7_8,"Thank you. Oh, I really do like that song, however its really not playing for me. Could I hear something by a similar song by a different artist?",Here is Lady Gaga - Bad Romance.,train
dlg-89222671-d369-4471-811f-461fdf36f799,dlg-89222671-d369-4471-811f-461fdf36f799_9_10,Thank you. Assistant that song is awesome but for me can you play me something else somewhere?,Here is Lady Gaga - I'm on the Edge of Glory.,train
dlg-8946bf18-4b50-4ecf-9d48-2e6ab1952aec,dlg-8946bf18-4b50-4ecf-9d48-2e6ab1952aec_1_2,Can you play songs by Bonnie Raitt?,I Can't Make You Love Me by Bonnie Raitt.,train
dlg-8946bf18-4b50-4ecf-9d48-2e6ab1952aec,dlg-8946bf18-4b50-4ecf-9d48-2e6ab1952aec_3_5,Can you pick a different song? It didn't work.,Love Me Like a Man by Bonnie Raitt.,train
dlg-8946bf18-4b50-4ecf-9d48-2e6ab1952aec,dlg-8946bf18-4b50-4ecf-9d48-2e6ab1952aec_6_11,Can you play a song like this one by somebody else?,Hurt So Bad by Susan Tedeschi. A Song For You by Susan Tedeschi.,train
dlg-894e5c6f-3271-4388-9a8a-96388f3c3ca2,dlg-894e5c6f-3271-4388-9a8a-96388f3c3ca2_2_4,I'm looking for some music to listen to. Can you play something by Ramona Wulf?,"Ramona Wulf performs ""Parlez-Moi D'Amour.""",train
dlg-894e5c6f-3271-4388-9a8a-96388f3c3ca2,dlg-894e5c6f-3271-4388-9a8a-96388f3c3ca2_6_9,What sound? Can you find something a little bit older for me?,Ramona Wulf - Das weiss der Himmel allein 1973.,train
dlg-894e5c6f-3271-4388-9a8a-96388f3c3ca2,dlg-894e5c6f-3271-4388-9a8a-96388f3c3ca2_10_15,This is the classic.,"Ramona (Wulf) & The Paris Girls Performing ""BODY Beat"" (1986).",train
dlg-89678836-d29f-46ad-9731-0600bb7e20d1,dlg-89678836-d29f-46ad-9731-0600bb7e20d1_1_2,Can you play me the Immigrant Song by Led Zeppelin?,Immigrant Song.,train
dlg-89678836-d29f-46ad-9731-0600bb7e20d1,dlg-89678836-d29f-46ad-9731-0600bb7e20d1_3_4,"Probably, the best intro to any song. Alright. Now, can you play me Tom Sawyer by Rush, I think?",Rush-Tom Sawyer.,train
dlg-89678836-d29f-46ad-9731-0600bb7e20d1,dlg-89678836-d29f-46ad-9731-0600bb7e20d1_5_6,Also one of the better beginnings to any song and can you play Teenage Wasteland at the Who?,Teenage Wasteland lyrics.,train
dlg-897791c3-a8a3-478f-af7f-112910e57563,dlg-897791c3-a8a3-478f-af7f-112910e57563_1_2,I would like to browse music to listen to. I want to listen to Katy Perry.,"Okay, searching songs by Katy Perry. How does Katy Perry - Swish Swish sound?",train
dlg-897791c3-a8a3-478f-af7f-112910e57563,dlg-897791c3-a8a3-478f-af7f-112910e57563_4_5,"Yeah, I love that song. It's a really good song. It's like one of my favorites. Could you switch it up and play maybe something from her older album?",How does Katy Perry - The One That Got Away sound?,train
dlg-897791c3-a8a3-478f-af7f-112910e57563,dlg-897791c3-a8a3-478f-af7f-112910e57563_7_10,"Oh, yeah. I like that song a lot. That's really one of my top favorites. I want to hear something where she has a duet. Play me a song with a Katy Perry duet.",How does ohn Mayer - Who You Love ft. Katey Perry sound?,train
dlg-89bc0d70-693c-4b7c-821b-3e13976b8794,dlg-89bc0d70-693c-4b7c-821b-3e13976b8794_0_3,Hey. Could I listen to some Thrice?,"Here's the song from the album Beggars. Yeah, sure. Here's the song Black Honey by Thrice.",validation
dlg-89bc0d70-693c-4b7c-821b-3e13976b8794,dlg-89bc0d70-693c-4b7c-821b-3e13976b8794_4_9,Could I listen to some music from the album Beggars? I don't really like this song. Can I get maybe Circles?,Okay. Here's the song Circles. Here's the song Rockin' with the Best. How did you liked the song?,validation
dlg-8a149901-4c99-4b56-8e57-a83392eea9a6,dlg-8a149901-4c99-4b56-8e57-a83392eea9a6_1_2,"Hello, please play a track by the artist Eminem so, I can listen to the music, please.",Okay. This will be just be a second. Rap God by Eminem.,train
dlg-8a149901-4c99-4b56-8e57-a83392eea9a6,dlg-8a149901-4c99-4b56-8e57-a83392eea9a6_4_5,I appreciate how confident Eminem is in this rap. It lends credibility to the music. Can you please change the track? I would like to listen to something from much earlier in Eminem's career. I also appreciate how Eminem uses repetition in order to get his point across during this rap. Can you please play a different track? I would like to listen to a song in which Eminem duets with another artist.,"Hold, One moment. The Monster by Eminem ft. Rihanna. You're welcome.",train
dlg-8a7e714d-2808-46f8-8994-665541855c8a,dlg-8a7e714d-2808-46f8-8994-665541855c8a_0_3,"Hello, I'd like some help with rehearsing the music of the Backstreet Boys.","Hi, here's your song I Want It That Way by Backstreet Boys. Here's the song Larger than Life by The Backstreet Boys from the album Millennium.",train
dlg-8a7e714d-2808-46f8-8994-665541855c8a,dlg-8a7e714d-2808-46f8-8994-665541855c8a_4_5,"Okay, another excellent choice. How about something from a newer album though?",Here's a song from their newest album in a world like this by Backstreet Boys.,train
dlg-8a86611c-7ea8-467f-a939-f0e2283e9698,dlg-8a86611c-7ea8-467f-a939-f0e2283e9698_2_7,I'd like to listen to Travis Scott.,Travis Scott - Antidote. Travis Scott - goosebumps ft. Kendrick Lamar.,train
dlg-8a86611c-7ea8-467f-a939-f0e2283e9698,dlg-8a86611c-7ea8-467f-a939-f0e2283e9698_8_10,Can I listen to the same song by Jeffer Audreys?,GOOSEBUMPS (REMIX).,train
dlg-8a86611c-7ea8-467f-a939-f0e2283e9698,dlg-8a86611c-7ea8-467f-a939-f0e2283e9698_11_12,Okay I have the one that's playing. Can I listen to the same song by a different artist?,Travis Scott - goosebumps (Madeline Lauer Remix Cover) (Official Video).,train
dlg-8a9ad286-dc36-4f26-83e3-c8cdba458333,dlg-8a9ad286-dc36-4f26-83e3-c8cdba458333_1_4,"Hi, today I need some help finding music to listen to. I'm looking to listen to a song by Bonobo. It's called Change Down. And spell that, it's b o n o b o.","Sure, let me find a change down by Bonobo. Here is Bonobo - Change down.",train
dlg-8a9ad286-dc36-4f26-83e3-c8cdba458333,dlg-8a9ad286-dc36-4f26-83e3-c8cdba458333_7_8,"Awesome. This is one of the best it's hard to say what kind of music they make. As a specific genre, but it's like ambient, electronic, jazz kind of mix and stuff. It's pretty cool.",Very relaxing.,train
dlg-8a9ad286-dc36-4f26-83e3-c8cdba458333,dlg-8a9ad286-dc36-4f26-83e3-c8cdba458333_9_12,Yeah. He makes some good stuff. And this is on the Dial 'M' for Monkey album or is like an EP? I'd like to hear another song by him. It's called Kiara.,"Sure, let me find Kiara. Here is Bonobo - Kiara.",train
dlg-8a9ad286-dc36-4f26-83e3-c8cdba458333,dlg-8a9ad286-dc36-4f26-83e3-c8cdba458333_15_18,"Thank you. This is an awesome song, it started the Black Sands album. I'll skip the intro so guess here we go. It's got a really good beat to it. So, that's pretty cool. I'll like to here one more song by Bonobo called Eyesdown.","Sure, let me find Eyesdown for you. Here is Bonobo - Eyesdown.",train
dlg-8ae5a711-0a54-45f4-97d2-e177f39b25f8,dlg-8ae5a711-0a54-45f4-97d2-e177f39b25f8_1_3,"Hi, can I hear something from the Smashing Pumpkins?",Smashing Pumpkins - Tarantula.,train
dlg-8ae5a711-0a54-45f4-97d2-e177f39b25f8,dlg-8ae5a711-0a54-45f4-97d2-e177f39b25f8_4_10,"I really like this song, but can you play another song from Smashing Pumpkin?",1979-Smashing Pumpkins. Smashing Pumpkins - 1979 (DJ Slink Remix).,train
dlg-8ae5a711-0a54-45f4-97d2-e177f39b25f8,dlg-8ae5a711-0a54-45f4-97d2-e177f39b25f8_11_13,"I don't really like this one. Actually, can you switch it to Neutral Milk Hotel?",Neutral Milk Hotel - In The Aeroplane Over The Sea.,train
dlg-8aea41c0-a64d-4ec6-8712-e2b0dce5b9b7,dlg-8aea41c0-a64d-4ec6-8712-e2b0dce5b9b7_0_5,"Hello, Can you play something from the band Creed?",Creed - Higher. Creed - Higher. Here is the video which you are looking.,train
dlg-8aea41c0-a64d-4ec6-8712-e2b0dce5b9b7,dlg-8aea41c0-a64d-4ec6-8712-e2b0dce5b9b7_6_7,"No, I don't want this one. Can you play something more poignant?",Creed - A Prayer for Sunrise.,train
dlg-8af4dab6-e0b3-4507-8e22-519739eb24de,dlg-8af4dab6-e0b3-4507-8e22-519739eb24de_4_7,Maybe somebody like David Bowie.,Have you heard of Leonard Cohen before? Here's the song Hallelujah by Leonard Cohen.,test
dlg-8af4dab6-e0b3-4507-8e22-519739eb24de,dlg-8af4dab6-e0b3-4507-8e22-519739eb24de_8_15,"Oh, that was pretty good.",Have you heard of James Taylor before? Here's the song Fire and Rain by James Taylor.,test
dlg-8b15b37e-e687-480c-a256-3516811edeaf,dlg-8b15b37e-e687-480c-a256-3516811edeaf_2_4,"Hi, today I need your help finding music to listen to. I'm in the mood for holiday music to listen to. I'm looking for something that sounds kind of jazzy, probably like Jingle Bells, but as a jazz version of it.",Here's Kem - A Christmas Song For You.,validation
dlg-8b15b37e-e687-480c-a256-3516811edeaf,dlg-8b15b37e-e687-480c-a256-3516811edeaf_6_8,"Cool, now I like to hear some Halloween music, something that's kind of upbeat.",Here's Michael Jackson - Thriller.,validation
dlg-8b15b37e-e687-480c-a256-3516811edeaf,dlg-8b15b37e-e687-480c-a256-3516811edeaf_9_11,"Okay, yeah. That's a pretty good song. That's a classic one.",Great for Halloween.,validation
dlg-8b392567-f4b9-4bbc-8e8c-c16c45bb9586,dlg-8b392567-f4b9-4bbc-8e8c-c16c45bb9586_1_5,Can you play August Burns Red's Composing? Can you play August Burns Red?,Here is the song Composed by August Burns Red.,train
dlg-8b392567-f4b9-4bbc-8e8c-c16c45bb9586,dlg-8b392567-f4b9-4bbc-8e8c-c16c45bb9586_6_7,"Awesome. Can you play something newer by August Burns Red, please?",How about Invisible Enemy by August Burns Red?,train
dlg-8b392567-f4b9-4bbc-8e8c-c16c45bb9586,dlg-8b392567-f4b9-4bbc-8e8c-c16c45bb9586_9_10,"Awesome, this is great. Can you play some of Katy Perry's songs, please?","Here is the song, Roar by Katy Perry.",train
dlg-8b4ff377-957a-476e-9c86-928ffbf63c5c,dlg-8b4ff377-957a-476e-9c86-928ffbf63c5c_0_4,"Hi. I'd like to browse some New-to-Me music, please. Norah Jones.",Have you heard the artist Diana Krall?,train
dlg-8b64b570-b648-4913-b0ed-d73bc03f7462,dlg-8b64b570-b648-4913-b0ed-d73bc03f7462_1_2,"Hi Assistant, I'd like to hear some music by Cyndi Lauper.",Here is True Colors by Cyndi Lauper.,train
dlg-8b64b570-b648-4913-b0ed-d73bc03f7462,dlg-8b64b570-b648-4913-b0ed-d73bc03f7462_5_6,"Assistant, I really like the song but can I hear something that is older, Older material?",Here is Cyndi Lauper - I Drove All Night.,train
dlg-8b64b570-b648-4913-b0ed-d73bc03f7462,dlg-8b64b570-b648-4913-b0ed-d73bc03f7462_9_12,"Assistant, I don't really like what's playing. I would like to hear older material.",Here is Cyndi Lauper - Girls Just Want To Have Fun.,train
dlg-8b9639b5-de51-49fc-a062-67b8fa32542f,dlg-8b9639b5-de51-49fc-a062-67b8fa32542f_1_6,Can you help me find artists like Peter Hollens?,"Sure, Peter Hollens you said? Oh, okay. Have you heard of Veridia? Veridia - We are the Brave.",train
dlg-8b9639b5-de51-49fc-a062-67b8fa32542f,dlg-8b9639b5-de51-49fc-a062-67b8fa32542f_7_8,Do they have any that are a little bit more slower-paced?,"Let me check, Veridia - Mechanical Planet.",train
dlg-8b9639b5-de51-49fc-a062-67b8fa32542f,dlg-8b9639b5-de51-49fc-a062-67b8fa32542f_9_14,These are all a little bit too metal.,Okay. Have you heard of Tyler Ward? Dua Lipa - New Rules (Tyler Ward Acoustic Cover). Let me check. Yellowcard - Ocean Avenue (Tyler Ward & Jada Facer Cover).,train
dlg-8b96ab68-3b8e-413e-91f1-1bb9b825cfe8,dlg-8b96ab68-3b8e-413e-91f1-1bb9b825cfe8_3_11,I like Post Malone.,"Have you heard artist Joey Fatts? Here is your song, ""Count"" by Joey Fatts. Have you heard of an artist named Playboi Carti? Here is your song. ""Magnolia"" by Playboi Carti.",train
dlg-8b97b2dd-3ced-4785-b255-5bbdb1acacd0,dlg-8b97b2dd-3ced-4785-b255-5bbdb1acacd0_0_2,"Hi, I'd like some help browsing a new music, please.",I would love to help you find new music. Give me an artist you like and I'll find someone similar.,train
dlg-8b97b2dd-3ced-4785-b255-5bbdb1acacd0,dlg-8b97b2dd-3ced-4785-b255-5bbdb1acacd0_3_6,Excellent. I like Lady Antebellum.,Have you heard the band Pistol Annies before? Here's the song Hell on Heels by Pistol Annies.,train
dlg-8b97b2dd-3ced-4785-b255-5bbdb1acacd0,dlg-8b97b2dd-3ced-4785-b255-5bbdb1acacd0_7_10,That was pretty good.,Here's Hush Hush by Pistol Annies.,train
dlg-8b97b2dd-3ced-4785-b255-5bbdb1acacd0,dlg-8b97b2dd-3ced-4785-b255-5bbdb1acacd0_13_15,"That's pretty good. I like that. Upbeat, a little bit of attitude.",Would you like to hear another similar artist or another song from Pistol Annies? Here's the song Bad examples by Pistol Annies.,train
dlg-8b9bce63-18c5-4c81-9a1e-25b2a264fcaf,dlg-8b9bce63-18c5-4c81-9a1e-25b2a264fcaf_0_7,"Hi, can you help me find an artist like Mumford & Sons?",Have you heard of the band Matthew and the Atlas before? Here's the song A long year by Matthew and the Atlas.,train
dlg-8b9bce63-18c5-4c81-9a1e-25b2a264fcaf,dlg-8b9bce63-18c5-4c81-9a1e-25b2a264fcaf_9_10,"Okay, I like this. Can I hear another song by them to get a better feel of their range?",Here's the song On a Midnight Street by Matthew and the Atlas.,train
dlg-8b9bce63-18c5-4c81-9a1e-25b2a264fcaf,dlg-8b9bce63-18c5-4c81-9a1e-25b2a264fcaf_12_17,"Okay, and can I hear another band maybe like them? One that's a younger voice.","Have you heard of the band Two Door Cinema Club, before? Here's the song What You Know by Two Door Cinema Club.",train
dlg-8b9bce63-18c5-4c81-9a1e-25b2a264fcaf,dlg-8b9bce63-18c5-4c81-9a1e-25b2a264fcaf_18_19,Do they have any songs that have a slightly less CoppaFeel?,Here's the song Handshake by Two Door Cinema Club.,train
dlg-8bb3a003-8a4c-4792-a8e7-fe8004535647,dlg-8bb3a003-8a4c-4792-a8e7-fe8004535647_0_1,Can I hear something by Florence and the Machine?,"Yes, here's the song Hunger by Florence and the Machine.",train
dlg-8bb3a003-8a4c-4792-a8e7-fe8004535647,dlg-8bb3a003-8a4c-4792-a8e7-fe8004535647_2_8,Can I hear something from the album Ceremonials by the artist Florence and the Machine?,Here's Leave My Body from the album Ceremonials by the artist Florence and the Machine. Here's Only If For A Night from the album Ceremonials by the artist Florence and the Machine.,train
dlg-8bf20376-22e7-4829-8287-1aa070247a77,dlg-8bf20376-22e7-4829-8287-1aa070247a77_1_5,Can I listen to 1975? Can I listen to The 1975?,Here's the song Somebody Else by the 1975.,validation
dlg-8bf20376-22e7-4829-8287-1aa070247a77,dlg-8bf20376-22e7-4829-8287-1aa070247a77_6_7,Can I listen to an older song by them?,Here's the song Robbers by the 1975.,validation
dlg-8bf20376-22e7-4829-8287-1aa070247a77,dlg-8bf20376-22e7-4829-8287-1aa070247a77_8_9,Can I listen to another song by them which is old?,Here's the song Medicine by the 1975.,validation
dlg-8bf56e20-9c91-4c5c-9deb-e05053ffd786,dlg-8bf56e20-9c91-4c5c-9deb-e05053ffd786_3_6,Could you help me to find something by Jason Mraz? Jason Mraz.,Okay. Here is Jason Mraz & Colbie Caillat with Lucky.,train
dlg-8bf56e20-9c91-4c5c-9deb-e05053ffd786,dlg-8bf56e20-9c91-4c5c-9deb-e05053ffd786_7_12,"Are you looking for the Jason Mraz? I love that song, it has the best melody. But, this time could you find me something that's just Jason by himself not a collaboration or a dual?",Here is Jason Mraz - I Won't Give Up.,train
dlg-8bf56e20-9c91-4c5c-9deb-e05053ffd786,dlg-8bf56e20-9c91-4c5c-9deb-e05053ffd786_13_14,"That's my favorite song from him, thank you so much. Can I listen to something from Jason that's one of his earlier songs?",Here is Jason Mraz - I'm Yours.,train
dlg-8c1c062e-a41c-4e99-bfe8-274fe1e9fe6d,dlg-8c1c062e-a41c-4e99-bfe8-274fe1e9fe6d_1_2,"Hi, today I need your help in finding music to listen to. I'm looking for a song by the band Oasis, its called Supersonic.",Here is Oasis - Supersonic.,validation
dlg-8c1c062e-a41c-4e99-bfe8-274fe1e9fe6d,dlg-8c1c062e-a41c-4e99-bfe8-274fe1e9fe6d_3_5,"Awesome, thank you. It's a pretty classic song, they are pretty old and female, but people still believe that they were one of the best. I would like to hear another song by Oasis it's called Gas Panic.",Here is Oasis- Gas panic.,validation
dlg-8c1c062e-a41c-4e99-bfe8-274fe1e9fe6d,dlg-8c1c062e-a41c-4e99-bfe8-274fe1e9fe6d_8_9,"Pretty good lyrics too. Now, I like to hear one song by Oasis. It's called Some Might Say.",Here is Some might Say - Oasis.,validation
dlg-8c44a320-4ec8-4014-a9c3-38520da46908,dlg-8c44a320-4ec8-4014-a9c3-38520da46908_0_17,"Hi, I would love to hear some music by Barry Manilow.",This One is For You by Barry Manilow. You want to hear a similar artists like Barry Manilo? Sailing by Christopher Cross. Glor Of Love by Peter Cetera.,train
dlg-8c462b87-9349-45e3-9126-c4cc2a430ee8,dlg-8c462b87-9349-45e3-9126-c4cc2a430ee8_1_5,"Hi, can I hear a song by Weezer?",Here's the song Mexican Fender by Weezer. Here's the song Hash Pipe by Weezer.,train
dlg-8c462b87-9349-45e3-9126-c4cc2a430ee8,dlg-8c462b87-9349-45e3-9126-c4cc2a430ee8_7_8,"All right, can I get a song by Green Day now?",Here's the song Wake Me Up When September Ends by Green Day.,train
dlg-8c47ad1d-8a9e-4f56-9d4d-c1400860cf56,dlg-8c47ad1d-8a9e-4f56-9d4d-c1400860cf56_1_3,Hi! Today I need some help finding music to listen. I'm looking for a song by Radiohead and it's called In Limbo.,Here is Radiohead - In Limbo.,train
dlg-8c47ad1d-8a9e-4f56-9d4d-c1400860cf56,dlg-8c47ad1d-8a9e-4f56-9d4d-c1400860cf56_8_10,"A pretty classic song here. Always like their sound, kind of unique.",Unique indeed.,train
dlg-8c47ad1d-8a9e-4f56-9d4d-c1400860cf56,dlg-8c47ad1d-8a9e-4f56-9d4d-c1400860cf56_11_14,"And their new album was just like some of this earlier stuff. Now I like to hear a song of their new album. Pretty, I like to hear Glass Eyes.",Here is Radiohead- Glass Eyes.,train
dlg-8c47ad1d-8a9e-4f56-9d4d-c1400860cf56,dlg-8c47ad1d-8a9e-4f56-9d4d-c1400860cf56_17_27,"The new album is pretty good to listen though, it's calm and nothing too heavy. Yeah, it's pretty good. No, nothing too hectic. Now I like to hear another song by them, another new album it's called Day Dreaming.",Here is Radiohead - Daydreaming. This is a great song.,train
dlg-8c7401c7-6b7b-43fd-8051-73399d238c6e,dlg-8c7401c7-6b7b-43fd-8051-73399d238c6e_2_12,I'm looking to discover some new music to listen to. Paul Simon.,Have you heard of an artist named Peter Gabriel? Similar to Peter Gabriel? Have you heard of the artist named Tom Waits?,train
dlg-8c8ea1e9-fe6a-4bb0-ab8d-0e7cc51ec397,dlg-8c8ea1e9-fe6a-4bb0-ab8d-0e7cc51ec397_4_15,"Can you play some newer Metallica, please?",Metallica: Hardwired. Metallica - Wherever I May Roam.,train
dlg-8ca039d2-a5f9-4031-8556-8915c4456f84,dlg-8ca039d2-a5f9-4031-8556-8915c4456f84_0_1,I'm going to go browse for some music to listen to. How about something from Queen?,"Sure, let me find a Queen song for you. Hold on a second.",train
dlg-8ca039d2-a5f9-4031-8556-8915c4456f84,dlg-8ca039d2-a5f9-4031-8556-8915c4456f84_2_9,"All right, cool. We got the cool holy music, at least.","Here is Somebody to Love by Queen. I will share it with you. Sure, wait for a second. Here is Fat Bottom Girls by Queen. Here is the Prophet's Song by Queen from their first album which I am sharing with you.",train
dlg-8ca039d2-a5f9-4031-8556-8915c4456f84,dlg-8ca039d2-a5f9-4031-8556-8915c4456f84_10_13,"Cool! No, it's your machine that doesn't want us to listen to it. It's blocked.",Here is Death On Two Legs from the album Night at the Opera by Queen which I will share with you.,train
dlg-8d188e2d-3e00-40eb-b65e-94d32409acb3,dlg-8d188e2d-3e00-40eb-b65e-94d32409acb3_0_2,"I would like to listen to some R&B music, please.",Here is R. Kelly performing Trapped in the Closet Chapter 1.,train
dlg-8d188e2d-3e00-40eb-b65e-94d32409acb3,dlg-8d188e2d-3e00-40eb-b65e-94d32409acb3_3_4,I'd prefer to hear some soul R&B now.,Here is Jill Scott performing Long Walk.,train
dlg-8d188e2d-3e00-40eb-b65e-94d32409acb3,dlg-8d188e2d-3e00-40eb-b65e-94d32409acb3_5_6,Can I now hear some Motown R&B music?,Here is your song Supremes performing Where Did Our Love Go.,train
dlg-8d188e2d-3e00-40eb-b65e-94d32409acb3,dlg-8d188e2d-3e00-40eb-b65e-94d32409acb3_7_8,Can you play some contemporary R&B music now?,Here is John Legend performing Ordinary People.,train
dlg-8d188e2d-3e00-40eb-b65e-94d32409acb3,dlg-8d188e2d-3e00-40eb-b65e-94d32409acb3_10_11,"Oh. My favorite is The Supremes, Where Did Our Love Go because I like the lead vocalist's voice and she just sounds so great while singing.","I'd agree, Aretha Franklin's voice is amazing.",train
dlg-8d2d47cb-19ef-45a1-9b36-7273f9ec9be7,dlg-8d2d47cb-19ef-45a1-9b36-7273f9ec9be7_0_2,"Hey, I like to hear a song by The Beach Boys.",Playing Kokomo by The Beach Boys.,train
dlg-8d2d47cb-19ef-45a1-9b36-7273f9ec9be7,dlg-8d2d47cb-19ef-45a1-9b36-7273f9ec9be7_4_6,I actually want to hear something older by them. Can you play me an older song?,Playing Don't Worry Baby by The Beach Boys.,train
dlg-8d2d47cb-19ef-45a1-9b36-7273f9ec9be7,dlg-8d2d47cb-19ef-45a1-9b36-7273f9ec9be7_7_8,"Actually, I would like to hear Surfer Girl by The Beach Boys.",Playing Surfer Girl by The Beach Boys.,train
dlg-8d56ca5b-bd94-4b68-9e11-2005a7e0a545,dlg-8d56ca5b-bd94-4b68-9e11-2005a7e0a545_0_4,"Could you play Little Mix song by Little Mix? Yes, Little Mix.","How do you spell it, for some reason I'm having trouble bringing him up.",train
dlg-8d56ca5b-bd94-4b68-9e11-2005a7e0a545,dlg-8d56ca5b-bd94-4b68-9e11-2005a7e0a545_5_11,"Little Mix litt. Play me new artsit that, I like that song but play me something else that's kind of new like a new artist.",How about stooshe? Here is stooshe black heart.,train
dlg-8d56ca5b-bd94-4b68-9e11-2005a7e0a545,dlg-8d56ca5b-bd94-4b68-9e11-2005a7e0a545_13_15,"Well, that's a cool one actually play me one more that's somebody else, play me a different artist that's like them. Play me one more new artist.",Here is high school song East Side.,train
dlg-8d56ca5b-bd94-4b68-9e11-2005a7e0a545,dlg-8d56ca5b-bd94-4b68-9e11-2005a7e0a545_16_18,"Oh, yeah, like that one play me one more by a new person. Play me something kind of like the new like another different one.",Here is Sister Act 2 Oh Happy Day.,train
dlg-8d72ee05-1372-4c3c-861d-31c29ccce338,dlg-8d72ee05-1372-4c3c-861d-31c29ccce338_0_1,"I would like to hear some rock music, please.",Here's AC/DC - Dirty Deeds Done Dirt Cheap.,train
dlg-8d72ee05-1372-4c3c-861d-31c29ccce338,dlg-8d72ee05-1372-4c3c-861d-31c29ccce338_2_3,Can I hear some punk rock music?,Here's Ramones - I Wanna Be Sedated.,train
dlg-8d72ee05-1372-4c3c-861d-31c29ccce338,dlg-8d72ee05-1372-4c3c-861d-31c29ccce338_4_7,Can I hear some rockabilly music? Rockabilly.,Here's The Baseballs - Candy Shop.,train
dlg-8d72ee05-1372-4c3c-861d-31c29ccce338,dlg-8d72ee05-1372-4c3c-861d-31c29ccce338_8_9,Can I hear some alternative rock music?,Here's Chuck Berry - You Never Can Tell.,train
dlg-8dab7c3a-27fe-4b0c-bc07-d327b8a687f9,dlg-8dab7c3a-27fe-4b0c-bc07-d327b8a687f9_4_7,"I would like to listen to some Jaden Smith, please.",Jaden Smith. Let me see what I can find for you? Here is the song called Batman by Jaden Smith.,train
dlg-8dab7c3a-27fe-4b0c-bc07-d327b8a687f9,dlg-8dab7c3a-27fe-4b0c-bc07-d327b8a687f9_9_11,"Can you play something else? A different song by Jaden Smith, please?",How about the song Icon by Jaden Smith?,train
dlg-8e2178d4-6f11-459c-b7e0-ce2815a744fb,dlg-8e2178d4-6f11-459c-b7e0-ce2815a744fb_3_8,"Terry Wells. I know, I haven't heard of Ted Taylor.",Here's My Key Jumped Back In My Hand by Ted Taylor.,train
dlg-8e2178d4-6f11-459c-b7e0-ce2815a744fb,dlg-8e2178d4-6f11-459c-b7e0-ce2815a744fb_10_11,He's good talented. Can you play something else by Ted Taylor?,Here's Steal Away by Ted Taylor.,train
dlg-8e2178d4-6f11-459c-b7e0-ce2815a744fb,dlg-8e2178d4-6f11-459c-b7e0-ce2815a744fb_12_15,"I think I found a new artist to put into my rotation, can you play something by Walter Bishop Jr.? Jane Russell, let's play.",Here's Too Close for Comfort by Jane Russell.,train
dlg-8e2178d4-6f11-459c-b7e0-ce2815a744fb,dlg-8e2178d4-6f11-459c-b7e0-ce2815a744fb_16_20,Can you find anything else played Mr. Rascal? It's a cute song.,Here's Norwegian Wood by Jane Russell.,train
dlg-8e365768-0a65-41c0-8331-3462463e1a96,dlg-8e365768-0a65-41c0-8331-3462463e1a96_0_6,"Hi, Could you help me find some music to listen to? Could I hear something from Jill Scott?",Here's the Jill Scott - The Way.,train
dlg-8e365768-0a65-41c0-8331-3462463e1a96,dlg-8e365768-0a65-41c0-8331-3462463e1a96_7_9,Very nice. Could I hear another song also by Jill Scott?,"Here's the Jill Scott Sings ""Strange Fruit"".",train
dlg-8e365768-0a65-41c0-8331-3462463e1a96,dlg-8e365768-0a65-41c0-8331-3462463e1a96_10_13,"Okay, Can I hear another song by Jill Scott? But this time something that's a little more uptempo?",Here's the Jill Scott - Hear My Call.,train
dlg-8e539b73-2a2a-494f-8a3b-04640b3bac7a,dlg-8e539b73-2a2a-494f-8a3b-04640b3bac7a_2_3,George Jones. He is my favorite.,"Okay, have you ever heard of Mary Haggard or Brenda Lee?",train
dlg-8e539b73-2a2a-494f-8a3b-04640b3bac7a,dlg-8e539b73-2a2a-494f-8a3b-04640b3bac7a_6_7,Do what you got there. In German. Yeah. Can you play something a little bit different. Maybe in the same category.,"Sure, Have you ever heard of Patsy Cline Crazy?",train
dlg-8e56ac29-a3aa-48c5-b0d1-0e344ea7037e,dlg-8e56ac29-a3aa-48c5-b0d1-0e344ea7037e_2_8,"Randy Travis, you know Randy Travis?","Have you ever heard of Earl Thomas Conley or Amy correia? Okay, here is Earl Thomas Conley holding her and loving you. Sure, here is a song called High School Never Ends by Bowling for Soup.",train
dlg-8e687851-64f0-4940-ab6e-7805151046a1,dlg-8e687851-64f0-4940-ab6e-7805151046a1_1_4,I like to listen to music. I need some relaxing music. Maybe something by Amy Winehouse.,Heres Nas - Cherry Wine (Explicit) ft.,train
dlg-8e687851-64f0-4940-ab6e-7805151046a1,dlg-8e687851-64f0-4940-ab6e-7805151046a1_5_6,"Very good choice. Now, I need a song from the traditional jazz genre.",Heres Miles Davis - The Doo Bop Song.,train
dlg-8ee98b5e-78f2-44f8-b059-a152726e3e82,dlg-8ee98b5e-78f2-44f8-b059-a152726e3e82_1_4,"Yeah, I was wondering if you could play me some pop music.",How about some Katy Perry- Fireworks?,train
dlg-8ee98b5e-78f2-44f8-b059-a152726e3e82,dlg-8ee98b5e-78f2-44f8-b059-a152726e3e82_6_9,Okay. I like that one. That one's pretty good. It's one of the older ones. How about Doesn't she have a new album? I want something of Something newer by her would be good.,She does have that new single Swish Swish. How about that one? Katy Perry-Swish Swish.,train
dlg-8ee98b5e-78f2-44f8-b059-a152726e3e82,dlg-8ee98b5e-78f2-44f8-b059-a152726e3e82_10_11,"Okay. That's pretty good. I don't think I like it as good as I liked the first one, but how about something else maybe something by somebody that's like a top 10 either this week or in the last month one of the top 10 pop song?",How about Imagine Dragons?,train
dlg-8ee98b5e-78f2-44f8-b059-a152726e3e82,dlg-8ee98b5e-78f2-44f8-b059-a152726e3e82_13_16,"Okay, that's pretty good. It's got a nice beat to it. How about another top 10 one?","Maybe some Ed Sheeran. His song ""Perfect"" is currently number 5. It's a bit slower than the previous songs.",train
dlg-8efd98bb-7914-443f-b76f-dd9a86df3d70,dlg-8efd98bb-7914-443f-b76f-dd9a86df3d70_1_6,"Hi, I need help finding some new music that's related to an artist that sounds similar to Machine Gun Kelly.",Have you heard of the artist named Chris Webby? Here's Raw Thoughts by Chris Webby.,train
dlg-8efd98bb-7914-443f-b76f-dd9a86df3d70,dlg-8efd98bb-7914-443f-b76f-dd9a86df3d70_7_12,"He reminds me of Andy Mineo. The beats sounds pretty good. His rapping doesn't sound too bad. He actually sounds like Snak the Ripper. Okay, that's pretty cool. I like Chris Webby, a little bit. I'd like to hear another artist that's similar to Machine Gun Kelly as well or it's similar to Chris Webby, too.",Have you heard of artist named Dizzy Wright?,train
dlg-8efd98bb-7914-443f-b76f-dd9a86df3d70,dlg-8efd98bb-7914-443f-b76f-dd9a86df3d70_13_14,I've never heard of Dizzy Wright. You can play some of that.,"Here's RAW Cypher by Like, Sir Michael Rocks, Mod Sun and Dizzy Wright.",train
dlg-8efd98bb-7914-443f-b76f-dd9a86df3d70,dlg-8efd98bb-7914-443f-b76f-dd9a86df3d70_15_16,"I like the samples that they used. It's always a stable and a lot of hip hop and rap. It's pretty good beat in this one, too.",Do you want to hear another song by Dizzy Wright?,train
dlg-8f311732-8c44-43d0-aa55-4263310d5327,dlg-8f311732-8c44-43d0-aa55-4263310d5327_2_3,I'd like to hear some music by Taylor Swift.,Taylor Swift - Ready For It?,train
dlg-8f311732-8c44-43d0-aa55-4263310d5327,dlg-8f311732-8c44-43d0-aa55-4263310d5327_4_5,This song is okay. Show me older music by this musician?,Untouchable Taylor Swift lyrics.,train
dlg-8f311732-8c44-43d0-aa55-4263310d5327,dlg-8f311732-8c44-43d0-aa55-4263310d5327_6_7,This song is good. Show me newer music by this musician?,End Game.,train
dlg-8f311732-8c44-43d0-aa55-4263310d5327,dlg-8f311732-8c44-43d0-aa55-4263310d5327_8_9,I didn't like this song as much. Show me music from a different album by this musician?,Taylor Swift Style lyrics 2.,train
dlg-8f3d266a-044b-478a-ba58-5b35fe4166a2,dlg-8f3d266a-044b-478a-ba58-5b35fe4166a2_1_3,Hello assistant. I'd like to hear some music by Barry Manilow.,Barry Manilow - Looks Like We Made It.,train
dlg-8f3d266a-044b-478a-ba58-5b35fe4166a2,dlg-8f3d266a-044b-478a-ba58-5b35fe4166a2_6_8,"Assistant, thank you for the song. I like it, but could I hear something a little bit more upbeat?",Barry Manilow - This One's For You.,train
dlg-8f3d266a-044b-478a-ba58-5b35fe4166a2,dlg-8f3d266a-044b-478a-ba58-5b35fe4166a2_10_13,"Thank you, assistant. Could I hear one more Barry Manilow song? Maybe more upbeat.",Ready to Take a Chance Again -- Barry Manilow.,train
dlg-8f530db0-5cbd-4957-9b32-40c7f556aa5e,dlg-8f530db0-5cbd-4957-9b32-40c7f556aa5e_2_5,I'd like to listen to some Gary Allan.,Right Where I Need To Be by Gary Allan. Tough Little Boys by Gary Allan.,train
dlg-8f530db0-5cbd-4957-9b32-40c7f556aa5e,dlg-8f530db0-5cbd-4957-9b32-40c7f556aa5e_6_7,That's pretty typical given what's going on these days. How about something newer though?,Mess Me Up by Gary Allan.,train
dlg-8f6d8501-c9ff-4310-b772-47f2da7feae4,dlg-8f6d8501-c9ff-4310-b772-47f2da7feae4_2_3,Today I need your help finding music to listen to. I have some music in mind. I'm looking for a song called Kiara by Bonobo.,Here's the song Kiara by Bonobo.,train
dlg-8f6d8501-c9ff-4310-b772-47f2da7feae4,dlg-8f6d8501-c9ff-4310-b772-47f2da7feae4_5_6,Great. Now I would like to hear another song by Bonobo. It's called Pick Up.,Here's the song you requested Pick Up by Bonobo.,train
dlg-8f6d8501-c9ff-4310-b772-47f2da7feae4,dlg-8f6d8501-c9ff-4310-b772-47f2da7feae4_8_11,"Is it like a lot of good songs that you know, will get you going good to do chores? He mix a lot of stuff with jazz and some other elements like that. That's what I like about it. Now, I would like to hear another song by Bonobo. It's called Kota Kota.",Here's the song you requested by Bonobo.,train
dlg-8f70d106-0b7a-4c28-8126-bd3e1b6659fb,dlg-8f70d106-0b7a-4c28-8126-bd3e1b6659fb_1_8,"Hi. I would like some help browsing the music of Gary Allan, please.",You said you would like to hear songs by Gary Allan? How about the song Best I Ever Had by Gary Allan? Here is the song Best I Ever Had by Gary Allan.,train
dlg-8f70d106-0b7a-4c28-8126-bd3e1b6659fb,dlg-8f70d106-0b7a-4c28-8126-bd3e1b6659fb_9_10,That's quite good. How about something from a different album though?,How about the song Every Storm from a different album?,train
dlg-8f70d106-0b7a-4c28-8126-bd3e1b6659fb,dlg-8f70d106-0b7a-4c28-8126-bd3e1b6659fb_11_14,"Oh, yeah. That's really good. How about something from a newer album, please?",How about the song Mess Me Up? This is one of the latest songs.,train
dlg-8fa08c0d-68bc-4ee7-b709-d0c0b33a3479,dlg-8fa08c0d-68bc-4ee7-b709-d0c0b33a3479_1_4,"Hey, I'd like to listen to some songs by the Beastie Boys.",Here's Make Some Noise by Beastie Boys.,train
dlg-8fa08c0d-68bc-4ee7-b709-d0c0b33a3479,dlg-8fa08c0d-68bc-4ee7-b709-d0c0b33a3479_5_8,"Oh, no. That's blocked. Is there another version? Same thing, blocked. Maybe another song?",Here is the song of Beastie Boys.,train
dlg-8fa08c0d-68bc-4ee7-b709-d0c0b33a3479,dlg-8fa08c0d-68bc-4ee7-b709-d0c0b33a3479_9_12,"Okay, I like this but could you play like something old?",Here's Intergalactic by Beastie Boys. Here is the another song by Beastie boys.,train
dlg-8fa08c0d-68bc-4ee7-b709-d0c0b33a3479,dlg-8fa08c0d-68bc-4ee7-b709-d0c0b33a3479_13_14,"Yeah, I like this song. Could we see something older than this, still?","Here's Hold It Now, Hit It by Beastie Boys.",train
dlg-8fa08c0d-68bc-4ee7-b709-d0c0b33a3479,dlg-8fa08c0d-68bc-4ee7-b709-d0c0b33a3479_16_17,Blocked.,Here is the older song by Beastie Boys.,train
dlg-8fd94892-0bcd-4b5d-ae31-4f07a8043f87,dlg-8fd94892-0bcd-4b5d-ae31-4f07a8043f87_1_2,"I would like to hear something from Paul Simon, Please.","How about the song called ""Obvious Child"" by Paul Simon?",train
dlg-8fd94892-0bcd-4b5d-ae31-4f07a8043f87,dlg-8fd94892-0bcd-4b5d-ae31-4f07a8043f87_5_6,"I would like to know how instruments are used to introduce this song. Could you please play me a different track, one that is from much earlier in Paul Simon's career?","Here is the song called ""American Tune"" by Paul Simon.",train
dlg-8fd94892-0bcd-4b5d-ae31-4f07a8043f87,dlg-8fd94892-0bcd-4b5d-ae31-4f07a8043f87_7_8,"I appreciate how Paul Simon uses emotion to get the tone of the song communicated to the listener. Lastly, Could you play a different track by Paul Simon? One that's much more rhythmic.","Just a moment. Here is the song called ""Kodachrome"" by Paul Simon.",train
dlg-8ff828fa-efb5-4218-b497-dcc949eda928,dlg-8ff828fa-efb5-4218-b497-dcc949eda928_3_4,Play something by Marina and the Diamonds.,Here is the video of Marina and Diamonds.,train
dlg-8ff828fa-efb5-4218-b497-dcc949eda928,dlg-8ff828fa-efb5-4218-b497-dcc949eda928_5_8,Play something from Electra Heart.,OK. This will just be a second. Here is the video of Electra Heart.,train
dlg-8ff828fa-efb5-4218-b497-dcc949eda928,dlg-8ff828fa-efb5-4218-b497-dcc949eda928_10_13,I don't like this song. Can you play Bubblegum Bitch.,Ok. Hold on just a second.Here is the video of Bubblegum Bitch.,train
dlg-8ff8ff83-81fd-4627-a3ac-deb611ae728b,dlg-8ff8ff83-81fd-4627-a3ac-deb611ae728b_4_5,"Yes, Can you play something by Rapsody?","Let me see, What I can find by Rhapsody?",train
dlg-8ff8ff83-81fd-4627-a3ac-deb611ae728b,dlg-8ff8ff83-81fd-4627-a3ac-deb611ae728b_9_20,It's r a p s o d y.,Beautiful music by Rapsody featuring Childish Gambino. Here is Power by Rapsody featuring Kendrick Lamar & Lance Skiiiwalker. Here is Westerosi by Rhapsody. Here is 2 a.m. by Rapsody.,train
dlg-8ff8ff83-81fd-4627-a3ac-deb611ae728b,dlg-8ff8ff83-81fd-4627-a3ac-deb611ae728b_21_23,"This song is pretty great. Can you play another song by Rapsody, please?",Here is kingship by Rhapsody.,train
dlg-9034fd31-3e65-4c89-aa3d-07b330b03399,dlg-9034fd31-3e65-4c89-aa3d-07b330b03399_0_5,"Hi, I want to hear a song of Ariana Grande called Every called. Okay, That's a cool song. Is there any new material that she has out?",Let me check that for you. Her latest album is called Dangerous woman. Her latest album is called Dangerous woman.,train
dlg-9034fd31-3e65-4c89-aa3d-07b330b03399,dlg-9034fd31-3e65-4c89-aa3d-07b330b03399_6_7,"Okay, Play me a song from Dangerous Woman then.",I will be playing herself title song Dangerous woman.,train
dlg-9074b3d6-d998-45d9-b44c-0764cc6e2972,dlg-9074b3d6-d998-45d9-b44c-0764cc6e2972_1_2,"Hi, can you play me a song in the coffee house genre?","Let me check my library, one second please. Here is Miles Davis performing Sketches of Spain.",train
dlg-9074b3d6-d998-45d9-b44c-0764cc6e2972,dlg-9074b3d6-d998-45d9-b44c-0764cc6e2972_3_4,Do you think you could find a more recent song?,Here is Miles Davis performing Porsche.,train
dlg-9074b3d6-d998-45d9-b44c-0764cc6e2972,dlg-9074b3d6-d998-45d9-b44c-0764cc6e2972_5_6,Do you think you could find a song that's not by Miles Davis? But in the same genre?,Here is Al Green performing love and happiness.,train
dlg-9074b3d6-d998-45d9-b44c-0764cc6e2972,dlg-9074b3d6-d998-45d9-b44c-0764cc6e2972_7_8,Do you think you could find a female singer?,"Here is Diana Ross performing ""Missing you"".",train
dlg-907c8d0b-6217-4d23-9052-f635679b242d,dlg-907c8d0b-6217-4d23-9052-f635679b242d_1_2,Hello Assistant. I'd like to hear some music by Michael Buble.,"I think you said music by Michael Buble, correct?",train
dlg-907c8d0b-6217-4d23-9052-f635679b242d,dlg-907c8d0b-6217-4d23-9052-f635679b242d_4_11,"But maybe something new that I haven't heard before. Robbie Williams, I not familiar with him at all. Can I hear another song also that I'm not familiar with?","Sure. Another song by a different artist, got it.",train
dlg-907c8d0b-6217-4d23-9052-f635679b242d,dlg-907c8d0b-6217-4d23-9052-f635679b242d_16_19,They're pretty good. I enjoyed both of them.,"Yes, you may request another artist similar to Michael Buble.",train
dlg-907c8d0b-6217-4d23-9052-f635679b242d,dlg-907c8d0b-6217-4d23-9052-f635679b242d_20_28,Okay. Could I hear another new artist similar to Michael Bublé then? This is a pretty good selection. Could I hear one more song by a new artist?,One more song by a new artist?,train
dlg-90abb022-3a31-4486-afe5-680275caa615,dlg-90abb022-3a31-4486-afe5-680275caa615_0_2,I'd like to listen to some music by Linkin Park.,"Sure thing, Linkin Park on it's way. Here is Linkin Park- Papercut.",validation
dlg-90abb022-3a31-4486-afe5-680275caa615,dlg-90abb022-3a31-4486-afe5-680275caa615_3_6,Similar song by a different artist.,Here is Linkin Park Numb lyrics. Here is In The End by Linkin Park.,validation
dlg-90ac58b2-3a0c-4f8b-8a3d-01387b20eeb2,dlg-90ac58b2-3a0c-4f8b-8a3d-01387b20eeb2_0_1,I'd like to hear a song by Michael Jackson called Thriller. Can you help me with that?,Here's the song Thriller by Michael Jackson.,train
dlg-90ac58b2-3a0c-4f8b-8a3d-01387b20eeb2,dlg-90ac58b2-3a0c-4f8b-8a3d-01387b20eeb2_3_7,"Can you play Michael Jackson Beat It? I remember that song, that was a great song.",Here's Beat It by Michael Jackson.,train
dlg-90b73525-64bc-43d7-ace7-2b7593a208ae,dlg-90b73525-64bc-43d7-ace7-2b7593a208ae_1_2,"Hey, can you help me find music by Bob Dylan?",Hurricane by Bob Dylan.,train
dlg-90b73525-64bc-43d7-ace7-2b7593a208ae,dlg-90b73525-64bc-43d7-ace7-2b7593a208ae_3_7,"All right. Can you play me something newer than, by Bob Dylan, than 1975? Maybe something from the 80´s?",Knockin' On Heaven's Door by Bob Dylan.,train
dlg-90b73525-64bc-43d7-ace7-2b7593a208ae,dlg-90b73525-64bc-43d7-ace7-2b7593a208ae_8_9,Can you avoid playing things from Vevo? All their stuff gets blocked as that video is.,Okay. Knockin on Heaven's Door by Bob Dylan.,train
dlg-90b73525-64bc-43d7-ace7-2b7593a208ae,dlg-90b73525-64bc-43d7-ace7-2b7593a208ae_10_11,All right. Now can you find a remixed version of Knocking On Heaven's door? If one exists.,Knockin On Heaven's Door by Guns N' Roses.,train
dlg-90b81fdf-209f-42d2-97c8-02b7fc6e61cb,dlg-90b81fdf-209f-42d2-97c8-02b7fc6e61cb_0_2,"Can you play something from the band Creed, please?","I'm sorry, I don't have any creed in my library.",train
dlg-90b81fdf-209f-42d2-97c8-02b7fc6e61cb,dlg-90b81fdf-209f-42d2-97c8-02b7fc6e61cb_3_4,"Can you play something from Mötley Crüe, then?","Here is Montley Crue, performing kickstart my heart.",train
dlg-90b81fdf-209f-42d2-97c8-02b7fc6e61cb,dlg-90b81fdf-209f-42d2-97c8-02b7fc6e61cb_5_10,"You know what, can you play something else from a similar artist, please?","Here is Twisted Sister, We're not gonna take it. Here is The price by twisted sister.",train
dlg-9118a058-a385-4a1d-bd9e-e4a71fb7d718,dlg-9118a058-a385-4a1d-bd9e-e4a71fb7d718_0_4,"Hi, could you play me something by Lenny Kravitz?","Hi, here is a song by Lenny Kravitz called again. Sure thing you got it here's Lenny Kravitz with I belong to you.",train
dlg-9118a058-a385-4a1d-bd9e-e4a71fb7d718,dlg-9118a058-a385-4a1d-bd9e-e4a71fb7d718_5_8,"Yeah. No, not that one. How about something newer?",Is Lenny Kravitz Fly Away Here is Lenny Kravitz - Fly Away.,train
dlg-91339c78-24d3-486a-8e50-5bb99728c94c,dlg-91339c78-24d3-486a-8e50-5bb99728c94c_1_4,Hi. I want to listen to some music by Beyond Creation.,-Omnipresent Perception by Beyond Creation.,train
dlg-91339c78-24d3-486a-8e50-5bb99728c94c,dlg-91339c78-24d3-486a-8e50-5bb99728c94c_5_8,Alright. How about a similar artist to Beyond Creation?,Ten Sepiroth by Obscura.,train
dlg-91339c78-24d3-486a-8e50-5bb99728c94c,dlg-91339c78-24d3-486a-8e50-5bb99728c94c_9_12,These guys aren't too bad.,Perpetual Infinity by Obscura.,train
dlg-913fe7ab-907a-4356-a2f9-f64199dbc5f3,dlg-913fe7ab-907a-4356-a2f9-f64199dbc5f3_1_8,Hello Assistant. I'd like to hear some music similar to the Bee Gees.,Have you heard Boney? Sure. Would you still like them similar to The Bee Gees? Have you heard the Temptations?,train
dlg-91633ddd-940e-47dd-9c29-896fa25d54e0,dlg-91633ddd-940e-47dd-9c29-896fa25d54e0_0_8,"Hey, can you help me find some music to listen to that's similar to Bob Dylan.",Have you listened to David Bowie? What about Neil Young? What about Bob Marley?,train
dlg-91633ddd-940e-47dd-9c29-896fa25d54e0,dlg-91633ddd-940e-47dd-9c29-896fa25d54e0_9_19,"Yes, I do Bob Marley. I know of him, but I haven't listened to much of his music.",Here's crazy bald head. Here's Roots rock reggae. Have you listened to Bon Iver? Here's Francis and the Lights - Friends ft. Bon Iver and Kanye West. Here's Lost In The World (Explicit).,train
dlg-91712391-0cd2-477a-bf9e-52eb61fd5572,dlg-91712391-0cd2-477a-bf9e-52eb61fd5572_1_2,Can I hear something by Nirvana?,Here is Nirvana smells like teen spirit lyrics.,train
dlg-91712391-0cd2-477a-bf9e-52eb61fd5572,dlg-91712391-0cd2-477a-bf9e-52eb61fd5572_3_4,Can I hear something from In Utero?,From Utero you say?,train
dlg-91712391-0cd2-477a-bf9e-52eb61fd5572,dlg-91712391-0cd2-477a-bf9e-52eb61fd5572_5_6,"In Utero, Yes. No, I don't like that one.",Here is Nirvana - Heart Shaped Box of off album in Utero.,train
dlg-91712391-0cd2-477a-bf9e-52eb61fd5572,dlg-91712391-0cd2-477a-bf9e-52eb61fd5572_9_10,Can I hear The Man Who Sold the World?,Here's The Man Who Sold the World by Nirvana.,train
dlg-91712391-0cd2-477a-bf9e-52eb61fd5572,dlg-91712391-0cd2-477a-bf9e-52eb61fd5572_11_12,I'm sorry. Can I hear All Apologies.,"All apologies, You got it. Here is All Apologies by Nirvana off their album in Utero.",train
dlg-9181cb49-3bbb-4f86-bf27-cccdae729838,dlg-9181cb49-3bbb-4f86-bf27-cccdae729838_1_4,"Hello, can you play some music by Katy Perry? I Kissed a Girl.","Here is the song, I Kissed A Girl by Katy Perry.",train
dlg-9181cb49-3bbb-4f86-bf27-cccdae729838,dlg-9181cb49-3bbb-4f86-bf27-cccdae729838_6_7,"Okay, can you play some other Katy Perry, please? Play some new Katy Perry.",How about the song Roar?,train
dlg-9181cb49-3bbb-4f86-bf27-cccdae729838,dlg-9181cb49-3bbb-4f86-bf27-cccdae729838_10_11,"Oh, sounds awesome. Now can you play something like the newest from Katy Perry?",Here is the latest song Chained To The Rhythm by Katy Perry.,train
dlg-91b194f7-d9ed-48ba-89ad-28ba4880ed9c,dlg-91b194f7-d9ed-48ba-89ad-28ba4880ed9c_1_2,Hi. Play something by Red Hot Chili Peppers.,Here is Red Hot Chili Peppers with Breaking the Girl.,train
dlg-91b194f7-d9ed-48ba-89ad-28ba4880ed9c,dlg-91b194f7-d9ed-48ba-89ad-28ba4880ed9c_3_4,Could you play Californication by Red Hot Chili Peppers?,Here is Californication by Red Hot Chili Peppers.,train
dlg-91b194f7-d9ed-48ba-89ad-28ba4880ed9c,dlg-91b194f7-d9ed-48ba-89ad-28ba4880ed9c_5_7,"No, I don't want this one. Is Californication done by any other artist?",Here is Californication performed by Janet Devlin.,train
dlg-91b1f5e7-74dd-4a0c-8d9c-b44db33be15e,dlg-91b1f5e7-74dd-4a0c-8d9c-b44db33be15e_0_35,"Hi, could you help me find some new music to listen to? Okay, I like Mio and Musiq Soulchild.","I'll find something similar to Musiq Soulchild for you. Have you heard of the artist Lovage? Here is the song Anger Management by Lovage. Would you like to hear something else similar to Musiq Soulchild? Have you heard of the artist Thundercat? Okay, here's their song Them Changes by Thundercat. Here's the song Show You The Way featuring Michael McDonald and Kenny Loggins by Thundercat. Yes, Have you heard of Beyond The Fringe? I could not find a usable YouTube video for Beyond The Fringe. Let me find someone else. Have you heard of the artist Glenn Lewis? Okay, let me find something else then. Have you heard of the artist Kira One? Awesome, here's the song Let Me Show You by Kira One and Azure. I found a more Jazzy song by Kero One, would you like to listen to that? That song is so seductive featuring Jeni Suk by Kiro One.",train
dlg-91ea0766-e2b2-4587-a662-29862bee16e3,dlg-91ea0766-e2b2-4587-a662-29862bee16e3_6_13,I'm looking for Buddy Holly by Weezer.,"Hold on, just a second. Here is buddy holly by Weezer. Did you get it? Buddy Holly was released in 1994. Say It Ain't So sung by Weezer was also released the same year. here it is. Did not send the video to the user. Did you paste the whole url?",validation
dlg-91ffb4bd-6d93-4316-abe1-2915dcc48bce,dlg-91ffb4bd-6d93-4316-abe1-2915dcc48bce_0_4,"Hi, can I listen to a song by Chris Cordrey?",Here is Chris Daughtry home. Here is I'll Be - Edwin McCain.,train
dlg-91ffb4bd-6d93-4316-abe1-2915dcc48bce,dlg-91ffb4bd-6d93-4316-abe1-2915dcc48bce_5_6,"My favorite song. Can we try again, same kind of feel?",Here is Howie Day- Collide- With.,train
dlg-92410d1b-4470-48a5-b12c-11f33f19bcbb,dlg-92410d1b-4470-48a5-b12c-11f33f19bcbb_3_6,"Yeah, I'd like to hear something from Kendrick Lamar. How about Humble?",Here is the song Humble by Kendrick Lamar.,train
dlg-92410d1b-4470-48a5-b12c-11f33f19bcbb,dlg-92410d1b-4470-48a5-b12c-11f33f19bcbb_9_18,The video couldn't play. How about something from Jay Z? How about Dirt Off Your Shoulders?,Here is the song Dirt Off Your Shoulder by Jay Z. Here is another version of the same song Dirt Off Your Shoulder by Jay Z.,train
dlg-92411f77-3998-4d04-90af-22789d83d4c1,dlg-92411f77-3998-4d04-90af-22789d83d4c1_1_2,Could you play me a song by Fifth Harmony?,Here is Fifth Harmony - He Like That.,train
dlg-92411f77-3998-4d04-90af-22789d83d4c1,dlg-92411f77-3998-4d04-90af-22789d83d4c1_4_5,"Okay, yes. I like that song. Could you play me another song by them? Maybe Worth It?",Here is Fifth Harmony - Don't Say You Love Me.,train
dlg-924fa117-d805-485c-adc9-a01ef5b83311,dlg-924fa117-d805-485c-adc9-a01ef5b83311_2_3,Hi assistant. Could you play me a song by Lady Gaga?,How about the song Poker Face by Lady Gaga?,train
dlg-924fa117-d805-485c-adc9-a01ef5b83311,dlg-924fa117-d805-485c-adc9-a01ef5b83311_6_10,"Okay, let's switch to Katy Perry, could you play me a Katy Perry song?",How about the song Roar by Katy Perry? Would you like me to play songs by Katy Perry or some other artists?,train
dlg-928dccf2-aa40-4ec9-8014-2c7354e71c7e,dlg-928dccf2-aa40-4ec9-8014-2c7354e71c7e_1_6,Hi. I'd like you to find some new music to listen to. Yeah. Billy Joel.,Okay. Billy Joel. Let's see what else I can find that you may not be familiar with. Looks like the artist Kid Rock may be similar. Another is Styx. Is either of those new to you?,train
dlg-928dccf2-aa40-4ec9-8014-2c7354e71c7e,dlg-928dccf2-aa40-4ec9-8014-2c7354e71c7e_7_10,Styx will be the new today.,Okay. Let me play you something by the Artist Styx and see if you like it. Here is the song called Come Sail Away by the Artist Styx.,train
dlg-928dccf2-aa40-4ec9-8014-2c7354e71c7e,dlg-928dccf2-aa40-4ec9-8014-2c7354e71c7e_11_13,"Yeah, that's pretty good. Can I hear another song by Styx?",Here is the song called Renegade by Styx.,train
dlg-928dccf2-aa40-4ec9-8014-2c7354e71c7e,dlg-928dccf2-aa40-4ec9-8014-2c7354e71c7e_15_16,I like them. It's good.,"Okay, let's look for something based on another of your favorite artists.",train
dlg-928dccf2-aa40-4ec9-8014-2c7354e71c7e,dlg-928dccf2-aa40-4ec9-8014-2c7354e71c7e_17_18,Good idea. I like The Moody Blues. Let's hear something similar to The Moody Blues. I'd be interested in who you recommend.,How about the Artist Genesis?,train
dlg-928dccf2-aa40-4ec9-8014-2c7354e71c7e,dlg-928dccf2-aa40-4ec9-8014-2c7354e71c7e_19_20,"Whatever sounds interesting. When I listen to songs now, I see Copper's little photo. You'll see Copper's little photo, Corey if you have it set if you have your YouTube set to Copper. I'm waiting for Genesis.",Here is the song called I Can't Dance by the Artist Genesis.,train
dlg-928dccf2-aa40-4ec9-8014-2c7354e71c7e,dlg-928dccf2-aa40-4ec9-8014-2c7354e71c7e_21_22,"Oh yeah, that was from a real album back in the '80s. I like that. Let's hear another one from Genesis. These guys are pretty good.",Sure! Let me get you another one. Here is the song called Mama by the Artist Genesis.,train
dlg-933a514b-f41e-432d-a31a-63147dc633b4,dlg-933a514b-f41e-432d-a31a-63147dc633b4_1_12,Can you help me in playing Twenty One Pilots song? Can you play a song from Blurry Face. I hate this song. It's to horrible to listen. Just wait for a while. I'll play a song from Blurry face. Play me another song that is Lane Boy.,Enjoy the Lane boy song.,validation
dlg-93be539d-bc5b-4e6d-b8ea-4b84e14f2ae4,dlg-93be539d-bc5b-4e6d-b8ea-4b84e14f2ae4_1_5,"Hi, can you play some new music? Okay. Great. Can you play another song by Carly Rae Jepsen? Okay, thank you so much for that song, it is good and bye for now.",Have you heard of an artist named Shawn Mendes?,train
dlg-93c80506-b613-4bdb-be87-379724c2e291,dlg-93c80506-b613-4bdb-be87-379724c2e291_2_5,"Hi, today I need your help in finding music to listen. I'm looking to hear music by Bonobo or Monoboo the song is called Days to Come.",Here is Days to Come by Bonoboo featuring Bajka.,train
dlg-93c80506-b613-4bdb-be87-379724c2e291,dlg-93c80506-b613-4bdb-be87-379724c2e291_7_10,"Solid song. Like how a lot of the songs in this album were experimental kind of jazz influenced. Awesome, now I like to hear another song by Bonobo its called Ketto.",Here is the song Ketto by the same artist.,train
dlg-93d7196a-90bb-4cc5-92dc-a8173175a1fd,dlg-93d7196a-90bb-4cc5-92dc-a8173175a1fd_0_1,"Hi, could you help me to find some Latin music on YouTube?","Sure, here's the song Mayores Featuring Bad Bunny by Becky G.",test
dlg-93d7196a-90bb-4cc5-92dc-a8173175a1fd,dlg-93d7196a-90bb-4cc5-92dc-a8173175a1fd_2_3,"Okay, that's great. How about another Latin song? This time I need something by a male artist.",How about the song Echame La culpa by Luis Fonsi?,test
dlg-93d7196a-90bb-4cc5-92dc-a8173175a1fd,dlg-93d7196a-90bb-4cc5-92dc-a8173175a1fd_4_5,"Okay, very interesting. I didn't realize Demi Lovato had a song like that. How about something else another Latin song? But this time I would like something more traditional.",Here is the song Adios Amor by Christian Nodal.,test
dlg-93d7196a-90bb-4cc5-92dc-a8173175a1fd,dlg-93d7196a-90bb-4cc5-92dc-a8173175a1fd_6_7,"Oh, that was great. How about one more Latin music song? It could be anything you want me to try.",Here's the song called Don Omar - Danza Kuduro ft.,test
dlg-93fe4251-f7ce-4248-a0be-172216d1f7cd,dlg-93fe4251-f7ce-4248-a0be-172216d1f7cd_3_8,You Too.,How about the song where the streets have no name? Here's the song where the streets have no name by You Too.,validation
dlg-93fe4251-f7ce-4248-a0be-172216d1f7cd,dlg-93fe4251-f7ce-4248-a0be-172216d1f7cd_9_10,"Yeah, I like those for a good choice. How about something by You Too, but of a newer album?",How about the song The Blackout which is one of the latest ones.,validation
dlg-93fe4251-f7ce-4248-a0be-172216d1f7cd,dlg-93fe4251-f7ce-4248-a0be-172216d1f7cd_14_22,How about a popular band that's kind of likely to him or maybe has some influences likely to him?,How about something by Coldplay? How about the song Viva La Vida by Coldplay. Here is the song by Viva La Vida by Coldplay.,validation
dlg-9422b8c1-dac9-40e9-b203-a3f2cf947d3a,dlg-9422b8c1-dac9-40e9-b203-a3f2cf947d3a_1_12,"Hi Assistant. I'd like to hear some music by Taylor Swift. Okay, Thank you. Hold on, Based on the artist Taylor Swift,  Have you heard of Martina McBride or Zac Brown Band?","Based on the artist Taylor Swift,  Have you heard of Martina McBride or Zac Brown Band? Okay, let me see what I can find by Martina McBride. Hold on, Just a moment. Here is Broken Wing by Martina McBride.",train
dlg-9422b8c1-dac9-40e9-b203-a3f2cf947d3a,dlg-9422b8c1-dac9-40e9-b203-a3f2cf947d3a_14_24,"Thank you. Oh, I really like this song. Thank you so much. Could I hear some music by Mariah Carey?","Based on the artist Mariah Carey,  Have you heard of Janet Jackson or Faith Hill? Okay, let me see what I can find by Janet Jackson for you. Hold on, One second, There is Scream by Janet Jackson featuring Michael Jackson. There is Scream by Janet Jackson featuring Michael Jackson.",train
dlg-942304a5-1717-470f-8811-32f48f3e0c27,dlg-942304a5-1717-470f-8811-32f48f3e0c27_2_8,"Hello assistant, I'd like to hear some music by Mariah Carey.",Let me find you some good music by Mariah Carey. Here is the song called Without You by Mariah Carey. Here's the song called Shake It Off by the artist Mariah Carey.,train
dlg-942304a5-1717-470f-8811-32f48f3e0c27,dlg-942304a5-1717-470f-8811-32f48f3e0c27_10_16,I don't really like what's playing. Could I hear a song by a similar artist?,Have you heard about the artist Aaliyah? Here's the song Are You That Somebody by Aaliyah.,train
dlg-943b0f3f-a65a-4b77-823b-20f4216a57db,dlg-943b0f3f-a65a-4b77-823b-20f4216a57db_1_4,Hi. Can I hear a song by John Mayer?,"""Half Of My Heart"" - John Mayer. John Mayer - Your body is a wonderland.",train
dlg-943b0f3f-a65a-4b77-823b-20f4216a57db,dlg-943b0f3f-a65a-4b77-823b-20f4216a57db_5_6,"Alright, I don't want this one. Can I get a similar song by someone else?",Oasis Wonderwall.,train
dlg-943e3387-99eb-4f5b-a3eb-83e7b8b7cb62,dlg-943e3387-99eb-4f5b-a3eb-83e7b8b7cb62_1_4,"Hi. I was wondering if you could play me some music, how about something by Katy Perry?",How about the song Hey Hey Hey by the artist Katy Perry.,train
dlg-943e3387-99eb-4f5b-a3eb-83e7b8b7cb62,dlg-943e3387-99eb-4f5b-a3eb-83e7b8b7cb62_6_9,Something a little more fun.,Here is the song called One Of The Boys by Katy Perry.,train
dlg-943e3387-99eb-4f5b-a3eb-83e7b8b7cb62,dlg-943e3387-99eb-4f5b-a3eb-83e7b8b7cb62_11_15,"Yes, that's not bad. That's pretty good. A cover.",Here is the song Roar originally sung by Katy Perry - Alex G Cover.,train
dlg-94b6fcfb-2757-47d7-9e24-989e8013e3f0,dlg-94b6fcfb-2757-47d7-9e24-989e8013e3f0_0_2,"Hey, I'm looking for some new music to listen to. Can you play something by like kind of artist like Stevie Wonder?",Sure let me find an artist similar Stevie Wonder for you. Hold on. Have you heard of the artist Otis Redding before?,train
dlg-94b6fcfb-2757-47d7-9e24-989e8013e3f0,dlg-94b6fcfb-2757-47d7-9e24-989e8013e3f0_3_6,"Yeah, I heard of sittin' On The Dock by the Bay but I haven't heard anything else.",Here's the song Come to Me by Otis Redding. One second. Here's the song Pain My Heart from Otis Redding. This song comes from his first album.,train
dlg-94b6fcfb-2757-47d7-9e24-989e8013e3f0,dlg-94b6fcfb-2757-47d7-9e24-989e8013e3f0_7_10,"Thank you so much. Yeah, that's really simple. That's really good. Anne-Marie Can you play something like kind like Anne-Marie?",Sure. This will just be a second. Have you heard of the artist Julie Bergan before? Choose the song Incapable by Julie Bergan.,train
dlg-94b6fcfb-2757-47d7-9e24-989e8013e3f0,dlg-94b6fcfb-2757-47d7-9e24-989e8013e3f0_11_12,"Yeah, she's pretty good. You find something else by her.",Here's the song Arigato by Julie Bergan.,train
dlg-94efff6b-22fd-4f83-b15f-491f3109f877,dlg-94efff6b-22fd-4f83-b15f-491f3109f877_1_2,"Hello, I would like to hear Florence and the Machine, please.",Florence + The Machine - Sweet Nothing (Live From Austin City Limits).,train
dlg-94efff6b-22fd-4f83-b15f-491f3109f877,dlg-94efff6b-22fd-4f83-b15f-491f3109f877_3_4,Could I hear the same song by a different artist?,"So, a cover of the song?",train
dlg-94efff6b-22fd-4f83-b15f-491f3109f877,dlg-94efff6b-22fd-4f83-b15f-491f3109f877_5_7,"Yes. A cover of the song, please. Some of their older material would be okay.",Calvin Harris Ft. Florence Welch - Sweet Nothing - Madilyn Bailey & Corey Gray Cover.,train
dlg-94f46326-c3c5-4ab0-a389-3ab5bad4b52b,dlg-94f46326-c3c5-4ab0-a389-3ab5bad4b52b_0_3,Can I listen to Portugal The Man? Can I listen to Portugal The Man?,Here's the song modern Jesus by Portugal the Man.,validation
dlg-94f46326-c3c5-4ab0-a389-3ab5bad4b52b,dlg-94f46326-c3c5-4ab0-a389-3ab5bad4b52b_5_8,Can I listen to a more popular song by them? Can I listen to a more happiness song by them?,Here is the song Purple Yellow Red and Blue by Portugal the Man.,validation
dlg-94f46326-c3c5-4ab0-a389-3ab5bad4b52b,dlg-94f46326-c3c5-4ab0-a389-3ab5bad4b52b_9_11,I really like the song so far. Can I pick one that is more happy?,Here is the song Sun by Portugal the Man,validation
dlg-9533a779-bcb0-40c1-a712-018b614ddbe0,dlg-9533a779-bcb0-40c1-a712-018b614ddbe0_2_8,"Can you play something from Metallica, please?",Here is Hardwired by Metallica. Here is Moth Into Flame by Metallica. Here is Dream No More by Metallica.,train
dlg-9557b3e6-1c6c-4813-8e26-540803e1a06c,dlg-9557b3e6-1c6c-4813-8e26-540803e1a06c_0_8,Hello. I would like to hear something by Green Day. Can I hear something from their album American Idiot? I don't like this song but can you play Holiday Boulevard of Broken Dreams?,This song sounds really good.,train
dlg-95ac6c50-6f00-4f85-ba73-8407100472b8,dlg-95ac6c50-6f00-4f85-ba73-8407100472b8_2_10,"Hi Assistant, I'd like to hear some music by Katy Perry.",You said you would like to hear some music by Katy Perry? How about the song California Gurls. Great! Here is the song California Gurls by Katy Perry featuring Snoop Dog.,validation
dlg-95ac6c50-6f00-4f85-ba73-8407100472b8,dlg-95ac6c50-6f00-4f85-ba73-8407100472b8_11_15,"Assistant, I'm waiting for the song. Oh! Assistant, could I hear a similar song? I like that one but I'd like to hear something else. Maybe like a similar artist.",Would you like to hear something by Bruno Mars?,validation
dlg-95ac6c50-6f00-4f85-ba73-8407100472b8,dlg-95ac6c50-6f00-4f85-ba73-8407100472b8_16_19,"Sure, I like Bruno Mars. Sounds good.",How about the song Just The Way You Are? Perfect! Here is the song Just the Way You Are by Bruno Mars. Go through with this.,validation
dlg-95ac6c50-6f00-4f85-ba73-8407100472b8,dlg-95ac6c50-6f00-4f85-ba73-8407100472b8_21_24,"Hey Assistant, I really liked that song but I'd like to hear something else like maybe something a similar artist to Bruno Mars.",How about a song by Sean Kingston? Here is the song Beautiful Girls by Sean Kingston. Go through with this.,validation
dlg-95c28417-47b6-4acd-b562-a2050021f670,dlg-95c28417-47b6-4acd-b562-a2050021f670_1_3,Hi. I wanted to listen to some holiday music. Yeah. Could you play holiday music?,Let me play you something. Here is the song called All I Want For Christmas Is You by Mariah Carey.,train
dlg-95c28417-47b6-4acd-b562-a2050021f670,dlg-95c28417-47b6-4acd-b562-a2050021f670_4_5,"Yes. I like that song, but could you play it by a different song? Like that song but someone different. Maybe a cover.",Yes. One moment. Here is All I Want For Christmas Is You by Bri Heart Cover.,train
dlg-95c28417-47b6-4acd-b562-a2050021f670,dlg-95c28417-47b6-4acd-b562-a2050021f670_6_7,"Yeah, that's a cool one, but play a different song, like a slower Christmas song.",How about the song 'Silent Night' by Fifth Harmony?,train
dlg-95c28417-47b6-4acd-b562-a2050021f670,dlg-95c28417-47b6-4acd-b562-a2050021f670_10_11,Yeah. Play me a different Christmas song maybe Little Mix or Fifth Harmony.,"Yes, one moment. Here is Have Yourself A Merry Little Christmas by Fifth Harmony.",train
dlg-95dc8a3e-23c4-4e2d-bfb9-34bf26c96fee,dlg-95dc8a3e-23c4-4e2d-bfb9-34bf26c96fee_0_16,"Hi, Can I listen to Lil Uzi Vert? Can I listen to Lil Uzi Vert?",How does Lil Uzi Vert - Sauce It Up sound? How does Lil Uzi Vert - The Way Life Goes Remix sound? How does Lil Uzi Vert - Alone Time sound?,train
dlg-9622951e-af39-44fe-a5d0-8bac54461e41,dlg-9622951e-af39-44fe-a5d0-8bac54461e41_1_8,"Hi, I want to hear some music from Black Crown Initiate.",How about the The Human Lie Manifest by Black Crown Initiate? Here's The Human Lie Manifest by Black Crown Initiate. Here's Ghost She Sends from Song of the Crippled Bull.,train
dlg-9622951e-af39-44fe-a5d0-8bac54461e41,dlg-9622951e-af39-44fe-a5d0-8bac54461e41_9_11,"I'm not really looking for this. Can I get something that's older, some of their older material?",Here's Sorrowpsalm by Black Crown Initiate.,train
dlg-9625de76-8ece-4872-8294-550700583267,dlg-9625de76-8ece-4872-8294-550700583267_1_2,"Hi, I need your help to find some music. I have an artist in mind. I'm looking to hear music from Bonobo. The song is called The Fever.",Here's the song The Fever by Bonobo.,train
dlg-9625de76-8ece-4872-8294-550700583267,dlg-9625de76-8ece-4872-8294-550700583267_4_5,"Pretty good album. This one's more experimental for him compared to some of the other albums he did. Now, I'd like to hear another song by Bonobo. It's called On Your Mark.",Here's the song On Your Mark by Bonobo.,train
dlg-96343f7a-ec62-4458-aa87-d80de1cbe9b1,dlg-96343f7a-ec62-4458-aa87-d80de1cbe9b1_0_3,"Hello, I'd like to hear some music by Adele. Can you help me with that?","Okay, let me find you some music by Adele. Here's your song. Hello by Adele.",train
dlg-96343f7a-ec62-4458-aa87-d80de1cbe9b1,dlg-96343f7a-ec62-4458-aa87-d80de1cbe9b1_5_6,"Oh, that one didn't play very well. Can I hear a different song by Adele?","Here's your song, Don't You Remember by Adele.",train
dlg-96343f7a-ec62-4458-aa87-d80de1cbe9b1,dlg-96343f7a-ec62-4458-aa87-d80de1cbe9b1_8_9,That song is very beautiful. Could I hear another song by a similar artist?,Here's the song called Read All About It by Emeli Sande an artist similar to Adele.,train
dlg-9646ea9d-2491-4be5-b0b2-72dd555fbaa9,dlg-9646ea9d-2491-4be5-b0b2-72dd555fbaa9_0_1,"Hi, I was wondering if you could play me Counting Cows maybe something off of UnderWater Sunshine.",Hold on just a second here's the song like Teenage Gravity from Counting Crows album underwater sunshine.,train
dlg-9646ea9d-2491-4be5-b0b2-72dd555fbaa9,dlg-9646ea9d-2491-4be5-b0b2-72dd555fbaa9_2_3,That's a very good choice. I like that song a lot. How about something older? How about something of August and Everything?,Here's the song Round Here by Counting Crows from their album August and everything.,train
dlg-9646ea9d-2491-4be5-b0b2-72dd555fbaa9,dlg-9646ea9d-2491-4be5-b0b2-72dd555fbaa9_4_5,How about That one they always play? How about something off of recovering satellites?,Here is the song Angels of the silences by Counting Crows.,train
dlg-966f450a-2c18-41eb-a6e0-0ebb78a1015c,dlg-966f450a-2c18-41eb-a6e0-0ebb78a1015c_0_3,"Hello, I'd like to hear some music by Blink-182.",Here's the song Los Angeles by Blink-182. Here's the song In Too Deep by Sum 41.,validation
dlg-966f450a-2c18-41eb-a6e0-0ebb78a1015c,dlg-966f450a-2c18-41eb-a6e0-0ebb78a1015c_4_5,I don't like what's playing. Older material.,Here's Hell Song by Sum 41.,validation
dlg-96714bb4-1389-48d9-873f-e59477e0e2c5,dlg-96714bb4-1389-48d9-873f-e59477e0e2c5_1_2,I would like to hear a song sung by James Taylor.,James Taylor - Fire and Rain.,validation
dlg-96714bb4-1389-48d9-873f-e59477e0e2c5,dlg-96714bb4-1389-48d9-873f-e59477e0e2c5_3_6,I appreciate the use of guitar as it helps tell the sad story. Could you play a different track by James Taylor? One that has more rhythm.,James Taylor - Handy Man.,validation
dlg-96714bb4-1389-48d9-873f-e59477e0e2c5,dlg-96714bb4-1389-48d9-873f-e59477e0e2c5_7_10,"I appreciate how James Taylor uses instruments as sounds, the sounds that describe the song he is singing. Could you play a different track by James Taylor? One that is much later in his career.",You And I Again - James Taylor / Before This World.,validation
dlg-96867756-ec61-4767-aead-165825b80401,dlg-96867756-ec61-4767-aead-165825b80401_0_4,"Hi, could you help me to find some punk music to listen? How about the group NSYNC?",You can't go wrong with NSYNC. Justin was always my favorite. Here is it's going to be me performed by NSYNC.,train
dlg-96867756-ec61-4767-aead-165825b80401,dlg-96867756-ec61-4767-aead-165825b80401_5_6,"Okay, that sound great. Ah, how about another NSYNC song?",Here is NSYNC performing bye-bye.,train
dlg-96867756-ec61-4767-aead-165825b80401,dlg-96867756-ec61-4767-aead-165825b80401_7_9,NSYNC performing bye-bye.,I can do this all day. Here is Tearin' up my heart by NSYNC.,train
dlg-96d4a37d-4baa-499b-9266-f20f79e45c87,dlg-96d4a37d-4baa-499b-9266-f20f79e45c87_3_6,"Awesome, I was wondering if you would find me some songs by Bob Dylan.","Sure thing, you got it. Here's Bob Dylan with hurricane live in 1975. Here is Neil Young with old man.",train
dlg-96d4a37d-4baa-499b-9266-f20f79e45c87,dlg-96d4a37d-4baa-499b-9266-f20f79e45c87_7_8,"I think maybe I've heard this song too many times. To feel fresh, would you mind playing some older material by Dylan?","Sure thing, here is Needle and the Damage Done by Neil Young.",train
dlg-96fb16dd-b618-4337-97e3-15e3ad807d87,dlg-96fb16dd-b618-4337-97e3-15e3ad807d87_1_4,"Can you play something from the band Metallica, please?",Here is Enter Sandman by Metallica.,train
dlg-96fb16dd-b618-4337-97e3-15e3ad807d87,dlg-96fb16dd-b618-4337-97e3-15e3ad807d87_5_9,"Love this poem. Can you please open up Saosin album, please?",Here is Sad But True by Metallica. Here is Now That We're Dead by Metallica.,train
dlg-973711c9-3cd1-487a-aaa5-a2cd6b405943,dlg-973711c9-3cd1-487a-aaa5-a2cd6b405943_1_2,I like to hear something by NSYNC.,Home for Christmas by NSYNC.,train
dlg-973711c9-3cd1-487a-aaa5-a2cd6b405943,dlg-973711c9-3cd1-487a-aaa5-a2cd6b405943_3_6,Can I hear the same song by a different artist?,Home for Christmas by George Canyon. Slow Dance - by George Canyon.,train
dlg-9753eaf9-be92-48a3-ad99-59df3ce601be,dlg-9753eaf9-be92-48a3-ad99-59df3ce601be_2_6,I want to listen to some new music tonight.,Have you heard of Kansa? What about Fairport Convention?,train
dlg-9753eaf9-be92-48a3-ad99-59df3ce601be,dlg-9753eaf9-be92-48a3-ad99-59df3ce601be_7_8,I've heard of Fairport.,What about Peter Gabriel?,train
dlg-9753eaf9-be92-48a3-ad99-59df3ce601be,dlg-9753eaf9-be92-48a3-ad99-59df3ce601be_9_10,"Oh, I said I never heard of fairport connection.","I'm sorry, hold a moment. Here is ""Who knows where the time goes"" by Fairport Convention.",train
dlg-9753eaf9-be92-48a3-ad99-59df3ce601be,dlg-9753eaf9-be92-48a3-ad99-59df3ce601be_12_13,That's actually really good. Can you play something else by Fairport Convention?,Got it. Here is Fairport Convention - Matty Groves.,train
dlg-9753eaf9-be92-48a3-ad99-59df3ce601be,dlg-9753eaf9-be92-48a3-ad99-59df3ce601be_14_22,I'm also a pretty big fan of Loretta Lynn.,Have you heard of Patsy Cline? Would you consider that as folk music? Okay. Here is Conway Twitty - Hello Darling.,train
dlg-97883e4f-81e7-431c-98ef-e0297e4d6e82,dlg-97883e4f-81e7-431c-98ef-e0297e4d6e82_1_9,Hey! Could you play any song of fifth harmony? Could you play any song of fifth harmony?,Sure. How about the song Angel by fifth harmony? How about the song Angel by fifth harmony? How about the song called Deliver by Fifth Harmony?,train
dlg-9795c046-ed74-4e2a-9eee-6b6a3746f91e,dlg-9795c046-ed74-4e2a-9eee-6b6a3746f91e_0_6,Hi. Could I hear something by Pink Floyd?,"Hello. I can certainly help you with that. I love Pink Floyd. I will be playing a song called ""Comfortably Numb"". Here is your song called ""Wish You Were Here"".",train
dlg-9795c046-ed74-4e2a-9eee-6b6a3746f91e,dlg-9795c046-ed74-4e2a-9eee-6b6a3746f91e_8_11,"I don't really like this version. Can you find ""Wish You Were Here"" by a different artist? That's very strange. What about a different Pink Floyd song from a different artist?","I actually found Rob Reynolds covering ""Wish You Were Here"" also.",train
dlg-97a1e32c-8ec4-420d-84f6-cfeaafdc1fe6,dlg-97a1e32c-8ec4-420d-84f6-cfeaafdc1fe6_1_2,Looking to listen to some party music right now.,Ok let me find you some party music. Hold just a moment. Here is the Party Rock Anthem by LMFAO.,train
dlg-97a1e32c-8ec4-420d-84f6-cfeaafdc1fe6,dlg-97a1e32c-8ec4-420d-84f6-cfeaafdc1fe6_3_5,Give me something else in same category but a little bit more newer.,Here is 2U by David Guetta.,train
dlg-97a1e32c-8ec4-420d-84f6-cfeaafdc1fe6,dlg-97a1e32c-8ec4-420d-84f6-cfeaafdc1fe6_6_9,"Okay, you know what? Can you play something, a little bit different from the younger producer similar to David Guetta?",Just can't stop the Feeling by Justin Timberlake.,train
dlg-97cd988f-051a-4f45-a510-ca8c3fb25e6f,dlg-97cd988f-051a-4f45-a510-ca8c3fb25e6f_0_9,"Hello, I would like to hear some new music that I've never heard before. Can you find me some similar artists to NSYNC?",What about Backstreet Boys? What about New Edition? Here is the New Edition - Mr. Telephone Man.,test
dlg-97cd988f-051a-4f45-a510-ca8c3fb25e6f,dlg-97cd988f-051a-4f45-a510-ca8c3fb25e6f_10_11,"Wow, those guys can really sing. I like New Edition. Can you find me a new artist that's similar to Rihanna now?",Here is the New Edition - Can You Stand The Rain.,test
dlg-97daf65b-dcd2-4f9e-9893-a547219652c4,dlg-97daf65b-dcd2-4f9e-9893-a547219652c4_0_2,"Hello, play me something by Taylor Swift.","Sure, it was Look What You Made Me Do by Taylor Swift.",train
dlg-97daf65b-dcd2-4f9e-9893-a547219652c4,dlg-97daf65b-dcd2-4f9e-9893-a547219652c4_3_4,Play another version.,"Okay, here is Look What You Made Me Do by JFla.",train
dlg-97daf65b-dcd2-4f9e-9893-a547219652c4,dlg-97daf65b-dcd2-4f9e-9893-a547219652c4_5_7,Play me an older song by Taylor Swift.,Here is Wildest Dreams by Taylor Swift.,train
dlg-97daf65b-dcd2-4f9e-9893-a547219652c4,dlg-97daf65b-dcd2-4f9e-9893-a547219652c4_8_10,Play another version.,There is Taylor Swift Wildest Dreams cover by Tayler Buono.,train
dlg-97daf65b-dcd2-4f9e-9893-a547219652c4,dlg-97daf65b-dcd2-4f9e-9893-a547219652c4_12_14,"By Taylor Swift, the song is A Picture To Burn.",Cover door by Taylor Swift. Here is Picture To Burn by Taylor Swift.,train
dlg-97daf65b-dcd2-4f9e-9893-a547219652c4,dlg-97daf65b-dcd2-4f9e-9893-a547219652c4_15_16,Is there another version? Play another version.,Here is Better Than Revenge Taylor Swift.,train
dlg-97e8eb5f-305b-49de-b956-b2cbdf1aea05,dlg-97e8eb5f-305b-49de-b956-b2cbdf1aea05_1_2,I'd like to listen to some George Jones.,Curious George Jones performing He Stopped Loving Her Today.,train
dlg-97e8eb5f-305b-49de-b956-b2cbdf1aea05,dlg-97e8eb5f-305b-49de-b956-b2cbdf1aea05_5_6,"Hey, I like this track. It's good. Do you got something similar to George Jones?",How about the song Wrong's What I Do by George Jones?,train
dlg-97e8eb5f-305b-49de-b956-b2cbdf1aea05,dlg-97e8eb5f-305b-49de-b956-b2cbdf1aea05_7_10,Okay. This is nice. Can you play something a little bit more with a duet maybe? Something with a duet.,Here is George Jones and Tammy Wynette duets medley. This one is my favorite of the three.,train
dlg-97fc8bfb-120e-41d2-b421-fafd2268af06,dlg-97fc8bfb-120e-41d2-b421-fafd2268af06_0_1,"Hi, can you help me find some music by Maxwell?","Sure thing, music by Maxwell you got it. Here is Maxwell-This Woman's Work.",train
dlg-97fc8bfb-120e-41d2-b421-fafd2268af06,dlg-97fc8bfb-120e-41d2-b421-fafd2268af06_2_3,"Thank you, I love Maxwell, he's my favorite. Could you find me something else that is considered Neo-soul in the Neo-soul genre?",Sure thing. Here is Shai with If I Ever Fall In Love.,train
dlg-97fc8bfb-120e-41d2-b421-fafd2268af06,dlg-97fc8bfb-120e-41d2-b421-fafd2268af06_4_7,"Okay, I remember the song well, but it is definitely not Neo soul. How about something that's truly Neo soul? That would be something like Jill Scott or it can even be another Maxwell or Ledisi. Those are people who are Neo soul.","So you would like music that has emerged from Soul and R&B, is that correct? Here is Alicia Keys with Maxwell with Fire We Make.",train
dlg-981cb945-14bc-445c-9146-9f8d02e496cc,dlg-981cb945-14bc-445c-9146-9f8d02e496cc_1_8,"Hi, I'd like to help to find some music, please. I'd like to listen to something classical.",Here is your song. Beethoven's 5th Symphony in C Minor. How about classic music from Franz Liszt? Here is your song. Franz Liszt - Love Dream.,train
dlg-981cb945-14bc-445c-9146-9f8d02e496cc,dlg-981cb945-14bc-445c-9146-9f8d02e496cc_10_13,Do you think I could hear something more upbeat and classical?,How about Rigaudon by Andre Campra?,train
dlg-981cb945-14bc-445c-9146-9f8d02e496cc,dlg-981cb945-14bc-445c-9146-9f8d02e496cc_16_18,Could I hear another Beethoven song in classical?,Here is your song. Fur Elise by Ludwig Van Beethoven.,train
dlg-981cb945-14bc-445c-9146-9f8d02e496cc,dlg-981cb945-14bc-445c-9146-9f8d02e496cc_20_21,"Oh, that's a classic. I like that one. Thank you so much for the music today.",One of my favorites.,train
dlg-982fc97d-2e8e-43d5-9dba-7a996286e5b5,dlg-982fc97d-2e8e-43d5-9dba-7a996286e5b5_1_2,Can you play me a song by Christina Grimmie?,How about the song With Love by Christina Grimmie?,train
dlg-982fc97d-2e8e-43d5-9dba-7a996286e5b5,dlg-982fc97d-2e8e-43d5-9dba-7a996286e5b5_5_12,Do you think you can play one of her older song?,How about the song Snow White? Here's the song Anybody's You by Christina Grimmie.,train
dlg-985b9228-75e1-4b1f-8128-2ff773a44cba,dlg-985b9228-75e1-4b1f-8128-2ff773a44cba_0_25,"Hello, I would like help finding new music to listen to. Linkin Park.","Okay, Let me find a band similar to Linkin Park. Have you heard of the band Crossfade? Okay, let me find a song from Crossfade for you. Here's the song Cold by Crossfade. Here's the song So Far Away by Crossfade. Have you heard of the band Atomship? Here's the song pencil fight by Atomship. Here's the song dragonfly by Atomship.",train
dlg-98b07df0-bb4d-4447-8dc0-9494ccd4be33,dlg-98b07df0-bb4d-4447-8dc0-9494ccd4be33_0_2,I'd like to listen to some pop music.,I can help you with that. Katy Perry - Swish Swish.,train
dlg-98b07df0-bb4d-4447-8dc0-9494ccd4be33,dlg-98b07df0-bb4d-4447-8dc0-9494ccd4be33_3_4,I'd like to listen to something older.,"Okay, Thriller by Michael Jackson.",train
dlg-98b07df0-bb4d-4447-8dc0-9494ccd4be33,dlg-98b07df0-bb4d-4447-8dc0-9494ccd4be33_5_8,I'd like to listen to something by a female artist.,How about the queen of Pop? Madonna - Papa Don't Preach.,train
dlg-98b07df0-bb4d-4447-8dc0-9494ccd4be33,dlg-98b07df0-bb4d-4447-8dc0-9494ccd4be33_9_10,"I like thriller the best out of the three. Okay, I'm finished.",Can't go wrong with Michael Jackson.,train
dlg-98d2a278-55a5-4576-9cb7-7ad434c0ad22,dlg-98d2a278-55a5-4576-9cb7-7ad434c0ad22_0_9,"I'd like to listen to some new music, please play something maybe some rock music. Metallica. Metallica.","Okay, sure thing. Have you ever heard of the Foo Fighters or Creed? How about Rage Against the Machine or Iron Maiden? Oh, okay. I was trying to find something that you weren't familiar with so you could hear something new.",train
dlg-98d2a278-55a5-4576-9cb7-7ad434c0ad22,dlg-98d2a278-55a5-4576-9cb7-7ad434c0ad22_10_16,"Oh, yes. Okay, play something new.","Have you ever heard of Deep Purple? Okay, great. Here is Deep Purple Smoke On The Water. Sure thing, here is Deep Purple Child In Time.",train
dlg-98d2be28-6e81-48f5-8682-af6cc750dbb5,dlg-98d2be28-6e81-48f5-8682-af6cc750dbb5_0_1,I would like to hear some new music.,Here's En Vogue - Whatta Man.,train
dlg-98d2be28-6e81-48f5-8682-af6cc750dbb5,dlg-98d2be28-6e81-48f5-8682-af6cc750dbb5_2_6,"Yeah, that's a cool song. Play me something slower.","Heres Janet Jackson - Anytime, Anyplace.",train
dlg-98d2be28-6e81-48f5-8682-af6cc750dbb5,dlg-98d2be28-6e81-48f5-8682-af6cc750dbb5_7_8,"I love this song, it's a really cool song. It reminds me of my brother. Play me some Michael Jackson stuff like coffee house style.",Heres Michael Jackson - Stranger In Moscow.,train
dlg-98d2be28-6e81-48f5-8682-af6cc750dbb5,dlg-98d2be28-6e81-48f5-8682-af6cc750dbb5_11_12,How about something from his Off the Wall album?,Here's Michael Jackson - Off The Wall - I Can't Help It.,train
dlg-98f129da-a2ef-4cce-a348-2b8223581cd8,dlg-98f129da-a2ef-4cce-a348-2b8223581cd8_1_2,Hi. Play me a song by Taylor Swift.,Here is Blank Space by Taylor Swift.,train
dlg-98f129da-a2ef-4cce-a348-2b8223581cd8,dlg-98f129da-a2ef-4cce-a348-2b8223581cd8_3_6,Can you play the same song but by a different artist?,"Here is Blank Space by (Punk Goes Pop Style Cover) ""Post-Hardcore"".",train
dlg-98f129da-a2ef-4cce-a348-2b8223581cd8,dlg-98f129da-a2ef-4cce-a348-2b8223581cd8_11_12,How about Hotel California?,Here is Hotel California by Passenger.,train
dlg-9978537f-a204-43f3-ad32-5ee9426a4e70,dlg-9978537f-a204-43f3-ad32-5ee9426a4e70_1_5,"Hi, I was wondering if you would find me a song of your choice by Carly Simon. Yes, Carly Simon.","Carly Simon. Thank you so much, you got it. Here is Carly Simon with You're So Vain.",train
dlg-9978537f-a204-43f3-ad32-5ee9426a4e70,dlg-9978537f-a204-43f3-ad32-5ee9426a4e70_6_8,"Nice live performance, would you mind playing a similar song by a different artist?",Here's a similar artist named James Taylor with Fire and Rain.,train
dlg-9978537f-a204-43f3-ad32-5ee9426a4e70,dlg-9978537f-a204-43f3-ad32-5ee9426a4e70_9_10,It's a great song but maybe too sad for summer afternoon. Would you play some older material by either by Vince Taylor or Carly Simon?,"Yeah, sure thing. Here is James Taylor with Shower The People.",train
dlg-9a00261e-f3cf-4730-81f9-30ceab2beb29,dlg-9a00261e-f3cf-4730-81f9-30ceab2beb29_0_5,I want to listen to a song by Little Mix. I want to listen to a song by Little Mix.,Here is Little Mix - Touch.,validation
dlg-9a00261e-f3cf-4730-81f9-30ceab2beb29,dlg-9a00261e-f3cf-4730-81f9-30ceab2beb29_6_7,"Okay, you could stop that. So, I want to hear a song by kind of same type of music, Fifth Harmony. Play me a similar song by that artist.",Here is Fifth Harmony - That's My Girl.,validation
dlg-9b8e47b3-03de-4ecd-8b4c-39c13f02d00f,dlg-9b8e47b3-03de-4ecd-8b4c-39c13f02d00f_2_4,Can you play me an acoustic cover?,"Here is the song ""Sunday Morning¨.",train
dlg-9b8e47b3-03de-4ecd-8b4c-39c13f02d00f,dlg-9b8e47b3-03de-4ecd-8b4c-39c13f02d00f_5_8,Can you find one of higher quality?,How about the song ¨Payphone¨ originally sung by maroon 5 Boyce Avenue acoustic cover?,train
dlg-9b8e47b3-03de-4ecd-8b4c-39c13f02d00f,dlg-9b8e47b3-03de-4ecd-8b4c-39c13f02d00f_11_14,This one seems a little too close to the original. Can you find one that's a little bit more unique?,Here is the song called ¨Shape of You¨ originally sung by Ed Sheeran. Boyce Avenue acoustic cover.,train
dlg-9b8e47b3-03de-4ecd-8b4c-39c13f02d00f,dlg-9b8e47b3-03de-4ecd-8b4c-39c13f02d00f_15_19,Can you find a slower cover that's not quite so bouncy?,How about the song ¨Closer¨ by The Chainsmokers featuring Halsey? Boyce Avenue featuring. Sarah Hyland cover,train
dlg-9ba0efc8-a0cb-48ec-bc23-23b0fc755640,dlg-9ba0efc8-a0cb-48ec-bc23-23b0fc755640_2_3,Hello. Can you play something by August Burns Red?,Here is August Burns Red performing composure.,train
dlg-9ba0efc8-a0cb-48ec-bc23-23b0fc755640,dlg-9ba0efc8-a0cb-48ec-bc23-23b0fc755640_5_6,Okay. Can you play something newer by Elvis Martinez right now?,Here is the song Invisible Enemy by August Burns Red.,train
dlg-9ba0efc8-a0cb-48ec-bc23-23b0fc755640,dlg-9ba0efc8-a0cb-48ec-bc23-23b0fc755640_7_9,"This is really good track, too. Okay, now can you play something older by Elvis Springsed?",Here is the song whitewashed performed by August Burns Red.,train
dlg-9bde10c4-0082-4179-90c6-ea868b42a187,dlg-9bde10c4-0082-4179-90c6-ea868b42a187_0_13,"Hello, can I listen to Lil Peep? Actually, no. Can you help me find something new to listen to?",Baby Face Ray. Skeme - Won't Judge You.,train
dlg-9c045c4f-ca7c-400d-9108-9f3419cad4b5,dlg-9c045c4f-ca7c-400d-9108-9f3419cad4b5_1_6,"Hi, I'd like to listen to some jazz music, please. Give the most recent artist that's well known, please.","Okay, hold on. Jimmy Greene - Stanky Leg. Jimmy Greene - Stanky Leg.",train
dlg-9c045c4f-ca7c-400d-9108-9f3419cad4b5,dlg-9c045c4f-ca7c-400d-9108-9f3419cad4b5_7_9,Do you have anything more slow jazz music that's more slow paced?,Sure. Hold on just a second. Katharine McPhee - I Fall in Love to Easily. Katharine McPhee - I Fall in Love to Easily.,train
dlg-9c045c4f-ca7c-400d-9108-9f3419cad4b5,dlg-9c045c4f-ca7c-400d-9108-9f3419cad4b5_10_12,Do you have anything more traditional? That's pretty good one. Thank you.,"One moment. Horace Silver - Song for My Father. You're are welcome. Bye, See you later. Horace Silver - Song for My Father.",train
dlg-9c45fe74-7c89-4c74-a0d7-7b84c8234aed,dlg-9c45fe74-7c89-4c74-a0d7-7b84c8234aed_2_3,Hello. Can you play some Breaking Benjamin?,How about the song The Diary of Jane by Breaking Benjamin?,test
dlg-9c45fe74-7c89-4c74-a0d7-7b84c8234aed,dlg-9c45fe74-7c89-4c74-a0d7-7b84c8234aed_6_7,"Oh, this is really good. Okay. Can you play something newer by Breaking Benjamin?",Here is the one of the newer song called Ashes of Eden by Breaking Benjamin.,test
dlg-9c45fe74-7c89-4c74-a0d7-7b84c8234aed,dlg-9c45fe74-7c89-4c74-a0d7-7b84c8234aed_8_9,This is really good. Okay. Can you play like an older song for of Breaking Benjamin now?,How about the song So Cold by Breaking Benjamin?,test
dlg-9c7f3f61-bed6-45cc-8c88-413c3d333b77,dlg-9c7f3f61-bed6-45cc-8c88-413c3d333b77_2_3,I'd like you to help me browse some music of Michael Bolton.,Here is When a Man Loves a Woman of Michael Bolton.,train
dlg-9c7f3f61-bed6-45cc-8c88-413c3d333b77,dlg-9c7f3f61-bed6-45cc-8c88-413c3d333b77_4_5,"Can I hear something newer from him, please?",Here is Michael Bolton - Missing you now.,train
dlg-9c7f3f61-bed6-45cc-8c88-413c3d333b77,dlg-9c7f3f61-bed6-45cc-8c88-413c3d333b77_6_7,"Yeah, that's not really working. I'd like something from a different album, please.",Here is Steel Bars by Michael Bolton.,train
dlg-9cabc5ed-c11b-4854-92c0-55e78df95f4f,dlg-9cabc5ed-c11b-4854-92c0-55e78df95f4f_0_5,"Hi, I would like to hear few songs by Katy Burno Mars, please.",Here is that's what I like by Bruno Mars.,train
dlg-9cabc5ed-c11b-4854-92c0-55e78df95f4f,dlg-9cabc5ed-c11b-4854-92c0-55e78df95f4f_6_10,"Hey Assistant, thanks, I really like that song. Can I hear a similar song by a different artist?",Here are Friends by Justin Bieber.,train
dlg-9cabc5ed-c11b-4854-92c0-55e78df95f4f,dlg-9cabc5ed-c11b-4854-92c0-55e78df95f4f_11_15,"Oh, it's just that track is not playing. Can I hear a similar song by a different artist?",Here is if I'm lucky part 2 by Jason Derulo.,train
dlg-9cb01a22-a070-49e5-9941-ae50b34a403e,dlg-9cb01a22-a070-49e5-9941-ae50b34a403e_0_1,I'd like to hear some music by blink-182.,Here's the song first date by Blink-182.,test
dlg-9cb01a22-a070-49e5-9941-ae50b34a403e,dlg-9cb01a22-a070-49e5-9941-ae50b34a403e_2_4,I like the song. Show me new music by this band.,This will just be a second. Here's the song Los Angeles from Blink-182 from their newest album. Here's the song Los Angeles from Blink-182 from their newest album.,test
dlg-9cb01a22-a070-49e5-9941-ae50b34a403e,dlg-9cb01a22-a070-49e5-9941-ae50b34a403e_5_6,I like this song as well. Show me some other older music by this band.,Here's a song What's My Age Again by Blink-182.,test
dlg-9cb01a22-a070-49e5-9941-ae50b34a403e,dlg-9cb01a22-a070-49e5-9941-ae50b34a403e_7_8,The song is really good. Show me a different song from a different album by this band.,Country song She's Out Of Her Mind by Blink-182.,test
dlg-9cc34c07-985d-4adb-8a5d-49f82a20b53f,dlg-9cc34c07-985d-4adb-8a5d-49f82a20b53f_2_7,Hi. Can you show me a artist that sounds like Deadmau 5?,Have you heard of Knife Party? Here is your song. Knife Party - Bonfire.,train
dlg-9cc34c07-985d-4adb-8a5d-49f82a20b53f,dlg-9cc34c07-985d-4adb-8a5d-49f82a20b53f_8_13,That sounds really good. Could you send me another song by them? That was good.,Here is your song. Knife Party - Centipede.,train
dlg-9cc34c07-985d-4adb-8a5d-49f82a20b53f,dlg-9cc34c07-985d-4adb-8a5d-49f82a20b53f_14_18,This is really cool. Could you send me something that sounds like Suicide Boys now?,Have you heard of Rich Chigga? Here is your song. Rich Chigga - Glow Like Dat.,train
dlg-9cc34c07-985d-4adb-8a5d-49f82a20b53f,dlg-9cc34c07-985d-4adb-8a5d-49f82a20b53f_19_21,This is pretty cool. Could you send me another one by him?,Here is your song. Rich Chigga - Crisis ft. 21 Savage.,train
dlg-9ce4b1fe-d165-4c30-9d45-8b33f5b541f9,dlg-9ce4b1fe-d165-4c30-9d45-8b33f5b541f9_1_3,I'm interested in hearing some music by Lord Huron or an artist that's kind of like Lord Huron. Could you suggest me any favorable artists?,Lord Huron. let's see what I can find that you may not be familiar with. Have you heard about the artist Seafret or Esme Patterson?,train
dlg-9ce4b1fe-d165-4c30-9d45-8b33f5b541f9,dlg-9ce4b1fe-d165-4c30-9d45-8b33f5b541f9_4_8,No. Could you play Esmé Patterson?,And what about Honig? Here is the song called No River by Esme Patterson.,train
dlg-9ce4b1fe-d165-4c30-9d45-8b33f5b541f9,dlg-9ce4b1fe-d165-4c30-9d45-8b33f5b541f9_9_10,"Yes, that is a good song. Could you try play me the next one, the next artist, like the different artist that you suggested?",Here is the song called For Those Lost At Sea by the artist Honig.,train
dlg-9d4623ae-6c81-4a48-a216-874052b31728,dlg-9d4623ae-6c81-4a48-a216-874052b31728_0_10,"Hi, I'd like to hear a song by Michael Buble.",Michael Buble - I Believe in You. Michael Buble - It's A Beautiful Day. Michael Buble - Everything.,train
dlg-9d5e07bb-b17c-4f06-87e6-08e0b57f6be2,dlg-9d5e07bb-b17c-4f06-87e6-08e0b57f6be2_1_4,Hello. Could you play me a new artist that I don't know? I'm interested in R&B music. I really like Usher.,"Artist fans of Usher and joy is ""City Hi"", have you heard music from this band before?",train
dlg-9d5e07bb-b17c-4f06-87e6-08e0b57f6be2,dlg-9d5e07bb-b17c-4f06-87e6-08e0b57f6be2_5_6,I have not. Could you play me their newest song?,Here is City High performing What Would You Do.,train
dlg-9d5e07bb-b17c-4f06-87e6-08e0b57f6be2,dlg-9d5e07bb-b17c-4f06-87e6-08e0b57f6be2_7_11,"Okay, that's a good song.",Have you heard of the artist named Raphael Saadiq? Here is Raphael Saadiq performing Still Ray. Here is Raphael Saadiq featuring DeAngelo performing Be Here.,train
dlg-9d5e07bb-b17c-4f06-87e6-08e0b57f6be2,dlg-9d5e07bb-b17c-4f06-87e6-08e0b57f6be2_12_13,"Okay, play me one more different song by City High?",Here is City High performing Caramel.,train
dlg-9d6f2dd8-a05d-41cf-bf42-384b8fd699a6,dlg-9d6f2dd8-a05d-41cf-bf42-384b8fd699a6_1_2,"Hi, I'm looking for a song by the artist Usher.",Usher - Burn.,train
dlg-9d6f2dd8-a05d-41cf-bf42-384b8fd699a6,dlg-9d6f2dd8-a05d-41cf-bf42-384b8fd699a6_3_4,Alright. Do you have something from a different album maybe something older?,"Usher, Alicia Keys - My Boo.",train
dlg-9d6f2dd8-a05d-41cf-bf42-384b8fd699a6,dlg-9d6f2dd8-a05d-41cf-bf42-384b8fd699a6_5_8,Sound´s pretty good. Do you have something similar but by a different artist?,Ne-Yo - Miss Independent.,train
dlg-9d8ba668-0e48-40c0-bece-36c236334017,dlg-9d8ba668-0e48-40c0-bece-36c236334017_3_5,"Can play something more of tempo by the same artist, please?",The song Running Back featuring Lil Wayne by Wale?,train
dlg-9d8ba668-0e48-40c0-bece-36c236334017,dlg-9d8ba668-0e48-40c0-bece-36c236334017_6_10,"I like this beat a lot. Can you play something that is more upbeat with good club song? Can play this by the same artist? That's more of a club song, please.",Here is the song My Love featuring Major Lazer Wizkid & Dua Lipa by Wale.,train
dlg-9dc76592-2fcc-4669-aac3-cf6faa0bb319,dlg-9dc76592-2fcc-4669-aac3-cf6faa0bb319_1_4,"Hi, I like to hear a song with The Beatles. May be you go with John Lennon as the vocalist for The Beatles.","Okay, one moment. John Lennon - Imagine.",train
dlg-9dc76592-2fcc-4669-aac3-cf6faa0bb319,dlg-9dc76592-2fcc-4669-aac3-cf6faa0bb319_5_6,"Now I was thinking I really want to hear a The Beatles song sung by Paul McCartney. That's more like cup of tea, I like Paul McCartney More Is Better, so Paul McCartney singing The Beatles song.","Okay, just a moment. Paul McCartney - Silly Love Songs.",train
dlg-9e1cfba1-9c1b-4ef5-a299-5d2d9479744f,dlg-9e1cfba1-9c1b-4ef5-a299-5d2d9479744f_1_3,I'd like to hear something by Lady Gaga.,Here is Lady Gaga - Perfect Illusion.,train
dlg-9e1cfba1-9c1b-4ef5-a299-5d2d9479744f,dlg-9e1cfba1-9c1b-4ef5-a299-5d2d9479744f_7_10,Can you find me something that's a little more better? Can you play me something that's more happy?,Here is Lady Gaga with Telephone.,train
dlg-9e1cfba1-9c1b-4ef5-a299-5d2d9479744f,dlg-9e1cfba1-9c1b-4ef5-a299-5d2d9479744f_11_15,"Oh, this is really good. Can you play something with pop?",Here is Lady Gaga with Bad Romance.,train
dlg-9e284713-a114-4ee8-86a0-7fafb02e9d6f,dlg-9e284713-a114-4ee8-86a0-7fafb02e9d6f_0_4,"Hello Assistant, I'd like to hear some music by Billy Joel.","Yes, I can help you play music from Billy Joel. Here's the song Piano Man by Billy Joel.",train
dlg-9e284713-a114-4ee8-86a0-7fafb02e9d6f,dlg-9e284713-a114-4ee8-86a0-7fafb02e9d6f_6_14,"Oh, Assistant, that one didn't play very well. Can I hear something different by a similar artist to Billy Joel? Why I'm not getting any more? I'm not getting any in this hour. Well, just the one.",Have you heard of the artist Eric Clapton? He is very similar to Billy Jeol. Here's the song Tears in Heaven by Eric Clapton.,train
dlg-9e4445c2-3795-49f1-91bb-e3c19fc8bd72,dlg-9e4445c2-3795-49f1-91bb-e3c19fc8bd72_2_4,Can I hear a song by Flying Lotus?,Here is Coronus the Terminator by flying Lotus.,train
dlg-9e4445c2-3795-49f1-91bb-e3c19fc8bd72,dlg-9e4445c2-3795-49f1-91bb-e3c19fc8bd72_6_9,This is really cool. Can you send me a newer song by him?,Here is massage situation by flying Lotus.,train
dlg-9e4445c2-3795-49f1-91bb-e3c19fc8bd72,dlg-9e4445c2-3795-49f1-91bb-e3c19fc8bd72_11_13,This sounds pretty good. Can I hear a song by Kendrick Lamar now?,Here is DNA by Kendrick Lamar.,train
dlg-9e8383d0-bec6-4332-8e8e-24e3e0b19a02,dlg-9e8383d0-bec6-4332-8e8e-24e3e0b19a02_3_8,I like Maxwell and Joe Scott.,"Okay, Let me find an artist similar to Maxwell. Have you heard of the band Nova soul? Let me play you a song from them. I was unable to find a song by Nova soul on YouTube. Would you like to listen to RAF Camora instead? Here's the song Promo by RAF Camora.",train
dlg-9e8383d0-bec6-4332-8e8e-24e3e0b19a02,dlg-9e8383d0-bec6-4332-8e8e-24e3e0b19a02_9_12,"Okay, Let's try somebody else. That's nothing like Maxwell or Joe Scott.","Okay, Let me find another artist similar to Maxwell. Have you heard of Billy Cobham? He looks like a similar artist. One moment, Let me get a song by him. Here is the song Red Baron by Billy Cobham. What do you think of that song?",train
dlg-9e8383d0-bec6-4332-8e8e-24e3e0b19a02,dlg-9e8383d0-bec6-4332-8e8e-24e3e0b19a02_13_14,"That's much better. But I was thinking of something that had lyrics, something that is sort of jazz instrumental. But is definitely a little closer to Maxwell sound though. Is there any other artist you can give me?","Yes, I can find more for you. Have you heard of Eric Benet?",train
dlg-9e8383d0-bec6-4332-8e8e-24e3e0b19a02,dlg-9e8383d0-bec6-4332-8e8e-24e3e0b19a02_15_18,Eric Benet is one of my favorites.,"Okay, Let me find something similar that you haven't heard of. Do you know Eric Roberson? One moment, Let me get a song for you. Here is the song Picture Perfect featuring Phonte by Eric Roberson.",train
dlg-9e8383d0-bec6-4332-8e8e-24e3e0b19a02,dlg-9e8383d0-bec6-4332-8e8e-24e3e0b19a02_19_24,"Do you have another version of the song? That one is blocked. Nothing happened. That one is starting to play, thank you. Much better. Okay, do you have one other, either by him or someone else?","Yes, I found another similar song by John West have you heard of him? Okay. Here's the song Nobody by John West.",train
dlg-9ed2e0b5-db29-4301-9cbb-49855ea7ee98,dlg-9ed2e0b5-db29-4301-9cbb-49855ea7ee98_4_7,"Jay Z, please.",Have you heard of the artist Papoose or the group called The Beatnuts?,train
dlg-9ed2e0b5-db29-4301-9cbb-49855ea7ee98,dlg-9ed2e0b5-db29-4301-9cbb-49855ea7ee98_8_12,I have not heard of the crew called The Beanuts.,"Okay, let me play you something by The Beatnuts. Here is Look Around by The Beatnuts featuring Dead Prez.",train
dlg-9ed2e0b5-db29-4301-9cbb-49855ea7ee98,dlg-9ed2e0b5-db29-4301-9cbb-49855ea7ee98_15_18,It's pretty cold. Do you have any other recommendations?,Here is SE Acabo by The Beatnuts featuring Method Man.,train
dlg-9ed2e0b5-db29-4301-9cbb-49855ea7ee98,dlg-9ed2e0b5-db29-4301-9cbb-49855ea7ee98_20_22,This is a pretty good song. I like this song so much. Thank you very much for your suggestions.,"I can do that, how about another one of your favorite artist?",train
dlg-9ef5c9ff-8012-44a5-99ef-c632f12be7bf,dlg-9ef5c9ff-8012-44a5-99ef-c632f12be7bf_0_12,"Hi, I was wondering if you can help me find some new artist to listen. How about somebody that sounds a little like Taylor Swift?","Sure thing. Let's see what we got that's something similar to Taylor Swift. Have you ever heard of Carrie Underwood? Okay, how about The Band Perry? Here is The Band Perry - If I Die Young.",train
dlg-9ef5c9ff-8012-44a5-99ef-c632f12be7bf,dlg-9ef5c9ff-8012-44a5-99ef-c632f12be7bf_13_18,"Yes, pretty good. I like that. How about another artist? Maybe somebody that sounds a little like The Beatles.",Have you ever heard of The Black Keys? Well here is the Black Keys - Next Girl.,train
dlg-9f0fe8a9-d736-4a92-8861-c4c033549690,dlg-9f0fe8a9-d736-4a92-8861-c4c033549690_0_3,"Yes, can I please hear something by Michael Jackson?",Here is Michael Jackson - This Time Around.,train
dlg-9f0fe8a9-d736-4a92-8861-c4c033549690,dlg-9f0fe8a9-d736-4a92-8861-c4c033549690_5_10,Could I please hear something a little slower? What about love song by Michael Jackson?,Here is Michael Jackson - Stranger In Moscow.,train
dlg-9f0fe8a9-d736-4a92-8861-c4c033549690,dlg-9f0fe8a9-d736-4a92-8861-c4c033549690_11_13,"Assistant, that song is boring. Can I please hear something else? Could we go with something faster this time I might suggest?",Here is You Rock My World (With Intro) by Michael Jackson.,train
dlg-9f0fe8a9-d736-4a92-8861-c4c033549690,dlg-9f0fe8a9-d736-4a92-8861-c4c033549690_14_15,"Yes, I remember this song when I was a kid. I really liked it. Can I hear one more of Michael Jackson song?",Here is P.Y.T. (Pretty Young Thing) by Michael Jackson.,train
dlg-9f92c78c-a436-487d-b576-47462d2ca131,dlg-9f92c78c-a436-487d-b576-47462d2ca131_1_2,"I'd like some music to listen, please. Looking to hear something from the band Motley Crue.","You would like to hear something from Motley Crue, Correct?",train
dlg-9fbbca92-2b4b-45e2-b2b1-3007971da68f,dlg-9fbbca92-2b4b-45e2-b2b1-3007971da68f_3_23,"Nirvana, Alice in Chains.",Nirvana. Let me see what I can find that's similar to Nirvana. Have you heard of the band Foo Fighters? What about Sound garden? How about Nine Inch Nails? And also how about Arctic Monkeys? Here's the song called The Hand That Feeds by Nine Inch Nails. Here's the song called LESS THAN by Nine Inch Nails. Are you ready to listen to a song by Arctic Monkeys. Here's the song Arabella by arctic monkeys. Here's another one called Only Ones Who Know by Arctic Monkeys.,train
dlg-a00360b5-c00e-4e35-9247-ee2d41c60797,dlg-a00360b5-c00e-4e35-9247-ee2d41c60797_0_3,I'd like to listen to something by the incredibly talented artist Hough Simon.,Here's Paul Simon - Slip Slidin away.,validation
dlg-a00360b5-c00e-4e35-9247-ee2d41c60797,dlg-a00360b5-c00e-4e35-9247-ee2d41c60797_4_7,"Can you please play something more recent from Paul Simon? I feel very good about this track, but could you please play something more recent by Paul Simon?",Here's Street Angel - Paul Simon.,validation
dlg-a00360b5-c00e-4e35-9247-ee2d41c60797,dlg-a00360b5-c00e-4e35-9247-ee2d41c60797_8_12,"This track is blocked. Can you play another version of this, please?",I cannot find another video for this song. Let me find a new recent Paul Simon video. Here's Wristband live- Paul Simon.,validation
dlg-a00360b5-c00e-4e35-9247-ee2d41c60797,dlg-a00360b5-c00e-4e35-9247-ee2d41c60797_13_14,I appreciate the use of clapping to introduce the song. Could you please play a different selection? One that's much earlier in Paul Simon's solo career.,"Of course, Paul Simon - Run That Body Down.",validation
dlg-a019912b-6655-4c1e-906c-5c63203e6179,dlg-a019912b-6655-4c1e-906c-5c63203e6179_3_13,Play something by Gucci Mane.,Something else by gucci mane? The Weeknd feat. Gucci Mane - Curve (Lyrics). Gucci Mane - Numbers So Low.,test
dlg-a08ac197-b636-412a-8bee-227bdd184421,dlg-a08ac197-b636-412a-8bee-227bdd184421_1_2,"Hello, I like some help browsing the music of Blake Shelton, please.",How about the song Every Time I Hear That Song by Blake Shelton?,test
dlg-a08ac197-b636-412a-8bee-227bdd184421,dlg-a08ac197-b636-412a-8bee-227bdd184421_5_6,"I like that, but could I hear something from a different album, please?","Sure, One Moment. How about the song Came Here To Forget by Blake Shelton?",test
dlg-a08ac197-b636-412a-8bee-227bdd184421,dlg-a08ac197-b636-412a-8bee-227bdd184421_8_13,I like that a lot. How about something a little older?,How about the song She Wouldn't Be Gone? Here is the song She Wouldn't Be Gone by Blake Shelton.,test
dlg-a08d6cb5-3f0b-46b0-8cd9-73bae18a5041,dlg-a08d6cb5-3f0b-46b0-8cd9-73bae18a5041_4_18,Coldplay.,"Okay, let me see what artists I can find based on Coldplay. Have you heard of The Gorillas or Franz Ferdinand? Okay, let me see what I can find by The Gorillaz. Here is Clint Eastwood by The Gorillaz. Here is Feel Good Inc by The Gorillaz.",train
dlg-a0fa675e-88b9-4ad7-bb5c-3865830b7cf7,dlg-a0fa675e-88b9-4ad7-bb5c-3865830b7cf7_1_3,"I'd like to listen to a track of music from the classical genre, please.",Here is Edvard Grieg - Peer Gynt Suites - 1 and 2.,validation
dlg-a0fa675e-88b9-4ad7-bb5c-3865830b7cf7,dlg-a0fa675e-88b9-4ad7-bb5c-3865830b7cf7_4_5,"Can you please play a different track with a faster tempo, please?","Here is Vivaldi, performing Four Seasons.",validation
dlg-a0fa675e-88b9-4ad7-bb5c-3865830b7cf7,dlg-a0fa675e-88b9-4ad7-bb5c-3865830b7cf7_6_7,"Can you please play a track that differs from this one, which is a recent composition, please?","Here is Berlioz, Les Troyens: Vallon Sonore.",validation
dlg-a0fa675e-88b9-4ad7-bb5c-3865830b7cf7,dlg-a0fa675e-88b9-4ad7-bb5c-3865830b7cf7_8_9,"Can you please play a different track that uses a larger symphony, please?","Here is Daniil Trifonov - Fantaisie-Impromptu In C-Sharp Minor, Op. 66.",validation
dlg-a0fa675e-88b9-4ad7-bb5c-3865830b7cf7,dlg-a0fa675e-88b9-4ad7-bb5c-3865830b7cf7_10_11,Trifonov's Rendition is my favorite.,He utilizes the sound amazingly.,validation
dlg-a1302c5e-506c-412a-b53c-3a72150e6f97,dlg-a1302c5e-506c-412a-b53c-3a72150e6f97_0_4,"Hello Assistant, I'm interested in hearing a song by Peter Gabriel on YouTube.","Here is ""Don't Give Up"" by Peter Gabriel.",train
dlg-a1302c5e-506c-412a-b53c-3a72150e6f97,dlg-a1302c5e-506c-412a-b53c-3a72150e6f97_5_8,That was excellent. I would like to see another video of Peter Gabriel from the time when he was in Genesis. Can you send me a YouTube video like that?,"Here is ""7 stones"" by Genesis.",train
dlg-a1302c5e-506c-412a-b53c-3a72150e6f97,dlg-a1302c5e-506c-412a-b53c-3a72150e6f97_9_11,"Thank you. That was an excellent song once again. Can you play me a song called ""The Lamb Lies Down on Broadway"" by Genesis?","Here is the ""Lamb Lies Down On Broadway"" by Genesis.",train
dlg-a14a0191-bae1-4bed-9897-438d22e57ca1,dlg-a14a0191-bae1-4bed-9897-438d22e57ca1_0_4,"I wonder if you would play me something by Gucci Mane. Sorry, play something by Gucci Mane.",Here is Gucci Mane bucket list.,train
dlg-a14a0191-bae1-4bed-9897-438d22e57ca1,dlg-a14a0191-bae1-4bed-9897-438d22e57ca1_5_6,"Some tune with a nicer car on the video, but would you mind playing something from a different album?",Here's Gucci Mane Lemonade.,train
dlg-a14a0191-bae1-4bed-9897-438d22e57ca1,dlg-a14a0191-bae1-4bed-9897-438d22e57ca1_7_8,"Now, this is one of my very favorite Gucci Mane's tracks, it's an absolute classic, but would you mind finding some even older material to play?",Here is Gucci Mane's first ever song called Washed.,train
dlg-a1c19b60-6275-4300-9ca1-686486e13394,dlg-a1c19b60-6275-4300-9ca1-686486e13394_1_2,Yes. I'd like to hear a song by James Taylor.,Carolina In My Mind by James Taylor.,train
dlg-a1c19b60-6275-4300-9ca1-686486e13394,dlg-a1c19b60-6275-4300-9ca1-686486e13394_3_4,"Could you play a song by James Taylor from his later works, please?",You And I Again by James Taylor.,train
dlg-a1c19b60-6275-4300-9ca1-686486e13394,dlg-a1c19b60-6275-4300-9ca1-686486e13394_5_8,"I appreciate, how the slow methodical rhythm of the song start. Lastly, could you please play a song in which James Taylor sings in a duet? Lastly, could you please play a song in which James Taylor sings in a duet?","Hold on. ""You Can Close Your Eyes"" by James Taylor and Stephen. Your welcome. ""You Can Close Your Eyes"" by James Taylor and Stephen.",train
dlg-a1e5c26c-8b0a-4a22-80c5-8b916d858720,dlg-a1e5c26c-8b0a-4a22-80c5-8b916d858720_1_10,"Hello. I'd like to discover some new Tom May music, please. Luke Bryan.",Okay Luke Bryan. Let's see what else I can find that you may not be familiar with. Are you familiar with Jamey Johnson? Here is your song. The Part by Jamey Johnson.,train
dlg-a1e5c26c-8b0a-4a22-80c5-8b916d858720,dlg-a1e5c26c-8b0a-4a22-80c5-8b916d858720_11_18,It's pretty good.,Would you like to hear a similar artists? Have you heard of Gary Allan? How about Gloriana? Here is your song. Wild At Heart by Gloriana.,train
dlg-a1e92906-582d-4b0c-91ae-a0ca00c12185,dlg-a1e92906-582d-4b0c-91ae-a0ca00c12185_3_4,Can you play me a song by David Bowie?,Sure thing. This will just be a second. Here is Starman by David Bowie.,train
dlg-a1e92906-582d-4b0c-91ae-a0ca00c12185,dlg-a1e92906-582d-4b0c-91ae-a0ca00c12185_5_11,"That was really nice. Can I listen to a newer, a later song by Bowie maybe something from the 1980's? Assistant, that was a very good choice. Can I hear one more song from David Bowie?","Sure thing, Hold on. Here is under pressure by David Bowie featuring Queen. Here is under pressure by David Bowie featuring Queen.",train
dlg-a242e700-d200-410f-979a-1c7a4c43fbbc,dlg-a242e700-d200-410f-979a-1c7a4c43fbbc_0_3,"Hi, I'd like to hear some music from Barry Manilow.",Here's the music from Barry Manilow.,train
dlg-a242e700-d200-410f-979a-1c7a4c43fbbc,dlg-a242e700-d200-410f-979a-1c7a4c43fbbc_4_11,"Oh, cool. That is the coolest thing I've ever heard. There's something about it. Can you play me a different song from this same album? I think, it's called Mandy.",Here's the song called Mandy.,train
dlg-a26db3dd-bfc0-4c5a-b35b-41eee09f11b2,dlg-a26db3dd-bfc0-4c5a-b35b-41eee09f11b2_0_7,Hi assistant. I would like to hear something new similar to Bruno Mars.,Okay I can help you with that. Let me find you an artist similar to Bruno Mars. Have you heard of the artist Mike Posner? Here's the song Bow Chicka Wow Wow by Mike Posner featuring Lil Wayne.,train
dlg-a26db3dd-bfc0-4c5a-b35b-41eee09f11b2,dlg-a26db3dd-bfc0-4c5a-b35b-41eee09f11b2_11_18,"Thank you, Bow Chicka Wow Wow I don't know this song.",Here's a different song  called a perfect Mess by Mike Posner. Here's another song by Mike Posner featuring team Sandy Adams and Niykee Heaton called We own it.,train
dlg-a295acbd-1979-4726-b958-099955f126ac,dlg-a295acbd-1979-4726-b958-099955f126ac_3_8,Adele.,"OK, Adele. Let's see what else I can find that you may not be familiar with. Have you heard of the artist named Rachael Yamagata? Here is the video of Rachael Yamagata.",train
dlg-a2b44c38-5da9-45f7-a74c-340eab164888,dlg-a2b44c38-5da9-45f7-a74c-340eab164888_0_5,I'd like to hear some music by Justine Timberlake.,Justin Timberlake coming up. Here is what goes around by Justin Timber lake. Here is Justin Timber lake rock your body.,train
dlg-a2b44c38-5da9-45f7-a74c-340eab164888,dlg-a2b44c38-5da9-45f7-a74c-340eab164888_7_8,I don't like this song too much. Similar song by different artist.,Here is 98 degrees with I do.,train
dlg-a2f244cc-227f-44f1-b30c-ed8d08b9bbfb,dlg-a2f244cc-227f-44f1-b30c-ed8d08b9bbfb_1_4,"Hi, can I hear a song by Drake?",Do you need recent song or old song? Here is your song. Drake - Passionfruit.,train
dlg-a2f244cc-227f-44f1-b30c-ed8d08b9bbfb,dlg-a2f244cc-227f-44f1-b30c-ed8d08b9bbfb_5_7,This is pretty cool. Could I get an older one now?,Here is your song. Show Me A Good Time (Explicit).,train
dlg-a2f244cc-227f-44f1-b30c-ed8d08b9bbfb,dlg-a2f244cc-227f-44f1-b30c-ed8d08b9bbfb_8_9,Okay. Cool. Can I get a song by Future now?,Here is your song. Future - Mask Off (Remix) Feat. Kendrick Lamar.,train
dlg-a2f5fd94-e3b0-4cb9-bcd2-3ee4af106063,dlg-a2f5fd94-e3b0-4cb9-bcd2-3ee4af106063_1_6,"Hi there, I want to find some new music to listen. How about Edge of Sanity?",Have you heard the group called dismember? Live Blasphemies by DISMEMBER.,train
dlg-a2f5fd94-e3b0-4cb9-bcd2-3ee4af106063,dlg-a2f5fd94-e3b0-4cb9-bcd2-3ee4af106063_10_14,How about something by Eric something similar to Witherscape?,"One second, Have you heard of a group called Black Crown Initiate? Selves, We Cannot Forgive by Black Crown Initiate.",train
dlg-a3346174-bb27-4c92-9419-3af2ad3efc55,dlg-a3346174-bb27-4c92-9419-3af2ad3efc55_1_2,Can you play me a party song?,"Sure, Party Till We Die -Makj.",train
dlg-a3346174-bb27-4c92-9419-3af2ad3efc55,dlg-a3346174-bb27-4c92-9419-3af2ad3efc55_3_4,"Can you play one with a little less, I guess, vocalization, you would say?",DJ Snake & Lil Jon - Turn Down For What.,train
dlg-a3346174-bb27-4c92-9419-3af2ad3efc55,dlg-a3346174-bb27-4c92-9419-3af2ad3efc55_5_6,"I really like the vibe of this one, but I've heard it a lot. Can you find one that's slightly less popular? But it has the same kind of feel?",Of course. Flo Rida - GDFR.,train
dlg-a3346174-bb27-4c92-9419-3af2ad3efc55,dlg-a3346174-bb27-4c92-9419-3af2ad3efc55_7_8,Are there any female covers of this song or a song like this?,Cardi B- Bodak Yellow.,train
dlg-a33a7bc2-c9c1-413b-b4cc-ac67d0f32ee8,dlg-a33a7bc2-c9c1-413b-b4cc-ac67d0f32ee8_2_4,Can you play me a song by Bruno Mars?,When I Was Your Man - Bruno Mars lyric.,train
dlg-a33a7bc2-c9c1-413b-b4cc-ac67d0f32ee8,dlg-a33a7bc2-c9c1-413b-b4cc-ac67d0f32ee8_6_8,"Normally, I love this song, but I think right now I prefer something that's not quite this sad.",Bruno Mars - Count on me lyrics.,train
dlg-a33a7bc2-c9c1-413b-b4cc-ac67d0f32ee8,dlg-a33a7bc2-c9c1-413b-b4cc-ac67d0f32ee8_10_13,I felt I've heard this one a lot of times. Can you play one of his newer songs?,Bruno Mars - Finesse ft. Cardi B (Lyrics).,train
dlg-a3b8461e-cfef-4a93-be1d-0963c885eeec,dlg-a3b8461e-cfef-4a93-be1d-0963c885eeec_0_8,"Hi. I need help finding a new artist to listen to, please. I like Wale.",Have you heard of an artist name K'naan? Take A Minute by K'naan.,train
dlg-a3b8461e-cfef-4a93-be1d-0963c885eeec,dlg-a3b8461e-cfef-4a93-be1d-0963c885eeec_9_14,This is a good song. Do you have any other recommendations?,Have you heard of artist name Rae Spoon? You Like All the Parties by Rae Spoon.,train
dlg-a3c21568-cef2-4006-af99-c16e3401d034,dlg-a3c21568-cef2-4006-af99-c16e3401d034_0_3,"Hi, can I hear something by Justin Timberlake?",Here is Justin Timber Lake- Cry Me A River.,train
dlg-a3c21568-cef2-4006-af99-c16e3401d034,dlg-a3c21568-cef2-4006-af99-c16e3401d034_6_7,Can I listen to something from him but something more recent?,Here is What Goes Around-Justin Timberlake.,train
dlg-a3c21568-cef2-4006-af99-c16e3401d034,dlg-a3c21568-cef2-4006-af99-c16e3401d034_8_10,"Okay, do you have another Justin Timberlake? That was good but something maybe a little bit slower?","Okay, something slower. Here is Justin Timberlake - ""Like I Love You.""",train
dlg-a3cbc10f-54d3-4403-ae29-0e7bee55878d,dlg-a3cbc10f-54d3-4403-ae29-0e7bee55878d_1_6,I'd like to hear some music which is by Linkin Park.,"Okay, here is Linkin park performing numb. Here is their newest single, Burn It Down by Linkin Park. Here is the song, Somewhere I Belong performed by Linkin Park.",train
dlg-a3d492c6-e18b-4b8f-a739-851ea787ce22,dlg-a3d492c6-e18b-4b8f-a739-851ea787ce22_0_3,I want to hear something by Disturbed.,Here is the Vengeful one by Disturbed.,train
dlg-a3d492c6-e18b-4b8f-a739-851ea787ce22,dlg-a3d492c6-e18b-4b8f-a739-851ea787ce22_6_15,I'd like to hear more from Disturbed.,Would you like to hear more from Disturbed? Here is Down with The Sickness by Disturbed. Here is the System of A Down the song by Chop Suey. Here is Chop Suey performing the Undercover.,train
dlg-a3fbf0c7-29a8-4afa-98f7-93dc4f967f90,dlg-a3fbf0c7-29a8-4afa-98f7-93dc4f967f90_0_7,"Hi, I'd like to hear something by Lady Gaga.",Here is Lady Gaga's-Bad Romance. Here is Britney Spears-Toxic. Here is Britney Spears-I Did it Again.,train
dlg-a42200bb-1d8d-4f9c-9c07-b048b6e5b194,dlg-a42200bb-1d8d-4f9c-9c07-b048b6e5b194_1_2,"Hi, I'd like to listen to some music by Childish Gambino.","Okay, I got it. Her is Childish Gambino - 3005. Go through with this.",train
dlg-a42200bb-1d8d-4f9c-9c07-b048b6e5b194,dlg-a42200bb-1d8d-4f9c-9c07-b048b6e5b194_3_4,Can you get some new one by the same artist?,"Yes, sure I will. Here is Childish Gambino - Redbone. Go through with this.",train
dlg-a42200bb-1d8d-4f9c-9c07-b048b6e5b194,dlg-a42200bb-1d8d-4f9c-9c07-b048b6e5b194_5_7,I don't like what is playing. Can you a play a similar song by different artist?,Here is Redbone - Come And Get Your Love. Go through with this.,train
dlg-a4265392-bb71-4d03-8a20-1457a7cedd81,dlg-a4265392-bb71-4d03-8a20-1457a7cedd81_2_3,I'd like to hear a song by Katy Perry.,Recent or old?,train
dlg-a4265392-bb71-4d03-8a20-1457a7cedd81,dlg-a4265392-bb71-4d03-8a20-1457a7cedd81_4_5,Old.,Katy Perry Dark Horse Lyrics.,train
dlg-a4265392-bb71-4d03-8a20-1457a7cedd81,dlg-a4265392-bb71-4d03-8a20-1457a7cedd81_6_11,Change the music to something by the similar artist.,On My Mind - Ellie Goulding. Kygo & Ellie Goulding - First Time.,train
dlg-a43a2ee6-3ce4-4a8e-b9a4-c0a69ec9f924,dlg-a43a2ee6-3ce4-4a8e-b9a4-c0a69ec9f924_0_11,I want to hear something by Metallica.,How about some hip hop? How about some dj quik?,validation
dlg-a43d404c-428a-4997-9bf5-df2deb5d8309,dlg-a43d404c-428a-4997-9bf5-df2deb5d8309_0_8,"Hi, I was wanting to listen to something by Dying Fetus.","Sure thing, coming up right now with Dying Fetus. Here is your Treachery will die with you by Dying Fetus. Here is Dying Fetus Kill Your Mother Rape Your Dog.",train
dlg-a44432dd-daf0-488b-adaf-17f5283ecb52,dlg-a44432dd-daf0-488b-adaf-17f5283ecb52_1_6,"Hi, I need help looking for music to listen to. Can you play something by Wale, please?","Okay. Here is Wale performing Lotus Flower Bomb. Here is Wa Lay featuring Lil Wayne, performing Running Back. Here is Waka Flocka Flame featuring Wa Lay, No Hands.",train
dlg-a44c6df6-1442-44e2-8fc3-0d9465f4749b,dlg-a44c6df6-1442-44e2-8fc3-0d9465f4749b_5_13,I was thinking about something new. I like Adele and Sara Bareilles.,Do you listen to Lorde? Heres Lorde - Perfect Places.,validation
dlg-a44c6df6-1442-44e2-8fc3-0d9465f4749b,dlg-a44c6df6-1442-44e2-8fc3-0d9465f4749b_14_18,That video didn't play. Could you find another version of the same song?,Have you listened to Alicia Keys?,validation
dlg-a44c6df6-1442-44e2-8fc3-0d9465f4749b,dlg-a44c6df6-1442-44e2-8fc3-0d9465f4749b_19_20,Alicia Keys is one of my favorites.,What about Ray Charles?,validation
dlg-a44c6df6-1442-44e2-8fc3-0d9465f4749b,dlg-a44c6df6-1442-44e2-8fc3-0d9465f4749b_21_25,I guess I don't know the tone of Ray Charles' music.,Have you listened to Frank Ocean? Here are Pyramids by Frank Ocean. This song is particularly good.,validation
dlg-a44c6df6-1442-44e2-8fc3-0d9465f4749b,dlg-a44c6df6-1442-44e2-8fc3-0d9465f4749b_26_29,"Can you find another version of it for me? That one won't play, it's been blocked. Still blocked.",The second half of the song is even better.,validation
dlg-a48ea512-338a-41fe-b630-5bf0ae9946cb,dlg-a48ea512-338a-41fe-b630-5bf0ae9946cb_0_4,Hi. Let me hear something by Radiohead.,Radiohead you got it. Here's Man-Of-War by Radiohead.,train
dlg-a48ea512-338a-41fe-b630-5bf0ae9946cb,dlg-a48ea512-338a-41fe-b630-5bf0ae9946cb_5_6,"This sounds okay. Please, play something with more bass in it.",Here is Creep by Radiohead.,train
dlg-a48ea512-338a-41fe-b630-5bf0ae9946cb,dlg-a48ea512-338a-41fe-b630-5bf0ae9946cb_7_8,"I don't like this one. Please, find another song by Radiohead with more bass.",Here is Surprises by Radiohead.,train
dlg-a49d25c3-c4c1-4354-9f2a-faa17c6165c6,dlg-a49d25c3-c4c1-4354-9f2a-faa17c6165c6_1_2,Could you play music by Fifth Harmony?,That's My Girl by Fifth Harmony.,train
dlg-a49d25c3-c4c1-4354-9f2a-faa17c6165c6,dlg-a49d25c3-c4c1-4354-9f2a-faa17c6165c6_3_4,Okay. Send me the same song by a different artist like a cover song.,Hold on just a second. That's My Girl by Diana Prince.,train
dlg-a4fcf9fc-c780-4d87-a0b7-87cce40ce032,dlg-a4fcf9fc-c780-4d87-a0b7-87cce40ce032_1_10,"Hello, I'd like to take some help discovering new Tumi Music. Kenny Chesney.","Okay, Kenny Chesney. Let's see what else I can find that you may not be familiar with. Have you heard the artist Martina McBride? How about the artist Jamey Johnson? In Color by Jamey Johnson.",validation
dlg-a4fcf9fc-c780-4d87-a0b7-87cce40ce032,dlg-a4fcf9fc-c780-4d87-a0b7-87cce40ce032_11_16,"No, it's okay, but it's little slow.",Would like to hear the artist similar to Kenny Chesney? Have you heard about the Artist Joe Nichols? Baby Got Back by Joe Nichols.,validation
dlg-a54ba391-5e2a-4c41-a2e0-8f3e426134e2,dlg-a54ba391-5e2a-4c41-a2e0-8f3e426134e2_1_4,Hi. I was wondering if can play me something by Ed Sheeran. Okay. How about something about his latest album?,Sure. Perfect - Ed Sheeran (Lyrics).,train
dlg-a54ba391-5e2a-4c41-a2e0-8f3e426134e2,dlg-a54ba391-5e2a-4c41-a2e0-8f3e426134e2_6_8,No. It's not really what I want to hear. How about a similar song by a different artist?,Macklemore - Glorious Lyrics.,train
dlg-a56aee4f-1382-4d3e-b9ba-324ed47b3b6d,dlg-a56aee4f-1382-4d3e-b9ba-324ed47b3b6d_1_4,"Hello, I was wondering if you can play me some Mr. Brownstone by Guns N' Roses.",Here is Mr Brownstone by Guns and Roses.,train
dlg-a56aee4f-1382-4d3e-b9ba-324ed47b3b6d,dlg-a56aee4f-1382-4d3e-b9ba-324ed47b3b6d_5_6,"Okay, That's pretty good. How about a different song of the same album Welcome To The Jungle?","How about the title track, Welcome to the jungle.",train
dlg-a56aee4f-1382-4d3e-b9ba-324ed47b3b6d,dlg-a56aee4f-1382-4d3e-b9ba-324ed47b3b6d_7_10,"Okay, How about something newer, How about something offer Chinese?",Here is Chinese Democracy by Guns and Roses.,train
dlg-a573d778-d93a-4164-af48-dac5b3429fff,dlg-a573d778-d93a-4164-af48-dac5b3429fff_0_4,"Well, I was wondering if you can help me browse some music of Toby Keith, please.",Toby Keith is coming up in your Que. Here is Toby Keith Courtesy of the Red White and Blue.,train
dlg-a573d778-d93a-4164-af48-dac5b3429fff,dlg-a573d778-d93a-4164-af48-dac5b3429fff_6_13,Can you play a different version of that song?,Here is the same song Toby Keith Courtesy of the Red White and Blue. Here is Toby Keith Courtesy of the Red White and Blue.,train
dlg-a573d778-d93a-4164-af48-dac5b3429fff,dlg-a573d778-d93a-4164-af48-dac5b3429fff_14_15,"Could you play me a different song by Toby Keith, please?",The sure thing here is Toby Keith Song - How Do You Like Me Now.,train
dlg-a573d778-d93a-4164-af48-dac5b3429fff,dlg-a573d778-d93a-4164-af48-dac5b3429fff_16_18,That is classic. Do you have any similar artists to Toby Keith?,Here are the Brooks and Dunn with my maria.,train
dlg-a573d778-d93a-4164-af48-dac5b3429fff,dlg-a573d778-d93a-4164-af48-dac5b3429fff_19_20,"Yeah, but I heard that one long time ago, I like it. Thank you very much for your help.",I'm glad I could bring back some nostalgic memory for you. Take care and I hope you have a great day.,train
dlg-a5ae1183-9333-4afa-ad8a-4c1954a1d1cb,dlg-a5ae1183-9333-4afa-ad8a-4c1954a1d1cb_1_4,"Hi, Can you play me something by Chris Stapleton?",Either way -Chris Stapleton.,train
dlg-a5ae1183-9333-4afa-ad8a-4c1954a1d1cb,dlg-a5ae1183-9333-4afa-ad8a-4c1954a1d1cb_5_7,Alright. Now can you play A Chris Stapleton performance on SNL if it's available?,Chris Stapleton: Midnight Train to Memphis (Live).,train
dlg-a5ae1183-9333-4afa-ad8a-4c1954a1d1cb,dlg-a5ae1183-9333-4afa-ad8a-4c1954a1d1cb_8_12,Alright. Can you play some old Chris Stapleton? Maybe from his first album?,Chris Stapleton - Was It 26.,train
dlg-a5b564ae-d790-4944-91f7-04119392d1e3,dlg-a5b564ae-d790-4944-91f7-04119392d1e3_0_9,"Hello, I need to find some new music similar to the artist As I Lay Dying.","Have you ever heard of Soil´s work? Okay, here is Soil work with nerve. Okay, have you ever heard of Asking Alexandria? Okay, here is a prophecy Asking Alexandria.",validation
dlg-a642569d-ec03-4a8f-8a1e-bf0ffaa6245f,dlg-a642569d-ec03-4a8f-8a1e-bf0ffaa6245f_1_4,"Hi, can I hear a song by the band called Neck Deep?",Here's the song In Bloom by Neck-Deep.,train
dlg-a642569d-ec03-4a8f-8a1e-bf0ffaa6245f,dlg-a642569d-ec03-4a8f-8a1e-bf0ffaa6245f_5_7,"Awesome, can you send me a song by The Story So Far now?",Here's the song Out Of It by The Story So Far.,train
dlg-a642569d-ec03-4a8f-8a1e-bf0ffaa6245f,dlg-a642569d-ec03-4a8f-8a1e-bf0ffaa6245f_8_9,That song is great. Can you send me another one by them?,Here's the song the Waiting Room.,train
dlg-a6a2d953-fd3b-4c0d-b0a3-ee1dfa95126a,dlg-a6a2d953-fd3b-4c0d-b0a3-ee1dfa95126a_0_2,I'd like to hear some music by Katy Perry.,Okay sure. Here is Katy Perry with birthday cup.,train
dlg-a6a2d953-fd3b-4c0d-b0a3-ee1dfa95126a,dlg-a6a2d953-fd3b-4c0d-b0a3-ee1dfa95126a_3_6,Do I have Older material?,Here it is the Katy Perry Hot and Cold. Here it is the Katy Perry with bon appetit.,train
dlg-a6cae987-8d48-430b-9020-0063482ae180,dlg-a6cae987-8d48-430b-9020-0063482ae180_1_4,"Hi, can I listen to a song by Taylor Swift?",Here is Blank Space by Taylor Swift.,train
dlg-a6cae987-8d48-430b-9020-0063482ae180,dlg-a6cae987-8d48-430b-9020-0063482ae180_5_8,"Yeah, it's actually Shake It Off but either way, I think both of those songs are a little too upbeat. Can you play one of her slower songs?",Here is I Don't Wanna Live Forever by Taylor Swift Feat Zayne.,train
dlg-a6cae987-8d48-430b-9020-0063482ae180,dlg-a6cae987-8d48-430b-9020-0063482ae180_14_18,"That's okay. That's one of her newer songs anyway, do you think you can play one of her older songs?",Here is Fifteen by Taylor Swift.,train
dlg-a7340472-2990-4f1f-a6ff-328bb93854d2,dlg-a7340472-2990-4f1f-a6ff-328bb93854d2_3_4,Something by Alkaline Trio.,Here is Alkaline Trio-Radio.,train
dlg-a7340472-2990-4f1f-a6ff-328bb93854d2,dlg-a7340472-2990-4f1f-a6ff-328bb93854d2_5_6,"Actually, I like some old songs by them.",Okay. Here is Alkaline Trio's This Addiction.,train
dlg-a7340472-2990-4f1f-a6ff-328bb93854d2,dlg-a7340472-2990-4f1f-a6ff-328bb93854d2_7_8,How about something even older than this.,Here is Sadie - Alkaline Trio.,train
dlg-a768531d-a552-4850-97a8-abaf4515054b,dlg-a768531d-a552-4850-97a8-abaf4515054b_2_4,"Hey, can you play something by Shampoo?","Give me one second, I find songs by the artist named shampoo. Here is ding dong performed by shampoo.",test
dlg-a768531d-a552-4850-97a8-abaf4515054b,dlg-a768531d-a552-4850-97a8-abaf4515054b_5_8,That's actually really cool. Really good message with that. Could you find something else by them a little more upbeat?,How about the song Gas?,test
dlg-a7a4e165-dbb8-401e-b56f-7de0c7e96512,dlg-a7a4e165-dbb8-401e-b56f-7de0c7e96512_1_5,"Hello. Can you please play something by Paul Simon, please?","Here Comes the Sun by A Tribute to George Harrison by Paul Simon, Crosby and Grahm Nash.",validation
dlg-a7a4e165-dbb8-401e-b56f-7de0c7e96512,dlg-a7a4e165-dbb8-401e-b56f-7de0c7e96512_6_8,"Great, this is a very interesting way of his singing to me. Lastly, could you show me something in which Paul Simon sings in a duet with somebody else?",Me And Julio Down By The Schoolyard by Paul Simon and Stevie Wonder.,validation
dlg-a7b032d5-cd46-4853-8e04-4d36eb136e0e,dlg-a7b032d5-cd46-4853-8e04-4d36eb136e0e_1_5,"Hi, I'd like to hear some music by Duran Duran.",Here is Rio by Duran Duran.,train
dlg-a7b032d5-cd46-4853-8e04-4d36eb136e0e,dlg-a7b032d5-cd46-4853-8e04-4d36eb136e0e_7_12,"Okay, thank you so much. I'd like to hear something similar by different artist now.",Here is Let's Dance by David Bowie.,train
dlg-a7b032d5-cd46-4853-8e04-4d36eb136e0e,dlg-a7b032d5-cd46-4853-8e04-4d36eb136e0e_14_16,"Okay, that one is not not really playing, can I hear the same song by a different artist?",Here is a Let's Dance cover by Adam Lambert.,train
dlg-a7bb3365-c657-4383-a2a0-48da9e3fc705,dlg-a7bb3365-c657-4383-a2a0-48da9e3fc705_2_5,I'm looking for a song by Usher.,"Okay are you thinking of ya! Featuring Lil Jon. Of course, here is Usher in yeah.",train
dlg-a7bb3365-c657-4383-a2a0-48da9e3fc705,dlg-a7bb3365-c657-4383-a2a0-48da9e3fc705_6_7,"Yeah, do you have anything older from him?","Here is your song, there is you make me want to do by Usher.",train
dlg-a7bb3365-c657-4383-a2a0-48da9e3fc705,dlg-a7bb3365-c657-4383-a2a0-48da9e3fc705_8_13,A little better but not exactly what I want. Do you have anything older?,"Actually, I don't have anything older. I see that it is the oldest Usher song it is 7 years old. Yes, but nothing older than that song.",train
dlg-a7c077a3-c354-44dc-b481-5cd5bfa32783,dlg-a7c077a3-c354-44dc-b481-5cd5bfa32783_1_6,"Hi, I want to listen to some music. Could you help me find something by Maroon 5?",Here is Sugar by Maroon 5. Here is Payphone by Maroon 5. How about This Love by maroon 5?,validation
dlg-a7c2f77b-2ff7-4203-a2be-0dc31c51beb3,dlg-a7c2f77b-2ff7-4203-a2be-0dc31c51beb3_2_3,Rock.,Here's the song How You Remind me by Nickelback.,train
dlg-a7c2f77b-2ff7-4203-a2be-0dc31c51beb3,dlg-a7c2f77b-2ff7-4203-a2be-0dc31c51beb3_6_14,A different rock song.,Here's the song Black Hole Sun by Soundgarden. Here's another version Black Hole Sun by Norah Jones. Here's the song Creep by Radiohead.,train
dlg-a7f8fa0b-64ac-4873-bcfd-e4dc8bf77a48,dlg-a7f8fa0b-64ac-4873-bcfd-e4dc8bf77a48_1_4,"Hi, today I need your help finding music to listen to. I'm looking for a song by Machine Head it's called Desire To Fire.",Here is the Desire To Fire by Machine Head.,train
dlg-a7f8fa0b-64ac-4873-bcfd-e4dc8bf77a48,dlg-a7f8fa0b-64ac-4873-bcfd-e4dc8bf77a48_6_9,"It's a pretty heavy album, that's one machine it went to new metal instead of focusing on the usual sound. My brother in law got me into these bands and that was cool. I'd like to hear another song by Machine Head it's called Silver.",Here is silver by Machine Head.,train
dlg-a831f97b-6b7f-46cb-b0e0-113cb4247083,dlg-a831f97b-6b7f-46cb-b0e0-113cb4247083_1_8,Hi. I'd like to listen to some music by Billie Joe. Can you help me with this?,"Have you heard any songs of the artist Creedence Clearwater Revival. Go with this song ""Bad Moon Rising"" by Creedence Clearwater Revival.",train
dlg-a831f97b-6b7f-46cb-b0e0-113cb4247083,dlg-a831f97b-6b7f-46cb-b0e0-113cb4247083_10_15,Can I hear some music by Adele?,"Okay. Adele Let's see what else I can find for you. Have you heard the songs of artist Christina Perri? Go through with this song ""A Thousand Years"" by Christina Perri.",train
dlg-a85f32fe-f0fe-4589-bc85-1169380027d9,dlg-a85f32fe-f0fe-4589-bc85-1169380027d9_1_3,I'd like to listen to the song of Simple Minds.,Simple Minds - Hypnotised lyrics.,test
dlg-a85f32fe-f0fe-4589-bc85-1169380027d9,dlg-a85f32fe-f0fe-4589-bc85-1169380027d9_5_11,"Sounds pretty good, can I hear something wider like Don't You (Forget About Me).",Simple Minds- Don't You (Forget About Me). Simple Minds - 03 - Waterfront.,test
dlg-a89b7c49-4642-4414-a0af-9100e1b6b3fb,dlg-a89b7c49-4642-4414-a0af-9100e1b6b3fb_1_2,"Hi. Can you play something by Joe Budden, please?",Joe Budden.,train
dlg-a89b7c49-4642-4414-a0af-9100e1b6b3fb,dlg-a89b7c49-4642-4414-a0af-9100e1b6b3fb_3_4,Can you play something more recent by Joe Budden?,Joe Budden.,train
dlg-a89b7c49-4642-4414-a0af-9100e1b6b3fb,dlg-a89b7c49-4642-4414-a0af-9100e1b6b3fb_5_7,"Can you play a song with Joe Budden's The Future artist, please?",Of course Lloyd Banks - Transitions ft. Joe Budden.,train
dlg-a9266841-5910-497f-b8cf-a1008f3d33ff,dlg-a9266841-5910-497f-b8cf-a1008f3d33ff_0_5,"Hello there. I'd like some help browsing the music of The Beatles, please.",Here is Hey Jude by the Beatles.,train
dlg-a9266841-5910-497f-b8cf-a1008f3d33ff,dlg-a9266841-5910-497f-b8cf-a1008f3d33ff_6_8,Do you have the same song by somebody else?,Here is Hey Jude by Kayla Estes.,train
dlg-a9266841-5910-497f-b8cf-a1008f3d33ff,dlg-a9266841-5910-497f-b8cf-a1008f3d33ff_9_12,Okay. That's not really working for me. Do you have something newer about this person?,Here is California Dreamin by Kayla Estes.,train
dlg-a94565a4-33ae-42df-9381-1272932af74d,dlg-a94565a4-33ae-42df-9381-1272932af74d_0_3,Hi. I'm looking for music in the category of acoustic covers. Can you help me find that?,Here's the song Thugz Mansion acoustic cover.,train
dlg-a94565a4-33ae-42df-9381-1272932af74d,dlg-a94565a4-33ae-42df-9381-1272932af74d_4_7,"All right, can you find me an acoustic cover of a rock song any rock song? Or a folk song like a cover of a Bob Dylan song? All right, now can you find the song Closer by Nine Inch Nails.",Here's an acoustic cover of the song Closer by Nine Inch Nails.,train
dlg-a94565a4-33ae-42df-9381-1272932af74d,dlg-a94565a4-33ae-42df-9381-1272932af74d_8_9,"Okay, lastly can you find me an acoustic cover of Sia's Chandelier?",Here's an acoustic cover of the song Chandelier.,train
dlg-a959d07c-e9c1-4968-8dde-172da0e1377b,dlg-a959d07c-e9c1-4968-8dde-172da0e1377b_2_3,Can you play me a song by Adele?,Here's Adele hello.,train
dlg-a959d07c-e9c1-4968-8dde-172da0e1377b,dlg-a959d07c-e9c1-4968-8dde-172da0e1377b_5_6,Awesome! Can you play me something more aggressive now like some rap music?,How about Eminem Rap God?,train
dlg-a959d07c-e9c1-4968-8dde-172da0e1377b,dlg-a959d07c-e9c1-4968-8dde-172da0e1377b_9_10,"Okay, great! Can you play me something a little softer now, maybe some dance music?",How about Elvis Presley Love Me Tender?,train
dlg-a99c09d1-e7f4-49ea-a2e9-5bf8de96dd17,dlg-a99c09d1-e7f4-49ea-a2e9-5bf8de96dd17_2_13,Hello. I need some music for when I'm studying. Something classical.,"Here is Classical Music for Studying, Reading and Concentration. Here is Mozart Classical Music for Studying, Concentration, Relaxation. Here is Beethoven for Studying Vol.1 - Relaxing Classical Music for Studying, Focus Concentration, Reading. Here is Vivaldi Four Seasons - Best Classical music for relaxation studying and concentration.",validation
dlg-a9ad8d3c-568e-4810-a755-5611aa40055e,dlg-a9ad8d3c-568e-4810-a755-5611aa40055e_0_6,Hi. Can you help me to find music by Lindsey Sterling?,Have you listened to Santa Esmerelda? Here is Don't Let Me Be Misunderstood by Santa Esmeralda.,train
dlg-a9ad8d3c-568e-4810-a755-5611aa40055e,dlg-a9ad8d3c-568e-4810-a755-5611aa40055e_7_8,Are there any that are slightly more chill?,Here is Santa Esmeralda - You're My Everything.,train
dlg-a9ad8d3c-568e-4810-a755-5611aa40055e,dlg-a9ad8d3c-568e-4810-a755-5611aa40055e_9_15,I don't know if I prefer these. Are there any other songs like The Piano Guys?,Here is Santa Esmeralda - House Of The Rising Sun. How about Fox Amoore? Here is Hallelujah (Fox Amoore Feat. Travis Ratledge).,train
dlg-aa0a2089-4ab1-4c91-b23e-533f1a960c5e,dlg-aa0a2089-4ab1-4c91-b23e-533f1a960c5e_0_8,Hello Assistant. I would like to listen to a new musician. Want to see if you can find me a new musician to listen to. I like Oingo Boingo.,Have you heard of the band Ultravox before? Here's the song Vienna by Ultravox.,train
dlg-aa0a2089-4ab1-4c91-b23e-533f1a960c5e,dlg-aa0a2089-4ab1-4c91-b23e-533f1a960c5e_10_14,Nice choice. Can I hear something similar to Blondie?,Have you heard of the artist Annie Lennox before? Here's the song Why by Annie Lennox.,train
dlg-aa1a57ca-8a76-424e-a563-1e7f192ce904,dlg-aa1a57ca-8a76-424e-a563-1e7f192ce904_1_2,Hello. I need to listen to some Katy Perry.,Katy Perry - Firework.,train
dlg-aa1a57ca-8a76-424e-a563-1e7f192ce904,dlg-aa1a57ca-8a76-424e-a563-1e7f192ce904_3_6,Okay. Can you play some older material now by Katy Perry?,Roar by Katy Perry. Katy Perry - Dark Horse.,train
dlg-aa4e74fb-8cf6-4a53-8e82-d36e4eef09a4,dlg-aa4e74fb-8cf6-4a53-8e82-d36e4eef09a4_1_4,"I would like to listen to a song played by Neil Young, please. Yes, go ahead and play Harvest Moon.",Here's the song Harvest Moon.,train
dlg-aa4e74fb-8cf6-4a53-8e82-d36e4eef09a4,dlg-aa4e74fb-8cf6-4a53-8e82-d36e4eef09a4_5_8,"I appreciate the flow methodic rhythm of the instruments. Could you please play a different track by Neil Young, one that he sang much earlier in his career, please?",How about the song Heart of Gold by Neil Young?,train
dlg-aa4e74fb-8cf6-4a53-8e82-d36e4eef09a4,dlg-aa4e74fb-8cf6-4a53-8e82-d36e4eef09a4_9_10,That would be great.,Here's the song Heart of Gold by Neil Young.,train
dlg-aa4e74fb-8cf6-4a53-8e82-d36e4eef09a4,dlg-aa4e74fb-8cf6-4a53-8e82-d36e4eef09a4_11_14,"I'd really appreciate how the drums are able to keep such a stable beat while allowing all of the other instruments to shine. Could you please help me find a different track? I would like to find a track by Neil Young, which he is not singing by himself.",Here is the song called Whip My Hair performed by the artist Bruce Springsteen And Neil Young.,train
dlg-aa54de28-907f-4754-9967-cb0d30e9ac27,dlg-aa54de28-907f-4754-9967-cb0d30e9ac27_9_14,"Yes, it was nice. Yes, that was a good song.","Would you like me to play another song by Carly Simon? Here's the song, Anticipation by Carly Simon. What do you think?",train
dlg-aa54de28-907f-4754-9967-cb0d30e9ac27,dlg-aa54de28-907f-4754-9967-cb0d30e9ac27_15_16,"Yeah, she's good, could you play any song of your choice?","Here's the song, The Lonesome song by Jamey Johnson.",train
dlg-aa54de28-907f-4754-9967-cb0d30e9ac27,dlg-aa54de28-907f-4754-9967-cb0d30e9ac27_17_18,There must be an error in that video. Can you find another one?,Here's a different song called The Rebel Soldier by Jamey Johnson. Does that video work?,train
dlg-aa54de28-907f-4754-9967-cb0d30e9ac27,dlg-aa54de28-907f-4754-9967-cb0d30e9ac27_19_24,"No, it did not. There's an error. Can you find a different one?",Here's the song Give It Away by Jamey Johnson and Lee Ann Womack. Let me know if this video works. Did you enjoy that video? Here's the song Redneck Side of Me by Jamey Johnson. I hope you enjoyed those songs.,train
dlg-aa6d93b6-fe50-4bc9-9c50-fd5f9c10017d,dlg-aa6d93b6-fe50-4bc9-9c50-fd5f9c10017d_0_4,"Hello, I would really love to hear some music by Michael Buble.",Michael Buble - sway.,test
dlg-aa6d93b6-fe50-4bc9-9c50-fd5f9c10017d,dlg-aa6d93b6-fe50-4bc9-9c50-fd5f9c10017d_5_6,Thanks for that. I'm just kind of more in the mood for something more upbeat and lively. Can I get another Michael Bublé song like that?,Everything by Michael Buble.,test
dlg-aa91eb16-e9d4-43bf-8c28-0c074d04b85b,dlg-aa91eb16-e9d4-43bf-8c28-0c074d04b85b_0_13,"Hello, I would love to listen to a new artist that is similar to David Bowie.","Have you ever heard of Talking Heads? Okay, how about the Velvet Underground? Here is the Velvet Underground with Pale Blue Eyes. Have you ever heard of The Smiths?",train
dlg-aa91eb16-e9d4-43bf-8c28-0c074d04b85b,dlg-aa91eb16-e9d4-43bf-8c28-0c074d04b85b_14_15,"Yes, I like The Smiths. They are very good.",Or how about Iggy Pop or Joy Division?,train
dlg-aa91eb16-e9d4-43bf-8c28-0c074d04b85b,dlg-aa91eb16-e9d4-43bf-8c28-0c074d04b85b_16_17,Never heard of Joy Division. Let me listen to one of their song.,Here is Joy Division with love will tear us apart.,train
dlg-aab972b2-e06a-400e-b596-a2b73661906a,dlg-aab972b2-e06a-400e-b596-a2b73661906a_1_2,"Hey, I'm looking for some music to play. Can you play something by all The Goo Goo Dolls?","Sure, Iris - The Goo Goo Dolls (lyrics).",train
dlg-aab972b2-e06a-400e-b596-a2b73661906a,dlg-aab972b2-e06a-400e-b596-a2b73661906a_3_4,"Hey, I'm wondering if you could find something maybe newer by them? Like all the newer album or something.","Of course, Here is your song. Goo Goo Dolls -- You Should Be Happy.",train
dlg-aab972b2-e06a-400e-b596-a2b73661906a,dlg-aab972b2-e06a-400e-b596-a2b73661906a_5_6,"No, Something even newer than that.","Here is your song, Goo Goo Dolls - Use Me (sub español).",train
dlg-aac49de9-6908-4b98-9ba5-35b0826bf1bf,dlg-aac49de9-6908-4b98-9ba5-35b0826bf1bf_1_4,"Hi. I would like to hear stuff from Jay-Z, please.",Here's Cry by Jay-Z.,train
dlg-aac49de9-6908-4b98-9ba5-35b0826bf1bf,dlg-aac49de9-6908-4b98-9ba5-35b0826bf1bf_5_9,"Can you play another version, please?",Here's Cry (Instrumental) by Jay-Z. Here's Jay-Z Feat - Big Sean Extraordinary.,train
dlg-aac49de9-6908-4b98-9ba5-35b0826bf1bf,dlg-aac49de9-6908-4b98-9ba5-35b0826bf1bf_10_12,"I don't like this song. Can you play some other material from Jay-Z, please?",Here's Jay-Z - Excuse Me Miss ft. Pharrell.,train
dlg-aac49de9-6908-4b98-9ba5-35b0826bf1bf,dlg-aac49de9-6908-4b98-9ba5-35b0826bf1bf_13_14,"Can you play a different version, please?",Here's Jay-Z & Justin Timberlake - Excuse Me Miss (Live).,train
dlg-aadb9304-2eb1-4c4a-80a7-a32308ffda61,dlg-aadb9304-2eb1-4c4a-80a7-a32308ffda61_1_5,"Hello, I'd like to hear Metallica. I'd like to hear something from The Black Album.",Here is the video of The Black Album.,train
dlg-aadb9304-2eb1-4c4a-80a7-a32308ffda61,dlg-aadb9304-2eb1-4c4a-80a7-a32308ffda61_7_11,I would rather hear Wherever I May Roam. I don't like that song particularly. Can I hear Wherever I May Roam on the same album?,"Metallica, Wherever I May Roam.",train
dlg-aae13ef4-558e-4db3-afc1-9ec800eec4bd,dlg-aae13ef4-558e-4db3-afc1-9ec800eec4bd_1_3,I'd like to listen to some Kiss.,Kiss - Lick It Up (With Lyrics).,train
dlg-aae13ef4-558e-4db3-afc1-9ec800eec4bd,dlg-aae13ef4-558e-4db3-afc1-9ec800eec4bd_8_16,Can you play a similar song by Okay?,Van Halen - Jump. Panama (2015 Remastered Version).,train
dlg-aae7206a-08fb-4db4-98fe-5a01f63b1655,dlg-aae7206a-08fb-4db4-98fe-5a01f63b1655_0_9,"Hi, Can you help me find can you help me find a new artist like Shawn Mendes? Shawn Mendes. D E S. Shawn Mendes.",Have you heard of Becky G? - Shower by Becky G. Mayores by Becky G.,train
dlg-aae7206a-08fb-4db4-98fe-5a01f63b1655,dlg-aae7206a-08fb-4db4-98fe-5a01f63b1655_10_15,Okay. Thank you. And then do you think you can also find an artist that's like Ed Sheeran?,Have you heard of Fifth Harmony? Have u heard of almond Brown? Okay. Ancient Light by Allman Brown.,train
dlg-ab3a5b43-92e1-4445-90b3-b5872dd11194,dlg-ab3a5b43-92e1-4445-90b3-b5872dd11194_1_4,"Hello, Hi, today I need your help finding music to listen to. I'm looking to find something that's similar to Cage The Elephant.","Okay , Let me see who I can find based on Cage the Elephant? Please wait for a while. Based on Cage the Elephant have you heard of Neon Neon or White Lies?",train
dlg-ab3a5b43-92e1-4445-90b3-b5872dd11194,dlg-ab3a5b43-92e1-4445-90b3-b5872dd11194_5_8,I think I've heard of Neon Neon but I haven't listened to their music. Though I wouldn't mind listening to it though.,"Let me play you something by neon neon. Give me a moment, please. I am unable to find anything by neon neon, how about the artist Vampire Weekend?",train
dlg-ab3a5b43-92e1-4445-90b3-b5872dd11194,dlg-ab3a5b43-92e1-4445-90b3-b5872dd11194_9_12,"Yeah, sure. I wouldn't mind hearing some Vampire Weekend.",Here is Oxford comma by Vampire Weekend.,train
dlg-ab3a5b43-92e1-4445-90b3-b5872dd11194,dlg-ab3a5b43-92e1-4445-90b3-b5872dd11194_14_17,So far it doesn't sound that bad. Can I have other options? Not a loud song.,Yes. Would you like to hear something else by Vampire Weekend. Here is campus by Vampire Weekend.,train
dlg-ab3a5b43-92e1-4445-90b3-b5872dd11194,dlg-ab3a5b43-92e1-4445-90b3-b5872dd11194_18_27,"Sounds like they got a little bit of electronics in there. Sounds like you know, electronic kick. This one sounds more upbeat. It reminds me kind of something from like the 50´s or 60´s like that monkey's kind of sound or something. Not too bad, I think I could listen to them. I think I'll like to hear a song by Bonobo. It's kind of like an electronic jazz influenced.","Let me see, what I can find by bonobo? Please give a moment. Here is days to come by bonobo.",train
dlg-ab3a5b43-92e1-4445-90b3-b5872dd11194,dlg-ab3a5b43-92e1-4445-90b3-b5872dd11194_28_29,Awesome. Why the different instruments in this? It sounds pretty chill. Something like that's good for studying or something.,Would you like to hear another song by bonobo?,train
dlg-abe4de73-04d4-4ffc-ad0b-afcf5f3507cf,dlg-abe4de73-04d4-4ffc-ad0b-afcf5f3507cf_1_9,"Hi Assistant, Today I need your help finding new music to listen to based on some music that I'm going to suggest. I'm looking for music that is related to Cage the Elephant, like similar bands. I would like to hear different songs that sound like them.","Okay, let me see who I can find based on Cage the Elephant. One second. Have you heard of White Lies or Late of the Pier? Okay, let me see what I can find by White Lies. Here is Max Frost by White Lies.",train
dlg-abe4de73-04d4-4ffc-ad0b-afcf5f3507cf,dlg-abe4de73-04d4-4ffc-ad0b-afcf5f3507cf_13_17,And Gnarls Barkley has a similar sound. Maybe The White Stripes. It's pretty solid song. I like to hear more songs related to this style.,Have you heard of War Tapes or Passion Pit?,train
dlg-abe4de73-04d4-4ffc-ad0b-afcf5f3507cf,dlg-abe4de73-04d4-4ffc-ad0b-afcf5f3507cf_18_22,"I have heard of Passion Pit, I haven't listened to them too much though. There're all right.","Okay, let me see what I can find by War Tapes. Here is Dreaming of You by War Tapes.",train
dlg-ac1a297d-b12a-4705-b775-9c70eab39b8d,dlg-ac1a297d-b12a-4705-b775-9c70eab39b8d_1_5,Can you find something by SWA?,"You said SWA, Is that correct? Okay, Sure thing. Here is SWA with Arroyo. Here is SWA with Arroyo.",train
dlg-ac1a297d-b12a-4705-b775-9c70eab39b8d,dlg-ac1a297d-b12a-4705-b775-9c70eab39b8d_10_12,Something like a little bit newer.,Hold on. This may take more than a minute. Here is a live version of SWA with in my heart. Here is a live version of SWA with in my heart.,train
dlg-ac1a297d-b12a-4705-b775-9c70eab39b8d,dlg-ac1a297d-b12a-4705-b775-9c70eab39b8d_13_14,That's cool. And can you find something by Edgar Winter?,Here is Edgar Winter with Frankenstein,train
dlg-ac4c7c14-27df-4123-9d8a-50a6a74e1bc6,dlg-ac4c7c14-27df-4123-9d8a-50a6a74e1bc6_1_3,"Hi, could you play Seas by Prawn?",Prawn by Seas.,validation
dlg-ac4c7c14-27df-4123-9d8a-50a6a74e1bc6,dlg-ac4c7c14-27df-4123-9d8a-50a6a74e1bc6_4_9,Can you play the Capsize album The Angst in My Veins? I want to listen to Yvette Young's Acoustic album.,Yvette Young - Acoustics EP.,validation
dlg-ac4c7c14-27df-4123-9d8a-50a6a74e1bc6,dlg-ac4c7c14-27df-4123-9d8a-50a6a74e1bc6_12_14,I want to listen to Capsize - The Angst in My Veins album.,Here is Capsize - The Angst In My Veins.,validation
dlg-ac8e4b9e-045a-4679-aab3-f98cceaa7914,dlg-ac8e4b9e-045a-4679-aab3-f98cceaa7914_0_3,Play something by Emery? Can you play something by their album The Question?,Emery- So Cold I Could See My Breath.,train
dlg-ac8e4b9e-045a-4679-aab3-f98cceaa7914,dlg-ac8e4b9e-045a-4679-aab3-f98cceaa7914_4_5,Will you play Studying Politics?,Emery- Studying Politics.,train
dlg-acacdc48-85f3-4173-83a5-f7433e1165b8,dlg-acacdc48-85f3-4173-83a5-f7433e1165b8_0_3,"Oh, I'm looking for something to play like Rise Against.",Here is Rise Against - Savior.,train
dlg-acacdc48-85f3-4173-83a5-f7433e1165b8,dlg-acacdc48-85f3-4173-83a5-f7433e1165b8_4_9,"Yeah. Can I hear Endgame, please?",Here is Rise Against- Endgame. Here is Rise Against- Give It All.,train
dlg-acbf2fda-3e9c-4ab4-ad22-e8a14f6486ad,dlg-acbf2fda-3e9c-4ab4-ad22-e8a14f6486ad_5_6,Do you have any rap music for auto workout playlist?,Here is DJ Snake featuring 'Lil Jon performing turn down for what'.,train
dlg-acbf2fda-3e9c-4ab4-ad22-e8a14f6486ad,dlg-acbf2fda-3e9c-4ab4-ad22-e8a14f6486ad_7_8,"It seems like a club song, but that'll work. Do you have any R&B music that are like it worked out kind of song?",Here is Rihanna performing 'We Found Love'.,train
dlg-acbf8387-84eb-447b-9575-2fde93a67c58,dlg-acbf8387-84eb-447b-9575-2fde93a67c58_1_4,"Hi Assistant, I would like to hear some music by Katy Perry.",Here's the song Swish Swish by Katy Perry.,train
dlg-acbf8387-84eb-447b-9575-2fde93a67c58,dlg-acbf8387-84eb-447b-9575-2fde93a67c58_6_9,"Hey Assistant, could I hear a similar song by a different artist or, you know, just a similar song?",Here's Bad Romance by Lady Gaga.,train
dlg-acbf8387-84eb-447b-9575-2fde93a67c58,dlg-acbf8387-84eb-447b-9575-2fde93a67c58_11_12,"Assistant, that one didn't play. Could I hear a different song, a similar song?",Here's Miley Cyrus by Wrecking Ball.,train
dlg-acc17c01-9573-47b7-bad0-3c2dd0497711,dlg-acc17c01-9573-47b7-bad0-3c2dd0497711_1_5,I would like to listen to some coffee house type of music.,Searching for coffee house type of music. How about Sparks - Coldplay? Aloe Blacc - Wake Me Up.,train
dlg-acc17c01-9573-47b7-bad0-3c2dd0497711,dlg-acc17c01-9573-47b7-bad0-3c2dd0497711_6_7,I would like to listen to something that's more jazz like.,"One moment, Cafe Jazz Music 10 Hours - Relaxing Coffee Shop Background Music.",train
dlg-acc9f2d0-a73b-4ad7-90d2-8b6949b542cd,dlg-acc9f2d0-a73b-4ad7-90d2-8b6949b542cd_1_2,Can you play me a song by Brand New?,Here's the song Deja Entendu by brand new.,train
dlg-acc9f2d0-a73b-4ad7-90d2-8b6949b542cd,dlg-acc9f2d0-a73b-4ad7-90d2-8b6949b542cd_3_4,"The song is pretty, can I get something newer from them?",Here's the song Let Me Up by brand new from their newest album science fiction.,train
dlg-acc9f2d0-a73b-4ad7-90d2-8b6949b542cd,dlg-acc9f2d0-a73b-4ad7-90d2-8b6949b542cd_5_6,"This is cool, can I get another song after that CD?",Here's the song Can't Get It Out by brand new from their newest album.,train
dlg-accb1335-35ea-4500-ba29-fb73eaef089c,dlg-accb1335-35ea-4500-ba29-fb73eaef089c_1_6,"Hi, I need help with finding new artists to listen to, please. Who I like right now is Joe Biden.","Okay, I'll search for something similar to Joe Button. Have you heard of the group Tha Alkaholiks?",train
dlg-accb1335-35ea-4500-ba29-fb73eaef089c,dlg-accb1335-35ea-4500-ba29-fb73eaef089c_9_13,This is pretty cool. Do you have any other suggestions?,Have you heard of Cal Scruby? Here is the video of Cal Scruby.,train
dlg-accb1335-35ea-4500-ba29-fb73eaef089c,dlg-accb1335-35ea-4500-ba29-fb73eaef089c_14_26,"Can you play another video, please? It's blocked. This video's blocked. Can you play another video, please? It's blocked.","Okay, let's try a new artist. Have you heard of Tamia? Here is the video of Tamia.",train
dlg-ad41e4ac-376e-4555-9ebf-599af663e5bf,dlg-ad41e4ac-376e-4555-9ebf-599af663e5bf_1_4,Hi Assistant. I'd like to hear some music by the Bee Gees.,"The Bee Gees? Great, One moment! Here is the song by Bee Gees - You win again.",train
dlg-ad4e3b23-c66e-4b2a-9120-8b7debf888ee,dlg-ad4e3b23-c66e-4b2a-9120-8b7debf888ee_1_4,I want to hear something today by the Grateful Dead.,Okay let me see what I can find for you. Hold on. Here is Althea by the Grateful Dead. Here is Althea by the Grateful Dead.,validation
dlg-ad4e3b23-c66e-4b2a-9120-8b7debf888ee,dlg-ad4e3b23-c66e-4b2a-9120-8b7debf888ee_5_12,I really don't want that to hear that. I want to hear The Grateful Dead but I want to hear a song sang by Pigpen there Walk less from the 70's. That's okay but I really want to hear Pigpen sing with Janis Joplin. I really rather hear Janis Joplin and Pigpen together.,I'm sorry but I'm having a hard time finding a video with pig pen with Janis Joplin.,validation
dlg-ad69528b-ea63-4271-9af1-b40399fc8766,dlg-ad69528b-ea63-4271-9af1-b40399fc8766_2_6,"Today, I need some help finding music to listen to. I'm looking for a Red Hot Chili Pepper song called Backwards.",Here is Red Hot Chili Peppers with Backwoods.,train
dlg-ad69528b-ea63-4271-9af1-b40399fc8766,dlg-ad69528b-ea63-4271-9af1-b40399fc8766_8_23,"Oh, it says that this one's blocked. IUMG It's been happening lately. Maybe try a different song. Oh, another song would be Fight Like A Brave though. This one is also blocked. Try to Fight Like A Brave. See if that one's available. Some of their older stuff was pretty cool. A lot more funk and a little bit heavier. I'd like to hear another song by Red Hot Chili Peppers. It's called Me and My Friends.",Here's Red Hot Chili Peppers with Me and My Friends.,train
dlg-ad69528b-ea63-4271-9af1-b40399fc8766,dlg-ad69528b-ea63-4271-9af1-b40399fc8766_26_30,"Their first guitarist died from a heroin overdose, so in. Anthony Kiedis also went through that. Yeah, It some of these bands coming up in the 80s, 90s were all into drug addictions and stuff so, it's good to see not doing the same thing now.","Sure, you are a great fan at least.",train
dlg-ad69528b-ea63-4271-9af1-b40399fc8766,dlg-ad69528b-ea63-4271-9af1-b40399fc8766_31_35,"Yeah, just sure to be a committed fun, I guess. Oh, I'd like to hear another song by Red Hot Chili Peppers. It's called Breaking The Girl.",Here is Breaking the Girl by Red Hot Chili Peppers.,train
dlg-adc0ec4c-2aa9-403c-b072-9a5e709f52ea,dlg-adc0ec4c-2aa9-403c-b072-9a5e709f52ea_0_7,"Oh, play Let's see, could you play a song by Little Mix? Or artist like Play artist like Little Mix.","Little mike? Just a moment. CNCO, Little Mix - Reggaetón Lento (Remix).",train
dlg-adc0ec4c-2aa9-403c-b072-9a5e709f52ea,dlg-adc0ec4c-2aa9-403c-b072-9a5e709f52ea_9_11,"Reggae tune. Reggae tune. Yeah, I like that. Play me more of their music.",More little mix?,train
dlg-adc0ec4c-2aa9-403c-b072-9a5e709f52ea,dlg-adc0ec4c-2aa9-403c-b072-9a5e709f52ea_12_16,CNCO.,Okay. CNCO. CNCO - Mamita (Audio).,train
dlg-adcaf6f3-33bf-42ce-bc9c-94d926a99268,dlg-adcaf6f3-33bf-42ce-bc9c-94d926a99268_5_6,I think the Tom Petty or Bruce Springsteen.,Here's Tom Petty - Free Fallin.,validation
dlg-adcaf6f3-33bf-42ce-bc9c-94d926a99268,dlg-adcaf6f3-33bf-42ce-bc9c-94d926a99268_8_9,Sounds pretty good. Can I hear something from Bruce Springsteen now?,Here's Bruce Springsteen - Born in the U.S.A.,validation
dlg-addaa71c-34bc-40f1-9281-8d7fc680c8c0,dlg-addaa71c-34bc-40f1-9281-8d7fc680c8c0_2_5,"Hi, I would like to listen to Lil Peep.",Here is Lil Peep performing The Brightside.,train
dlg-addaa71c-34bc-40f1-9281-8d7fc680c8c0,dlg-addaa71c-34bc-40f1-9281-8d7fc680c8c0_6_7,Can I listen to an older song?,Here is Lil Peep performing Gym Class.,train
dlg-addaa71c-34bc-40f1-9281-8d7fc680c8c0,dlg-addaa71c-34bc-40f1-9281-8d7fc680c8c0_8_11,Sound pretty good. Can I listen to a live song?,Here is Lil Peep performing Awful Things in Los Angeles.,train
dlg-adfb2b13-0307-4914-aaee-d332b165e6af,dlg-adfb2b13-0307-4914-aaee-d332b165e6af_1_8,Hello. Could you Play Lumineers. Play Lumineers.,Sleep On The Floor by The Lumineers. Cleopatra by The Lumineers.,train
dlg-ae87bebc-9346-4c08-b89d-89e55c6344a4,dlg-ae87bebc-9346-4c08-b89d-89e55c6344a4_0_3,"Hi Assistant. I would like to hear some music by Katy Perry, please.","Okay, I'll find you a song by Katy Perry. Here's a Katy song called Bon Appetit featuring Migos.",test
dlg-ae87bebc-9346-4c08-b89d-89e55c6344a4,dlg-ae87bebc-9346-4c08-b89d-89e55c6344a4_6_9,"Oh, that one is not playing. Could I hear something older, like an older Katy Perry song?",Here's the Katy Perry song Roar released four years ago.,test
dlg-ae87bebc-9346-4c08-b89d-89e55c6344a4,dlg-ae87bebc-9346-4c08-b89d-89e55c6344a4_12_16,Could I hear another song similar to this one? It doesn't have to be Katy Perry.,Here's a song by Anna Kendricks called Cups.,test
dlg-ae98a8f4-f1ec-4b7f-9309-a7b3c4bd85cf,dlg-ae98a8f4-f1ec-4b7f-9309-a7b3c4bd85cf_0_6,Hi. Can you play some songs of Lenny Kravitz?,"Here is your song by Lenny Kravitz called Fly Away. Yes, sure. Here is your song by Lenny Kravitz.",train
dlg-ae98a8f4-f1ec-4b7f-9309-a7b3c4bd85cf,dlg-ae98a8f4-f1ec-4b7f-9309-a7b3c4bd85cf_7_11,How about something older?,Do you need the older one? Here's your song by Lenny Kravitz called Ready To Fly.,train
dlg-aea73f8d-0d03-43dc-8be5-791b24249eb0,dlg-aea73f8d-0d03-43dc-8be5-791b24249eb0_2_7,"I was wondering if you could play me some jams by Pete Seeger. Yes, Pete Seeger.",Pete Seeger - If I Had a Hammer Songs of Hope & Struggle.,train
dlg-aea73f8d-0d03-43dc-8be5-791b24249eb0,dlg-aea73f8d-0d03-43dc-8be5-791b24249eb0_8_11,This is a great song. Would you mind playing same song but by a different artist?,Here's the song - Don't Think Twice.,train
dlg-aea73f8d-0d03-43dc-8be5-791b24249eb0,dlg-aea73f8d-0d03-43dc-8be5-791b24249eb0_13_18,"Peter, Paul, and Mary covered this. Little Boxes.",Little Boxes by Pete Seeger?,train
dlg-aea73f8d-0d03-43dc-8be5-791b24249eb0,dlg-aea73f8d-0d03-43dc-8be5-791b24249eb0_20_24,"Awesome, could you play the same song performed by a different artist?",Malvina reynolds - little boxes.,train
dlg-aeeee780-150f-4fe6-b108-971ebf571573,dlg-aeeee780-150f-4fe6-b108-971ebf571573_3_13,"I'd like to find something new in music to listen to. I'm looking for an artist similar to the great band Talking Heads. Maybe something a little more contemporary. No, I have not. I'd like to hear something from The Clash. Come on. I want to hear The Clash. Actually, I just picked it up. I like them both. The London Calling album is pretty good. Can I hear another? Another musical band similar to Talking Heads.","Okay, have you heard of The Ramones.",train
dlg-aeeee780-150f-4fe6-b108-971ebf571573,dlg-aeeee780-150f-4fe6-b108-971ebf571573_17_23,"These are the Ramones? That was very good. I'd like to hear two similar artists. Similar to the band Genesis. Try to go in a different direction now. I used to think this song said, I want to be part of the 80s. But it's be sedated. Genesis.",Have you heard of Pink Floyd?,train
dlg-aeeee780-150f-4fe6-b108-971ebf571573,dlg-aeeee780-150f-4fe6-b108-971ebf571573_26_31,"Oh, it's very dark. It's a very dark song. It's like rock opera. Super.",Have you heard about Led Zeppelin?,train
dlg-af2fffd4-0954-414a-bf4b-ceaaac7746df,dlg-af2fffd4-0954-414a-bf4b-ceaaac7746df_2_3,"All right, would you play me something by Beyonce, please?",Here is Beyonce - Sorry.,train
dlg-af2fffd4-0954-414a-bf4b-ceaaac7746df,dlg-af2fffd4-0954-414a-bf4b-ceaaac7746df_4_5,You know the video that you chose for me it's not playing in my browser. That it's blocked it from the display. Would you mind playing me some Ariana Grande?,Here is Ariana Grande - Everyday ft. Future.,train
dlg-af46f618-1c03-4592-a7ce-8c77dd97dad4,dlg-af46f618-1c03-4592-a7ce-8c77dd97dad4_2_3,"Hey, I'm a really big fan of the rap group Re-Up Gang, can you find something by them on YouTube?",Here is the song Emotionless by Re-Up gang.,train
dlg-af46f618-1c03-4592-a7ce-8c77dd97dad4,dlg-af46f618-1c03-4592-a7ce-8c77dd97dad4_5_6,"Hey, really great song. Can you find something like kind of the same as that, like that genre, provide like someone else?",How about Popular Demand by Clipse?,train
dlg-af46f618-1c03-4592-a7ce-8c77dd97dad4,dlg-af46f618-1c03-4592-a7ce-8c77dd97dad4_8_9,"Another, really good song, but can you find something from a different album?",How about I'm Good featuring Pharrell Williams by clipse?,train
dlg-af8ee196-d017-46d6-8f77-72de0c044de7,dlg-af8ee196-d017-46d6-8f77-72de0c044de7_0_3,Hello Assistant. I'd like to hear some music by Michael Bublé.,Quando Quando by Michael Buble.,train
dlg-af8ee196-d017-46d6-8f77-72de0c044de7,dlg-af8ee196-d017-46d6-8f77-72de0c044de7_4_6,"Can I hear something older, older material by Michael Bublé?",The Way You Look Tonight by Michael Bublé.,train
dlg-b000a55b-1b2b-4061-9c51-4bb069a579dc,dlg-b000a55b-1b2b-4061-9c51-4bb069a579dc_0_9,Play Pork Soda by Glass Animals. Play Pork Soda by Glass Animals.,Sounds like a chill song.,validation
dlg-b0030258-4e60-45b6-bda0-c33c55324c5c,dlg-b0030258-4e60-45b6-bda0-c33c55324c5c_1_13,Hi. Can I hear a new artist that's similar to Madonna?,Madonna. Let's see what else I can find that you may not be familiar with. Have you heard about Aaliyah or goldfrapp? Here is the song called One In A Million by the artist Aaliyah. Here is the song called Ooh La La by goldfrapp.,train
dlg-b0030258-4e60-45b6-bda0-c33c55324c5c,dlg-b0030258-4e60-45b6-bda0-c33c55324c5c_15_22,That was interesting. Can I hear a song similar to a Cyndi Lauper?,Let me find you an artist similar to Cyndi Lauper. Have you heard from the artist Ottawan or ABC. Here is the song called Hands Up by the artist Ottawan. Here is the song called Poison Arrow by the artist ABC.,train
dlg-b0297f66-38f9-47e6-a683-ca105507c9d7,dlg-b0297f66-38f9-47e6-a683-ca105507c9d7_0_4,Can you play me a track by Dodie?,Here is the song called In The Middle (acoustic) - Original Song Dodie.,test
dlg-b0297f66-38f9-47e6-a683-ca105507c9d7,dlg-b0297f66-38f9-47e6-a683-ca105507c9d7_5_8,Can you play one of her's that's not a romance song?,Here's the Dodie - 6/10.,test
dlg-b0297f66-38f9-47e6-a683-ca105507c9d7,dlg-b0297f66-38f9-47e6-a683-ca105507c9d7_9_10,Can you play one of her older ones?,"Here is your song, Dodie - Sick of Losing Soulmates.",test
dlg-b067a555-4b13-4bb6-a005-68baad48097d,dlg-b067a555-4b13-4bb6-a005-68baad48097d_2_5,"Yes, I'd like to hear a song by Madonna. Can you play me a Madonna song?",I can play you a Madonna song. Here is Bitch I'm Madonna by Madonna.,train
dlg-b067a555-4b13-4bb6-a005-68baad48097d,dlg-b067a555-4b13-4bb6-a005-68baad48097d_6_15,"Oh, assistant. I'm sorry that video is not playing. Can you find me another song by Madonna?",Sure thing. Here is Like a Prayer by Madonna. Here is Hollywood by Madonna.,train
dlg-b0a61017-183a-48ed-a410-3c1fd857f825,dlg-b0a61017-183a-48ed-a410-3c1fd857f825_1_2,"Hi, I'd like to listen to some Linkin Park.",Numb by Linkin Park.,train
dlg-b0a61017-183a-48ed-a410-3c1fd857f825,dlg-b0a61017-183a-48ed-a410-3c1fd857f825_3_4,Similar song by a different artist.,Numb by August Alsina.,train
dlg-b0a61017-183a-48ed-a410-3c1fd857f825,dlg-b0a61017-183a-48ed-a410-3c1fd857f825_5_6,"I don't like what's playing, Older material.","Faint by Linkin Park. Okay, Bye.",train
dlg-b0cf41fb-31c3-437a-89a6-31a26d094889,dlg-b0cf41fb-31c3-437a-89a6-31a26d094889_2_5,"Hi, today I need your help finding music to listen. I'm looking to hear a song by Bonobo. It's called Flutter.",Here's Flutter by Bonobo.,test
dlg-b0cf41fb-31c3-437a-89a6-31a26d094889,dlg-b0cf41fb-31c3-437a-89a6-31a26d094889_8_12,"I think on this album he went pretty much a little bit more upbeat using different instruments because Bonobo is pretty good with like hip hop and jazz fusion. Awesome, now I would like to hear another song by Bonobo. It's called Pick Up.",Here is pick up by Bonobo.,test
dlg-b0daafa0-bd4d-4971-9069-b687dcf37613,dlg-b0daafa0-bd4d-4971-9069-b687dcf37613_1_5,"Hi Assistant, Yeah, can you play me some Willie Kravitz, maybe something off the Circus album? Yeah, can you play me some Willie Kravitz? Something off the Circus album.",Here is Lenny Kravitz - Circus.,train
dlg-b0daafa0-bd4d-4971-9069-b687dcf37613,dlg-b0daafa0-bd4d-4971-9069-b687dcf37613_6_7,"Okay, that's pretty good, how about something a little bit older, how about something off Let Love Rule album.",Here is the song Let Love Rule by Lenny Kravitz.,train
dlg-b0daafa0-bd4d-4971-9069-b687dcf37613,dlg-b0daafa0-bd4d-4971-9069-b687dcf37613_8_9,"Okay, that's pretty good, but how about something new? How about playing me something from his latest album?",One moment. Here is the song The Chamber by Lenny Kravitz.,train
dlg-b0f262a6-9425-411f-9345-89957c9443c7,dlg-b0f262a6-9425-411f-9345-89957c9443c7_3_8,"I want to play some music, but I want some music like not the original, maybe a cover of some sort, maybe a guitar cover, but not like an electric guitar cover. You know what I mean? I think there's a lot of them on YouTube like with an acoustic guitar and vocals.",Are you looking for Acoustic cover songs? How about the song See You Again originally sung by Wiz Khalifa featuring Charlie Puth?,train
dlg-b0f262a6-9425-411f-9345-89957c9443c7,dlg-b0f262a6-9425-411f-9345-89957c9443c7_9_11,"Yeah, we can play that. Can we get something more grungy? more sort of acoustically, like acoustically grungy. Not that's bad. I don't like it. Maybe just a different style. And that's all we have to remember in this trouble times. Not everyone's the same. Maybe just a different style. And that's all we have to remember in this trouble times. Not everyone's the same.","Yes, one moment. How about the song Counting Stars originally sung by One Republic?",train
dlg-b0f262a6-9425-411f-9345-89957c9443c7,dlg-b0f262a6-9425-411f-9345-89957c9443c7_12_13,"I haven't heard a lot of them lately, One Republic. I think I liked last trip in 2013.",Here is your song. Boyce Avenue featuring Carly Rose Sonenclar.,train
dlg-b0f262a6-9425-411f-9345-89957c9443c7,dlg-b0f262a6-9425-411f-9345-89957c9443c7_17_18,"I like her shrimp, reminds me of the desert. It's very South western. Can you play me a cover of something in the South western? I like that kind of song, do you know the Meat Puppets? They kind of like that. Something from the Southwest. She looks very South western. She has brown eyes. Her eyes are closed. She looks very self lasting.",One moment. How about the song Ironic originally sung by Alanis Morissette?,train
dlg-b0f262a6-9425-411f-9345-89957c9443c7,dlg-b0f262a6-9425-411f-9345-89957c9443c7_19_20,"Yeah, sounds cool. I like that so.",Here is your song. Boyce Avenue featuring Emily Zeck acoustic cover.,train
dlg-b0f262a6-9425-411f-9345-89957c9443c7,dlg-b0f262a6-9425-411f-9345-89957c9443c7_23_27,I see that's a duet but could you find something like only done by one person?,How about the song Everlong by Foo Fighters? Boyce Avenue acoustic cover.,train
dlg-b1029255-b754-45f8-97a0-7fd19c83a637,dlg-b1029255-b754-45f8-97a0-7fd19c83a637_2_12,"Hello, I'm trying to find some new music. And can you play some artists similar to August and Prince? August or Prince.",Have you heard of Bless the fall? Here's Bless the fall - Wishful Sinking. Here's Bless the fall - 40 days.,test
dlg-b1029255-b754-45f8-97a0-7fd19c83a637,dlg-b1029255-b754-45f8-97a0-7fd19c83a637_13_20,"Okay, great. Can you play another artist some of the August main track for me now?",Have you heard of Eyes Set to Kill? Here's Eyes Set to Kill - Broken Frames. Here's Eyes Set to Kill - Reach.,test
dlg-b1558d65-3299-42fa-9b57-508a6794e071,dlg-b1558d65-3299-42fa-9b57-508a6794e071_0_1,Hi assistant. I want to hear a song by The Ataris.,"Hi user. Okay, sure thing. Here is the Ataris with the Boys of Summer.",train
dlg-b1558d65-3299-42fa-9b57-508a6794e071,dlg-b1558d65-3299-42fa-9b57-508a6794e071_2_3,Same song by different artist now.,Okay. Here is The Ataris with Blue Skies Broken Hearts.,train
dlg-b1558d65-3299-42fa-9b57-508a6794e071,dlg-b1558d65-3299-42fa-9b57-508a6794e071_4_5,I don't know what's playing right now. I will like another selection from the similar artist.,Here's the Ataris San Dimas High School Football Rules.,train
dlg-b16bbffe-3f39-4313-8cf3-8ae2543cfe4a,dlg-b16bbffe-3f39-4313-8cf3-8ae2543cfe4a_1_2,"I would like to hear something from James Taylor, please.",Okay. Here is James Taylor performing Fire and Rain.,validation
dlg-b16bbffe-3f39-4313-8cf3-8ae2543cfe4a,dlg-b16bbffe-3f39-4313-8cf3-8ae2543cfe4a_4_8,"This is great. Could you play something like this but something that isn't sung by James Taylor? This is great. Could you please play either a cover or this same song but by somebody different, please?","A cover of the song Tusk, correct? Here are 6 Day Riot, a cover of the song Tusk.",validation
dlg-b16bbffe-3f39-4313-8cf3-8ae2543cfe4a,dlg-b16bbffe-3f39-4313-8cf3-8ae2543cfe4a_10_11,I really appreciate how this cover captures the essence of the original.,That drum line definitely matches the original. Have a great day!,validation
dlg-b179db80-71dc-4138-956d-8bbeb00063d3,dlg-b179db80-71dc-4138-956d-8bbeb00063d3_0_3,"Hello. I'd like some help in browsing the music of Chicago, please.",Chicago rappers?,train
dlg-b179db80-71dc-4138-956d-8bbeb00063d3,dlg-b179db80-71dc-4138-956d-8bbeb00063d3_5_10,I don't want rap. I want the band Chicago.,What kind of music would you like from Chicago? Here is hard to say I'm sorry by Chicago.,train
dlg-b179db80-71dc-4138-956d-8bbeb00063d3,dlg-b179db80-71dc-4138-956d-8bbeb00063d3_11_12,"It's a pretty good choice, but how about something normal, please?",Here is You're the Inspiration by Chicago.,train
dlg-b179db80-71dc-4138-956d-8bbeb00063d3,dlg-b179db80-71dc-4138-956d-8bbeb00063d3_13_15,"That's also excellent, but do you have something even newer?",Here is Now by Chicago.,train
dlg-b1901560-8eb8-4409-a280-84db751fdb0d,dlg-b1901560-8eb8-4409-a280-84db751fdb0d_1_2,"Hey, can you play me a song by Green Day?",Basket Case by Green Day.,train
dlg-b1901560-8eb8-4409-a280-84db751fdb0d,dlg-b1901560-8eb8-4409-a280-84db751fdb0d_4_5,"Yeah, that's a great song. Could you play something by All That Remains?",This Calling by All That Remains.,train
dlg-b1901560-8eb8-4409-a280-84db751fdb0d,dlg-b1901560-8eb8-4409-a280-84db751fdb0d_7_8,"Yeah, this is a little too metal for me right now. What about rise against?",Savior by Rise Against.,train
dlg-b1cbd488-445b-40dc-90ad-9c8ec615f0eb,dlg-b1cbd488-445b-40dc-90ad-9c8ec615f0eb_0_1,I'd like to listen to some music by Linkin Park.,"Okay, I can play you some music by Linkin Park. Here's the song Numb by Linkin Park.",validation
dlg-b1cbd488-445b-40dc-90ad-9c8ec615f0eb,dlg-b1cbd488-445b-40dc-90ad-9c8ec615f0eb_2_3,I like this song. Show me newer music by this band.,Here's the song Heavy by Linkin Park featuring Kiiara.,validation
dlg-b1cbd488-445b-40dc-90ad-9c8ec615f0eb,dlg-b1cbd488-445b-40dc-90ad-9c8ec615f0eb_4_7,"This song is good, too. Show me older music by this band.",Here's the song Castle of Glass by Linkin Park. Here's the song A Place For My Head by Linkin Park from their album Hybrid Theory.,validation
dlg-b1cd7f7c-39c9-426f-8fed-9597418debde,dlg-b1cd7f7c-39c9-426f-8fed-9597418debde_1_3,I want to listen some Latin music.,Rico Suave by Gerardo.,train
dlg-b1cd7f7c-39c9-426f-8fed-9597418debde,dlg-b1cd7f7c-39c9-426f-8fed-9597418debde_4_6,"Oh yeah, that's a good song. Play me something more by him, maybe more recent.",Rico Suave by J Alvarez.,train
dlg-b1cd7f7c-39c9-426f-8fed-9597418debde,dlg-b1cd7f7c-39c9-426f-8fed-9597418debde_7_8,"Yeah, like that one. Play me some more of beat Latin music.","Mayores by Becky G, Bad Bunny.",train
dlg-b1cd7f7c-39c9-426f-8fed-9597418debde,dlg-b1cd7f7c-39c9-426f-8fed-9597418debde_9_10,Oh that's a cool song. Could you play some more Becky G music?,Becky from The Block by Becky G.,train
dlg-b2192313-2c56-422a-ab55-1dd162e30bce,dlg-b2192313-2c56-422a-ab55-1dd162e30bce_3_13,"Hello, can you play some music similar to Wage War?",Have you heard of currents? What about the browning? The Browning - Bloodlust. The Browning - Dragon.,train
dlg-b2192313-2c56-422a-ab55-1dd162e30bce,dlg-b2192313-2c56-422a-ab55-1dd162e30bce_14_19,"Okay, and is there another artist that you can play? That's similar to Wage War?","Have you heard of architects? Architects - Doomsday. Architects - ""Gravity"".",train
dlg-b2816e01-4688-414b-9789-bddf8f114b27,dlg-b2816e01-4688-414b-9789-bddf8f114b27_2_3,How about something from Beyond Creation?,Here's the song co-existence by Beyond creation.,train
dlg-b2816e01-4688-414b-9789-bddf8f114b27,dlg-b2816e01-4688-414b-9789-bddf8f114b27_4_5,"Awesome, That's a great song. How about something else from this album?",Here's the song no request for the corrupted by Beyond creation from the album the aura.,train
dlg-b2816e01-4688-414b-9789-bddf8f114b27,dlg-b2816e01-4688-414b-9789-bddf8f114b27_6_8,This isn't the same album but it's a good song. How about a song with a music video to it?,Here's the song Earthborn evolution by beyond creation.,train
dlg-b28aec3d-2975-44a9-9ae6-acd7c488a9f8,dlg-b28aec3d-2975-44a9-9ae6-acd7c488a9f8_1_6,Hi. Can I hear a song by Bruno Mars?,"Here is Versace on the floor -Bruno mars by popular songs. Here is Bruno Mars - ""That's What I Like"" by Freddy Capristo.",test
dlg-b28aec3d-2975-44a9-9ae6-acd7c488a9f8,dlg-b28aec3d-2975-44a9-9ae6-acd7c488a9f8_7_10,The song is good. Can I get a song by J. Cole now?,"Glad, You liked it. Let me find some J Cole. Here is J. Cole - ""Lost Ones"" by Fav10. Let me find some J Cole. Here is J. Cole - ""Lost Ones"" by Fav10.",test
dlg-b2c3a8e3-7ef8-4731-be5c-809bf3534641,dlg-b2c3a8e3-7ef8-4731-be5c-809bf3534641_0_1,"Hi, I want to hear a song from Joyner Lucas, please.",Here is forever by Joyner Lucas.,train
dlg-b2c3a8e3-7ef8-4731-be5c-809bf3534641,dlg-b2c3a8e3-7ef8-4731-be5c-809bf3534641_2_3,Do you have anything more up the tempo by Jonah Lucas?,"Sure, here is DNA by Joyner Lucas.",train
dlg-b2c6046f-95f0-4925-957b-c83b6d25e39f,dlg-b2c6046f-95f0-4925-957b-c83b6d25e39f_7_10,"Okay, that's not bad. But how about something more traditional belong to Bob Marley or something?",How about the song One Love by bob Marley? Here is the song One Love by bob Marley.,train
dlg-b2c6046f-95f0-4925-957b-c83b6d25e39f,dlg-b2c6046f-95f0-4925-957b-c83b6d25e39f_11_12,"Yeah, that's good. I like that. How about switching that up to maybe some newer Ziggy Marley?",Here is the song called True To Myself by Ziggy Marley.,train
dlg-b2c6046f-95f0-4925-957b-c83b6d25e39f,dlg-b2c6046f-95f0-4925-957b-c83b6d25e39f_13_15,Okay. How about Justin Bieber?,How about the song Despacito by Justin Bieber?,train
dlg-b38911f0-9be5-471d-b8cc-1c3dc3b0b786,dlg-b38911f0-9be5-471d-b8cc-1c3dc3b0b786_0_2,Could you play me some music by Rush?,Here's the song closer to the Heart by Rush.,train
dlg-b38911f0-9be5-471d-b8cc-1c3dc3b0b786,dlg-b38911f0-9be5-471d-b8cc-1c3dc3b0b786_3_4,I like the song. It's pretty good choice. How about playing me somebody doing a Rush cover?,Here's a Rush cover of the song Freewill by Tyler Warren.,train
dlg-b38911f0-9be5-471d-b8cc-1c3dc3b0b786,dlg-b38911f0-9be5-471d-b8cc-1c3dc3b0b786_5_8,"Nice. Pretty good. Play all the instruments, too. Play me a a Rush cover of another song.",Here's a rush cover of the song The Spirit of the radio by moon-tan.,train
dlg-b3ba4752-3148-4d0f-b9b0-9c077c8fe9e2,dlg-b3ba4752-3148-4d0f-b9b0-9c077c8fe9e2_1_8,"Hi, could you play me some music by Mumford & Sons? Mumford & Sons. Mumford & Sons.",Here is Mumford and Sons with helpless Wonder.,train
dlg-b3ba4752-3148-4d0f-b9b0-9c077c8fe9e2,dlg-b3ba4752-3148-4d0f-b9b0-9c077c8fe9e2_9_10,"Yeah, I like that song, but could you play me a different song by like a similar artist?","Sure thing, here is Genesis With Fly on a Windshield.",train
dlg-b41eebdf-b039-4b0f-92cd-cde16bfa0f76,dlg-b41eebdf-b039-4b0f-92cd-cde16bfa0f76_1_11,I am looking for music from Taylor Swift.,Here is the song Look What You Made Me Do by Taylor swift. How about the song Shake It Off by Taylor swift? How about the song call it what you want by Taylor Swift?,test
dlg-b42b3eea-339c-4f96-97cd-8ef9a3e32fa6,dlg-b42b3eea-339c-4f96-97cd-8ef9a3e32fa6_0_1,Hi. I'd like to listen to music by Sia.,"Hello. Okay, Sure thing. Here is Sia - The Greatest.",train
dlg-b42b3eea-339c-4f96-97cd-8ef9a3e32fa6,dlg-b42b3eea-339c-4f96-97cd-8ef9a3e32fa6_2_5,Can you play one of her older songs?,Here is Sia - Get Me. Sure. Here is Sia - Under the Milky Way.,train
dlg-b4448abf-f814-4ce2-b274-8ee05b2f3509,dlg-b4448abf-f814-4ce2-b274-8ee05b2f3509_4_8,"Sure, Babymetal is the artist.",Here is BabyMetal- Karate. Here is Babymetal - メギツネ - Megitsune.,train
dlg-b4448abf-f814-4ce2-b274-8ee05b2f3509,dlg-b4448abf-f814-4ce2-b274-8ee05b2f3509_9_10,Do you have the same song by a different artist?,Here is Babymetal - Megitsune.,train
dlg-b46c1692-3e61-481d-a3ab-efa28da8ebe0,dlg-b46c1692-3e61-481d-a3ab-efa28da8ebe0_2_3,Hi. Can you play Jeremy by Pearl Jam?,Here is Pearl Jam - Jeremy.,train
dlg-b46c1692-3e61-481d-a3ab-efa28da8ebe0,dlg-b46c1692-3e61-481d-a3ab-efa28da8ebe0_4_7,"Yeah, can you play Daughter on the same album by Pearl Jam? Also by Pearl Jam.",Here is Daughter - Pearl Jam.,train
dlg-b46c1692-3e61-481d-a3ab-efa28da8ebe0,dlg-b46c1692-3e61-481d-a3ab-efa28da8ebe0_8_10,"Now, can you play some newer materials by Pearl Jam?",Here is Pearl Jam - Even Flow.,train
dlg-b4edeb8c-7dc3-4020-b359-fb7b9fcf2d91,dlg-b4edeb8c-7dc3-4020-b359-fb7b9fcf2d91_0_9,Hi. Could you play me something by Counting Crows?,- Here is your song. Round Here by Counting Crows. A Long December by Counting Crows. Mrs. Potters Lullaby by Counting Crows. Here is your song. Angels of the Silences by Counting Crows.,train
dlg-b51bee17-afc7-40e0-982f-2fa0ad906d88,dlg-b51bee17-afc7-40e0-982f-2fa0ad906d88_0_4,"Hello, I'd like some help browsing the music of Darius Rucker, please.",I told you by Darius Rucker. Here alright by Darius Rucker.,train
dlg-b51bee17-afc7-40e0-982f-2fa0ad906d88,dlg-b51bee17-afc7-40e0-982f-2fa0ad906d88_5_6,"If I may say though, that's all right. How about something from a newer album, please?",Here is the story to tell by Darius Rucker.,train
dlg-b531aea2-dabe-433a-a2f2-328b981cf478,dlg-b531aea2-dabe-433a-a2f2-328b981cf478_1_8,I like to hear some music by Taylor Swift.,Here is the song Shake It Off by Taylor Swift. Here is the song called Our Song by Taylor swift. Here is Look What You Made Me Do by Taylor Swift. Here is Style by Taylor Swift from a different album.,train
dlg-b54ba8f8-5e41-499d-beef-d82a3e3ff1e0,dlg-b54ba8f8-5e41-499d-beef-d82a3e3ff1e0_1_7,"Hello Assistant, I'd like to hear some hip hop music.",Mobb Deep-Shook Ones Part 2.,train
dlg-b54ba8f8-5e41-499d-beef-d82a3e3ff1e0,dlg-b54ba8f8-5e41-499d-beef-d82a3e3ff1e0_10_13,"Assistant, could I hear something little bit more upbeat not so typical of hip hop.",Frank Ocean - Chanel,train
dlg-b54ba8f8-5e41-499d-beef-d82a3e3ff1e0,dlg-b54ba8f8-5e41-499d-beef-d82a3e3ff1e0_16_19,This is a really great choice Assistant. But could I hear something a little bit more upbeat?,"Kendrick Lamar, SZA - All The Stars",train
dlg-b5b1871c-330e-4822-83fa-101b6b088c1b,dlg-b5b1871c-330e-4822-83fa-101b6b088c1b_2_3,"Yeah, could you play me some music. How about some God Is In The Roses?",Here is Guns N Roses Sweet Child 'O' Mine.,validation
dlg-b5b1871c-330e-4822-83fa-101b6b088c1b,dlg-b5b1871c-330e-4822-83fa-101b6b088c1b_4_5,"That's pretty good, but how about a similar song by a different artist?",Here is Bon Jovi - Living on a Prayer.,validation
dlg-b5b1871c-330e-4822-83fa-101b6b088c1b,dlg-b5b1871c-330e-4822-83fa-101b6b088c1b_6_7,Could you play me another Bon Jovi song?,Here is Bon Jovi - It's my life.,validation
dlg-b5bc8131-89d7-41df-94a9-174b7333030e,dlg-b5bc8131-89d7-41df-94a9-174b7333030e_3_5,Hi assistant. I'd like to listen to some type of hip hop music.,Here is the song called God’s Plan by the artist Drake.,train
dlg-b5bc8131-89d7-41df-94a9-174b7333030e,dlg-b5bc8131-89d7-41df-94a9-174b7333030e_7_14,"Drake is Canadian like my wife, and Drake is Jewish like myself, and Drake is a male like my puppy. I'm being silly. God's Plan by Drake, let's hear it, baby.",Here is another song called Started From The Bottom by the artist Drake.,train
dlg-b5bc8131-89d7-41df-94a9-174b7333030e,dlg-b5bc8131-89d7-41df-94a9-174b7333030e_15_18,"This one has a little different feel to it. It's a little more edgy. Can I hear maybe, just to change it up a little bit, maybe something from Will Smith from the 1980's?",Here is the song called Just The Two Of Us by the artist Will smith.,train
dlg-b5e8a221-5f14-4606-8526-99df8c4c8e62,dlg-b5e8a221-5f14-4606-8526-99df8c4c8e62_1_4,"Hi, can you play me a song by Halsey? H a l s e y.",Here's Bad At Love by Halsey.,train
dlg-b5e8a221-5f14-4606-8526-99df8c4c8e62,dlg-b5e8a221-5f14-4606-8526-99df8c4c8e62_5_8,Can you actually play one of her older songs?,Here's Garden by Halsey. Here's Gasoline by Halsey.,train
dlg-b60b9bd8-300c-4ce9-b45f-7d67bf45e210,dlg-b60b9bd8-300c-4ce9-b45f-7d67bf45e210_1_13,"Hi, can you help me find new music like Selena Gomez?",Have you heard of artist named Nick Jonas? How about an artist named Sabrina Carpenter? Why by Sabrina Carpenter? Eyes Wide Open by Sabrina Carpenter.,train
dlg-b60b9bd8-300c-4ce9-b45f-7d67bf45e210,dlg-b60b9bd8-300c-4ce9-b45f-7d67bf45e210_15_21,"Okay, I'm not quite sure how I feel about this yet. Can you play me songs that I like by Maroon 5?",Have you heard of the band name The Script? The Man Who Can’t Be Moved by The Script. Arms Open by The Script.,train
dlg-b64d2c7a-4707-4e5a-907a-f5ca8266e941,dlg-b64d2c7a-4707-4e5a-907a-f5ca8266e941_1_5,"I'd like help finding some new music to listen to, please. Lady Gaga.","Okay, let me see what or who I can find based on Lady Gaga. One second. Have you heard of the artist M I A or Carly Rae Jepsen.",test
dlg-b64d2c7a-4707-4e5a-907a-f5ca8266e941,dlg-b64d2c7a-4707-4e5a-907a-f5ca8266e941_6_9,"Carly Rae Jepsen, yes.","Okay, let me see what I can find by M I A. Just one moment. Here is Paper Planes by M I A.",test
dlg-b64d2c7a-4707-4e5a-907a-f5ca8266e941,dlg-b64d2c7a-4707-4e5a-907a-f5ca8266e941_10_13,That video's not playing.,One moment. Here is Bad Girls by M I A.,test
dlg-b64d2c7a-4707-4e5a-907a-f5ca8266e941,dlg-b64d2c7a-4707-4e5a-907a-f5ca8266e941_14_21,That one's not playing either.,"Have you heard of the artist Janelle Monae. Okay, let me see if I can play you something by Janelle Monae. Here is Tightrope by Janelle Monae.",test
dlg-b64d2c7a-4707-4e5a-907a-f5ca8266e941,dlg-b64d2c7a-4707-4e5a-907a-f5ca8266e941_22_23,"Okay, that sounds good.","Great, just one moment. Here is Dance Apocalyptic by Janelle Monae.",test
dlg-b64d2c7a-4707-4e5a-907a-f5ca8266e941,dlg-b64d2c7a-4707-4e5a-907a-f5ca8266e941_24_31,Sounds good. Katy Perry.,"Okay, Katy Perry. One second. Have you heard of the artist 3OH!3? Okay, let me see what I can find by 3OH!3. Hold on just a second. Here is Touching on my by 3OH!3.",test
dlg-b64d2c7a-4707-4e5a-907a-f5ca8266e941,dlg-b64d2c7a-4707-4e5a-907a-f5ca8266e941_32_33,"Okay, that's good.","Great. One second. Here's another one by 3OH!3, titled My First Kiss. Anything else?",test
dlg-b692b1ba-ace9-4271-9954-79366b5b60f8,dlg-b692b1ba-ace9-4271-9954-79366b5b60f8_0_6,Do you think you could play a song by Sia? I want that's more recent.,Here is a song called Better by Sia.,validation
dlg-b692b1ba-ace9-4271-9954-79366b5b60f8,dlg-b692b1ba-ace9-4271-9954-79366b5b60f8_7_13,Do you think maybe I could hear a cover of the song instead?,Here is another song called Picket Fences (Audio) ft. Ashley Rose by Sia.,validation
dlg-b692b1ba-ace9-4271-9954-79366b5b60f8,dlg-b692b1ba-ace9-4271-9954-79366b5b60f8_14_15,"And then, could I have a cover of the song by a different artist?",Here is Picket Fences by The Knob.,validation
dlg-b69c7270-4ccb-4118-8450-588bf468a73d,dlg-b69c7270-4ccb-4118-8450-588bf468a73d_1_3,Hi. Can you Play fitness music?,"Let me see what I can find, It's been a while since I worked out. One second please. Here is the song, Get Up performed by 50 cent Here is the song, Get Up performed by 50 cent",test
dlg-b69c7270-4ccb-4118-8450-588bf468a73d,dlg-b69c7270-4ccb-4118-8450-588bf468a73d_4_5,"I hate asking, But could you find me more like upbeat workout music?","How about Kanye West, The New Workout Plan?",test
dlg-b69c7270-4ccb-4118-8450-588bf468a73d,dlg-b69c7270-4ccb-4118-8450-588bf468a73d_6_7,Let's try something cleaner.,"Okay. Lets try Walk the Moon, Shut up and dance.",test
dlg-b69c7270-4ccb-4118-8450-588bf468a73d,dlg-b69c7270-4ccb-4118-8450-588bf468a73d_8_11,That's really good. Maybe you could find me else find me something else by Walk the Moon. Like that's the same. Let's That falls under workout Maybe you could find me else find me something else by Walk the Moon. Like that's the same. Let's That falls under workout.,"Here is the same band, Performing Anna Sun.",test
dlg-b69c7270-4ccb-4118-8450-588bf468a73d,dlg-b69c7270-4ccb-4118-8450-588bf468a73d_12_14,Yeah. I definitely like the polaroid effect in that last video. I would have to say that's my favorite. I would have to say that's my favorite.,It's a good one. I agree.,test
dlg-b6ccb9ac-947b-48e9-a52c-1fd59405fcfa,dlg-b6ccb9ac-947b-48e9-a52c-1fd59405fcfa_2_7,What Duran Duran songs do you have? Do you have electric by Varela?,"Yes, sure. Here is electric Barbarella by Duran Duran. Go through with this.",train
dlg-b6ccb9ac-947b-48e9-a52c-1fd59405fcfa,dlg-b6ccb9ac-947b-48e9-a52c-1fd59405fcfa_9_14,It's very upbeat. Can you play the song by Stone Temple Pilots? Play the Sour Girl from him.,Here is Stone Temple Pilots with Sour Girl.,train
dlg-b6ccb9ac-947b-48e9-a52c-1fd59405fcfa,dlg-b6ccb9ac-947b-48e9-a52c-1fd59405fcfa_15_19,This is a good song. Do you have Wild Nothing?,Is that by Stone Temple Pilots?,train
dlg-b6ccb9ac-947b-48e9-a52c-1fd59405fcfa,dlg-b6ccb9ac-947b-48e9-a52c-1fd59405fcfa_22_23,Can I hear plash by Stone Temple Pilots?,Here is Stone Temple Pilots with plush.,train
dlg-b6e25984-68cc-49db-a4ff-8bb0fae67c68,dlg-b6e25984-68cc-49db-a4ff-8bb0fae67c68_1_8,"Hi, Can you play me a song by Charlie Puth?","I can do that, Let me see what I can find for you. One sec. Here is Attention by Charlie Puth. Here is Attention by Charlie Puth. Let me see if I can find a cover for you. One moment. Here is Attention by Charlie Puth performed by Boyce Avenue. Here is Attention by Charlie Puth performed by Boyce Avenue.",test
dlg-b6e25984-68cc-49db-a4ff-8bb0fae67c68,dlg-b6e25984-68cc-49db-a4ff-8bb0fae67c68_9_12,Do you think you could play a female cover?,Let me see if I can find a female cover. One second. Here is Attention by Charlie Puth performed by J. Fla. Here is Attention by Charlie Puth performed by J. Fla.,test
dlg-b6f4836b-4bbd-4cf4-87c6-b8c3c2a3b8eb,dlg-b6f4836b-4bbd-4cf4-87c6-b8c3c2a3b8eb_2_5,I would love to hear some music by Bruno Mars. Can you find me some?,"Bruno Mars you say, okay you got it. Here is that's what I like by Bruno Mars.",test
dlg-b6f4836b-4bbd-4cf4-87c6-b8c3c2a3b8eb,dlg-b6f4836b-4bbd-4cf4-87c6-b8c3c2a3b8eb_7_13,I really like this song but I'd like to hear something older.,"Sure thing, here is Grenade by Bruno Mars. Here is Versace-On-The-Floor by Bruno Mars.",test
dlg-b73eda88-ab02-491f-9a06-994f4022af3b,dlg-b73eda88-ab02-491f-9a06-994f4022af3b_1_4,I'd like to listen to some music by David Bowie.,Here is the David Bowie - Starman.,train
dlg-b73eda88-ab02-491f-9a06-994f4022af3b,dlg-b73eda88-ab02-491f-9a06-994f4022af3b_6_10,"Thank you. Wonderful, they're playing terrific. Great choice, could we do something by David Bowie that is a little more recent? Great choice, Could we do something by David Bowie that is a little more recent?",Here is the David Bowie - Lazarus.,train
dlg-b73eda88-ab02-491f-9a06-994f4022af3b,dlg-b73eda88-ab02-491f-9a06-994f4022af3b_12_16,Thank you. That's very nice. Can I hear one last request? Can I hear a top 10 hit from David Bowie?,One moment. Here is the David Bowie-Space Oddity.,train
dlg-b76d5781-5f38-4705-a6ec-2c42dfd8a23c,dlg-b76d5781-5f38-4705-a6ec-2c42dfd8a23c_0_6,"I'd like some help browsing rock music, please.",How about the song: It's My Life by Bon Jovi? How about the song: I Want To Know What Love Is by the artist Foreigner?,train
dlg-b76d5781-5f38-4705-a6ec-2c42dfd8a23c,dlg-b76d5781-5f38-4705-a6ec-2c42dfd8a23c_8_10,"Pretty good, let's try something with a female lead singer, please.",How about the song: Sometimes Love Just Ain't Enough by Patty Smyth & Don Henley?,train
dlg-b76d5781-5f38-4705-a6ec-2c42dfd8a23c,dlg-b76d5781-5f38-4705-a6ec-2c42dfd8a23c_12_16,"Ah, that's pretty good. Forgot to mention of Don Henley. How about something that's got Don Henley in it? For example the Eagles.",Here is the solo song called Take A Picture Of This by Don Henley.,train
dlg-b78236ac-47db-408d-a079-6502543c9c8b,dlg-b78236ac-47db-408d-a079-6502543c9c8b_3_6,I was thinking of something by Sara Bareilles.,Brave by Sara Bareilles. Love Song by Sara Bareilles.,train
dlg-b78236ac-47db-408d-a079-6502543c9c8b,dlg-b78236ac-47db-408d-a079-6502543c9c8b_7_8,Wonderful! I love that song as well. I think it's one of her most successful earlier on. Can I hear something from her that's either a live performance or an acoustic version of one of her songs?,Bright Lights and CItyscapes by Sara Bareilles.,train
dlg-b7a1640b-a539-45c5-a377-b91a5000cf09,dlg-b7a1640b-a539-45c5-a377-b91a5000cf09_0_1,I would like to listen to some music by Linkin Park.,Here is the song Numb performed by Linkin Park.,train
dlg-b7a1640b-a539-45c5-a377-b91a5000cf09,dlg-b7a1640b-a539-45c5-a377-b91a5000cf09_3_4,I might listen to some older material by this band.,Here is Linkin Park performing Points of Authority.,train
dlg-b7a1640b-a539-45c5-a377-b91a5000cf09,dlg-b7a1640b-a539-45c5-a377-b91a5000cf09_6_9,I don't like this. Play the same song by a different artist.,Here is an vice-versa performing Points of Authority by Linkin Park. They don't serve the song any justice. I prefer the original.,train
dlg-b7c0b101-1b9f-4691-8b81-d0fedb66e04e,dlg-b7c0b101-1b9f-4691-8b81-d0fedb66e04e_0_2,Hi. I would like to listen to some music by Linkin Park.,Here is the song by Linkin Park called Numb.,test
dlg-b7c0b101-1b9f-4691-8b81-d0fedb66e04e,dlg-b7c0b101-1b9f-4691-8b81-d0fedb66e04e_3_4,I need similar song by a different artist.,"Here is ""I Stand Alone by Godsmack.""",test
dlg-b7e0f643-387e-49d0-a577-1a8734d65813,dlg-b7e0f643-387e-49d0-a577-1a8734d65813_3_6,"I'm interested in The Beatles, please.",Here is Let Me Down by the Beatles. Here is I Want to Hold Your Hand by the Beatles.,train
dlg-b7e0f643-387e-49d0-a577-1a8734d65813,dlg-b7e0f643-387e-49d0-a577-1a8734d65813_7_8,"Okay, that's not exactly what I am looking for. Do you have something that is even older?",Here is Home Recordings April 1960 by the Beatles.,train
dlg-b7e16dc2-f58d-4529-bc95-27a4f7b33def,dlg-b7e16dc2-f58d-4529-bc95-27a4f7b33def_1_5,Hello assistant. I'd like to hear some music by Michael Buble.,Michael Buble - I Believe In You (Lyrics Video).,train
dlg-b7e16dc2-f58d-4529-bc95-27a4f7b33def,dlg-b7e16dc2-f58d-4529-bc95-27a4f7b33def_7_9,"Hey Assistant. Did I already heard this track but, can I hear something else? Something more upbeat by Michael Bublé?",Michael Buble - Haven't Met You Yet (lyrics).,train
dlg-b7e16dc2-f58d-4529-bc95-27a4f7b33def,dlg-b7e16dc2-f58d-4529-bc95-27a4f7b33def_11_15,Hey Assistant. Could I hear the song Everything by Michael Bublé?,Everything -  Buble Lyrics.,train
dlg-b847e515-7b56-48e9-bb0d-173d6d43750e,dlg-b847e515-7b56-48e9-bb0d-173d6d43750e_1_3,"Hi. I want to listen some music, can I hear something by NSYNC?",Here is Bye Bye Bye by NSYNC. Go through with this.,train
dlg-b847e515-7b56-48e9-bb0d-173d6d43750e,dlg-b847e515-7b56-48e9-bb0d-173d6d43750e_4_7,"That sounds good, but can I hear something by one of the band members instead? How about Jessie Shuzey?",Here is you ruined Me by JC Chasez. Go through with this.,train
dlg-b847e515-7b56-48e9-bb0d-173d6d43750e,dlg-b847e515-7b56-48e9-bb0d-173d6d43750e_8_11,"That was good, but maybe instead something from Justin Timberlake.","Got it, let me see what I can find from Justin Timberlake. Here is Mirrors by Justin Timberlake. Go through with this.",train
dlg-b848dd6f-5435-4985-a5a6-0242c4d81a55,dlg-b848dd6f-5435-4985-a5a6-0242c4d81a55_1_4,"Hi, there. I was wanting to listen to some Dax Riggs.",Here is like Moonlight by Dax Riggs.,train
dlg-b848dd6f-5435-4985-a5a6-0242c4d81a55,dlg-b848dd6f-5435-4985-a5a6-0242c4d81a55_5_6,This is a pretty good song. Can I hear something else from him that's a little more up beat?,Harrah's tomorrow we jump by Dax Riggs.,train
dlg-b848dd6f-5435-4985-a5a6-0242c4d81a55,dlg-b848dd6f-5435-4985-a5a6-0242c4d81a55_7_8,"Yeah, this is a pretty good song. How about a song off of his first album? His first solo album.",Here is radiation Blues by Dax Riggs.,train
dlg-b8b1f7a8-298a-4c9e-9bfb-37a35dc44e72,dlg-b8b1f7a8-298a-4c9e-9bfb-37a35dc44e72_0_4,"Hi, I would like to listen to something by Linkin Park.",Okay sure. Here is Linkin park In The End. Here is a new one. This is called Goodbye by Linkin park.,train
dlg-b8b1f7a8-298a-4c9e-9bfb-37a35dc44e72,dlg-b8b1f7a8-298a-4c9e-9bfb-37a35dc44e72_5_6,I don't like what's playing. Older material.,"Okay. Here is numb, by Linkin park.",train
dlg-b8bf9548-3f07-42cb-a376-6417049df9d0,dlg-b8bf9548-3f07-42cb-a376-6417049df9d0_2_4,"Hi, can you play something by Wale, please?",Here is the Wale Ft. Tiara Thomas -Bad.,train
dlg-b8bf9548-3f07-42cb-a376-6417049df9d0,dlg-b8bf9548-3f07-42cb-a376-6417049df9d0_5_6,"Can you play something more recent by Wale, please?",Here is Wale - Running Back.,train
dlg-b8bf9548-3f07-42cb-a376-6417049df9d0,dlg-b8bf9548-3f07-42cb-a376-6417049df9d0_7_11,Can you please play where Wale was the feature? Can you play a song where Wale is the feature artist?,"Here is DJ Scream Cee Lo (Feat. Future, Wale & Ludacris).",train
dlg-b8caa6bf-9814-4198-9970-00ae052cb654,dlg-b8caa6bf-9814-4198-9970-00ae052cb654_1_2,Hello. Can you play some music by Dr. Dre?,"I absolutely can, Here is Dr. Dre performing The Next Episode featuring Snoop Dogg.",train
dlg-b8caa6bf-9814-4198-9970-00ae052cb654,dlg-b8caa6bf-9814-4198-9970-00ae052cb654_3_4,"Okay, great. This is really good. Now, can you play something newer by Dr. Dre?",Here is Dr. Dre performing I Need a Doctor featuring Eminem and Skylar Grey.,train
dlg-b8caa6bf-9814-4198-9970-00ae052cb654,dlg-b8caa6bf-9814-4198-9970-00ae052cb654_5_6,"This is really good, Too. Now can you play something older by Dr. Dre?",Here is the classic Nothin But a G Thang by Dr. Dre and Snoop Dogg.,train
dlg-b8d1278d-e04f-46ae-9a9d-0b132c0c8ba5,dlg-b8d1278d-e04f-46ae-9a9d-0b132c0c8ba5_2_3,"Hello assistant, I would like to hear some jazz music, please.",Here is the Loneliest Monk performing Around Midnight.,train
dlg-b8d1278d-e04f-46ae-9a9d-0b132c0c8ba5,dlg-b8d1278d-e04f-46ae-9a9d-0b132c0c8ba5_4_5,Thank you for the jazz music. Could I hear something a little bit more modern jazz?,Here is Jamie Cullum performing These Are The Days.,train
dlg-b8d1278d-e04f-46ae-9a9d-0b132c0c8ba5,dlg-b8d1278d-e04f-46ae-9a9d-0b132c0c8ba5_8_9,Can I hear something more classical?,Here is Miles Davis performing So What.,train
dlg-b8d1278d-e04f-46ae-9a9d-0b132c0c8ba5,dlg-b8d1278d-e04f-46ae-9a9d-0b132c0c8ba5_11_13,Can I hear one more jazz song from a current artist? Something more modern.,Here is Tim Garden performing Uplift.,train
dlg-b8d1ae47-77c1-432a-b73b-c1b539f2e9f5,dlg-b8d1ae47-77c1-432a-b73b-c1b539f2e9f5_0_1,Hello. I would like to listen some music. Can you play something from Run DMC.,"Hello. Yes, sure I'll help you. Here is Run-DMC by Peter Piper. Go through with that.",train
dlg-b8d1ae47-77c1-432a-b73b-c1b539f2e9f5,dlg-b8d1ae47-77c1-432a-b73b-c1b539f2e9f5_2_4,"Okay, It's good. But I want to hear something like Raising Hell from Run DMC.","Okay, You want something from Run DMC raising hell. Sure thing. Here's the song called Is It Bye from Run DMC. Go through with this.",train
dlg-b8d1ae47-77c1-432a-b73b-c1b539f2e9f5,dlg-b8d1ae47-77c1-432a-b73b-c1b539f2e9f5_5_6,Okay. I didn't like that. Can you play Walk This Way for me.,"Sure thing, Here is Walk This Way by Run DMC. Go through with this.",train
dlg-b8e42417-38a8-4362-a003-a30897fa2807,dlg-b8e42417-38a8-4362-a003-a30897fa2807_0_2,"Hi, could you play me something by Guns N' Roses?",Here is Guns N' Roses - November Rain.,train
dlg-b8e42417-38a8-4362-a003-a30897fa2807,dlg-b8e42417-38a8-4362-a003-a30897fa2807_3_4,"Okay, how about playing same song but a different artist?",Here is Amadeus Electric Quartet - November Rain.,train
dlg-b8e42417-38a8-4362-a003-a30897fa2807,dlg-b8e42417-38a8-4362-a003-a30897fa2807_5_6,"No, I don't like that, how about some newer material?","Okay. Sure thing, here is Guns N' Roses - Sweet Child O' Mine.",train
dlg-b8eb8f92-7236-48b4-b713-bffd876cc734,dlg-b8eb8f92-7236-48b4-b713-bffd876cc734_2_4,Can I listen to Crawling by Linkin Park?,Here is Crawling by Linkin Park.,train
dlg-b8eb8f92-7236-48b4-b713-bffd876cc734,dlg-b8eb8f92-7236-48b4-b713-bffd876cc734_5_9,Can you play one of their old songs?,Here is Linkin Park - Who Am I Song. Here is Papercut - Linkin Park.,train
dlg-b8f5a413-7a1e-4444-a69f-9ea31b723804,dlg-b8f5a413-7a1e-4444-a69f-9ea31b723804_1_3,I would like to hear Ghosts by August Burns Red.,Here is August Burns Red - Ghosts.,test
dlg-b8f5a413-7a1e-4444-a69f-9ea31b723804,dlg-b8f5a413-7a1e-4444-a69f-9ea31b723804_5_9,This is hitting us back. Could you play something hotter by August Burns Red?,Here is August Burns Red - Composure.,test
dlg-b8f5a413-7a1e-4444-a69f-9ea31b723804,dlg-b8f5a413-7a1e-4444-a69f-9ea31b723804_11_15,This is really good. Can you play something a little bit lighter from August Burns Red?,Here is August Burns Red - Internal Cannon.,test
dlg-b8fe1f9c-bfb3-4b36-86c6-09c035eeee45,dlg-b8fe1f9c-bfb3-4b36-86c6-09c035eeee45_0_3,"I would like some help browsing new music, please. Kerry Allen.","Okay, sure thing. Have you ever heard of George Strait or Florida Georgia Line?",train
dlg-b8fe1f9c-bfb3-4b36-86c6-09c035eeee45,dlg-b8fe1f9c-bfb3-4b36-86c6-09c035eeee45_4_11,I'm not familiar with Florida Georgia Line.,"Okay. Dare to hear song by Florida Georgia Line? Here is smooth Florida by Georgia Line. Okay, have you ever heard of Hank Williams Jr?",train
dlg-b8fe1f9c-bfb3-4b36-86c6-09c035eeee45,dlg-b8fe1f9c-bfb3-4b36-86c6-09c035eeee45_12_13,"I want to hear another song by George Line or whatever? And yes, I've heard of Hank Williams Jr.",Okay. Here is Florida Georgia Line holy.,train
dlg-b90501b2-3313-42ab-b2f0-d80225938669,dlg-b90501b2-3313-42ab-b2f0-d80225938669_1_3,Can you play something by Dave Grohl.,Here is Dave Grohl and Kristen Bell performing a song from Frozen.,train
dlg-b90501b2-3313-42ab-b2f0-d80225938669,dlg-b90501b2-3313-42ab-b2f0-d80225938669_4_5,Can you find something by Dave Grohl?,Here is the song Big Me by the Foo Fighters.,train
dlg-b90501b2-3313-42ab-b2f0-d80225938669,dlg-b90501b2-3313-42ab-b2f0-d80225938669_6_9,"Well, I'm actually looking for something from a different album.",Here is I'll stick around by the Foo Fighters.,train
dlg-b91569b1-6858-4883-af33-c74955211e16,dlg-b91569b1-6858-4883-af33-c74955211e16_2_11,I'd like to listen to music by Eric Church. I'd like to hear some music by Eric Church.,Here is a record year by Eric Church. Here is Springsteen by Eric Church.,train
dlg-b91569b1-6858-4883-af33-c74955211e16,dlg-b91569b1-6858-4883-af33-c74955211e16_12_16,It's not playing.,Here is Smoke a Little Smoke by Eric Church.,train
dlg-b91569b1-6858-4883-af33-c74955211e16,dlg-b91569b1-6858-4883-af33-c74955211e16_17_19,That didn't work play a different one.,Here is Guys Like Me by Eric Church.,train
dlg-b91569b1-6858-4883-af33-c74955211e16,dlg-b91569b1-6858-4883-af33-c74955211e16_20_29,That didn't work try something from Little Big Town.,Here is Better Man by Little Big Town. Here is falling by Little Big Town.,train
dlg-b91569b1-6858-4883-af33-c74955211e16,dlg-b91569b1-6858-4883-af33-c74955211e16_32_34,That one was good play another one like that.,Here is Little Big Town Day Drinking & Ariana Grande Bang Bang CMA's 2014.,train
dlg-b91569b1-6858-4883-af33-c74955211e16,dlg-b91569b1-6858-4883-af33-c74955211e16_35_38,That one didn't work.,Here is Born This Way by Little Big Town.,train
dlg-b91569b1-6858-4883-af33-c74955211e16,dlg-b91569b1-6858-4883-af33-c74955211e16_39_43,This is alright. Is there anything by Eric Church Unplugged?,Here is Before she does by Eric Church.,train
dlg-b928580b-2281-4042-beff-08c6ca7c3486,dlg-b928580b-2281-4042-beff-08c6ca7c3486_2_9,"Hi, I'm looking for some new music to listen to. Can you help me find that? Somebody who sounds a little bit like Bob Dylan I guess or that style. I have heard of Loco, is there another one you can give to me?",The Clash. Here is Rock the Casbah - The Clash.,test
dlg-b928580b-2281-4042-beff-08c6ca7c3486,dlg-b928580b-2281-4042-beff-08c6ca7c3486_12_15,"That one will work, now can you find me music that's similar to The Beatles?",The smiths. Here is the video The smiths.,test
dlg-b92a40c0-8f88-4380-9c83-796ee52cb87d,dlg-b92a40c0-8f88-4380-9c83-796ee52cb87d_2_3,"Say a song by Muse,",Here is Muse - Time Is Running out.,train
dlg-b92a40c0-8f88-4380-9c83-796ee52cb87d,dlg-b92a40c0-8f88-4380-9c83-796ee52cb87d_4_5,Can you play something by an artist with a similar style?,Here is Nirvana - Smells Like Teen Spirit.,train
dlg-b92a40c0-8f88-4380-9c83-796ee52cb87d,dlg-b92a40c0-8f88-4380-9c83-796ee52cb87d_6_7,Can you play a different version?,Here is Nirvana - Smells Like Teen Spirit Sofia Karlberg.,train
dlg-b92a40c0-8f88-4380-9c83-796ee52cb87d,dlg-b92a40c0-8f88-4380-9c83-796ee52cb87d_10_14,Can you play some newly released content? Newly released content. Alternative.,Here is Imagine Dragons - Thunder.,train
dlg-b92a40c0-8f88-4380-9c83-796ee52cb87d,dlg-b92a40c0-8f88-4380-9c83-796ee52cb87d_15_16,Can you play different version?,Here is Imagine Dragons - Thunder by J.Fla.,train
dlg-b9346684-2467-4a38-a25f-9edfd227e76d,dlg-b9346684-2467-4a38-a25f-9edfd227e76d_2_4,"Today, I'm looking to listen to some music. I'm hoping that you can help me find some. I'm looking for a song by Lorde, the singer. It's called Royals.","I love that song. She's certainly one of the best artists to come out in a long time. I agree with you, she has a wonderful voice. Here you go.",train
dlg-b9346684-2467-4a38-a25f-9edfd227e76d,dlg-b9346684-2467-4a38-a25f-9edfd227e76d_5_16,"Yep, awesome. Also this one is blocked by UMG. Yeah, it looks like a couple of our things are blocked. I'm sure their's another one somewhere. This one is also blocked. Why are they blocking all of our stuff? I'd like to hear another song by her if it's available in Tennis court. He just wanted Lorde's vocals to be in the chorus of certain songs and you know I went to work and put together something real good.",Do I just look up Dear Lord?,train
dlg-b9346684-2467-4a38-a25f-9edfd227e76d,dlg-b9346684-2467-4a38-a25f-9edfd227e76d_17_36,"Yeah, Dear Lord and Thunda1Cent and I'm not trying to rip her off or nothing but he just like her stuff so it works for songs. Actually, you can go to Google and type Datpiff and type in Thunda1Cent in one word and that should come up and you can download the album for free because we are not trying to make any money of that either. He actually made 1 Cent and our dear Lord and then it should be on DatPiff. It should be available for download. And if you see a SoundCloud link to his page, you better click on that because we made a deluxe version and I actually remastered it. And if you ever heard of the singer Aurora, I think she's from Norway. We also did an EP remixing to her stuff. And I did much better on quality as far as recording the beats and producing it. And their's no cursing or nothing like there is on Dear Lord. Nowadays you know everybody can do it now with this programs that are available and it just takes a little bit of messing with the program to sample things and stuff like that. It's really fun, the way you express. No, I would like to hear Tennis Court by Lorde. He actually remixed that into his own beat. It was pretty good but he never got on it. Looks like this one is blocked too. They are blocking all of our stuff. If you could look up Thunda1Cent Take Me Home. I think you'll like that one a lot what we did with Aurora's music too sampling her stuff. And pretty much that's all the music I was looking for today though,",Thunda1Cent?,train
dlg-b9346684-2467-4a38-a25f-9edfd227e76d,dlg-b9346684-2467-4a38-a25f-9edfd227e76d_39_41,"The number one and no spaces just Thunda1Cent and Take Me Home. Oh, yeah, this one is good too. I made this beat and he died on it right there.",Sound's really good.,train
dlg-b955e634-5274-4f30-8518-0ce661e226bf,dlg-b955e634-5274-4f30-8518-0ce661e226bf_0_3,"Hey, I'm looking to get some new music to listen to, some new tunes today on Tuesday. Okay, can you find something by an artist like SoniBanno?","Have you heard of a group called The Aerovons? Here is your song. World of You by The Aerovons, this song is from the last album, Resurrection by The Aerovons.",train
dlg-b955e634-5274-4f30-8518-0ce661e226bf,dlg-b955e634-5274-4f30-8518-0ce661e226bf_4_5,"Oh, It's a full album? That's cool. Can you play something by well, find something like a kind of Sublime.",Have you heard a group called Rebelution?,train
dlg-b955e634-5274-4f30-8518-0ce661e226bf,dlg-b955e634-5274-4f30-8518-0ce661e226bf_6_7,"No, Never heard of that Rebelution.","Here is your song, Rebelution by Sky is the Limit.",train
dlg-b955e634-5274-4f30-8518-0ce661e226bf,dlg-b955e634-5274-4f30-8518-0ce661e226bf_8_9,"It's kind of funny, I like them. Do you find something else by them? Maybe something lives?","Here we go, Safe and Sound by Rebelution.",train
dlg-b976ae8a-323f-415d-9626-5f2acc5b5769,dlg-b976ae8a-323f-415d-9626-5f2acc5b5769_1_6,"Can I hear a song from Oingo Boingo? It is Oingo Boingo, that's o i n g o b o i n g o. It's two words and one of my favorite song is in a Ruby Danger film movie. It's called a Dead Man's Party.","Okay, here I got for you Dead Man's Party by Oingo Boingo. Go through with that.",test
dlg-b976ae8a-323f-415d-9626-5f2acc5b5769,dlg-b976ae8a-323f-415d-9626-5f2acc5b5769_8_14,"How did that one get a video contains context from you I'm sure you just blocked it. Yes, I got it. Wow, this video has 4 million, I didn't know it was that popular. He has a relative song from '80s music. How about One Night In Bangkok from Murray Head?","Okay, One Night In Bangkok by Murray Head. Go through with that.",test
dlg-b97c7eec-04ec-41c3-8e6f-1af2df5b2251,dlg-b97c7eec-04ec-41c3-8e6f-1af2df5b2251_0_1,"Hi, Can you play me some reggae music?","Sure, I can help you find some reggae music. Here's the song Taxi Driver by Steel Pulse.",train
dlg-b97c7eec-04ec-41c3-8e6f-1af2df5b2251,dlg-b97c7eec-04ec-41c3-8e6f-1af2df5b2251_3_4,"Cool, Can I get something maybe a little bit older than this?",This will just be a second. Here's the song Murderer by Barrington Levy.,train
dlg-b97c7eec-04ec-41c3-8e6f-1af2df5b2251,dlg-b97c7eec-04ec-41c3-8e6f-1af2df5b2251_5_6,"Okay, Can I get something more traditional style reggae?",Here's the song Why Am I A Rastaman by Culture.,train
dlg-b97c7eec-04ec-41c3-8e6f-1af2df5b2251,dlg-b97c7eec-04ec-41c3-8e6f-1af2df5b2251_7_8,"Awesome, Can I get another one of these songs maybe of a different album?",Here's the song Addis Ababa by Culture.,train
dlg-b98a281e-e890-480b-ab95-b395813550ab,dlg-b98a281e-e890-480b-ab95-b395813550ab_0_1,"Hi, I'd like to listen to new music. Can you help me find new music, please?",I can help you find new music. What are you looking for?,train
dlg-b98a281e-e890-480b-ab95-b395813550ab,dlg-b98a281e-e890-480b-ab95-b395813550ab_2_17,Pop music.,"Have you ever heard of 5 Seconds of Summer? Okay, sure thing. What about Marianas Trench? Okay, here is Mariana Trench, who do you love. Have you ever heard of Ten Second Epic? Here's Ten Second epic with Count Yourself In.",train
dlg-b9cb833d-2208-468d-a5e6-be73cbe71b58,dlg-b9cb833d-2208-468d-a5e6-be73cbe71b58_1_6,I'd like to listen Pink Floyd's Dark Side of the Moon.,Here is Pink Floyd's Dark Side of the Moon. Here is Oingo Boingo - Dead Man's Party.,train
dlg-b9cb833d-2208-468d-a5e6-be73cbe71b58,dlg-b9cb833d-2208-468d-a5e6-be73cbe71b58_8_10,This video is blocked. Can we try something from The Rolling Stones?,Here is The Rolling Stones.,train
dlg-b9cb833d-2208-468d-a5e6-be73cbe71b58,dlg-b9cb833d-2208-468d-a5e6-be73cbe71b58_11_13,"Oh, and The Rolling Stones is blocked. How about The Beatles?",Here is The Beatles.,train
dlg-ba34a2d5-7ea5-4214-b93c-22d90a192d12,dlg-ba34a2d5-7ea5-4214-b93c-22d90a192d12_0_5,Hi. I'd like to listen to some Latin music today.,Let me find some Latin music for you to listen to. Here is La Bicicleta by Carlos Vives and Shakira.,train
dlg-ba34a2d5-7ea5-4214-b93c-22d90a192d12,dlg-ba34a2d5-7ea5-4214-b93c-22d90a192d12_8_9,"Yes, that's pretty good. You try something else maybe Waka Waka by Shakira?",Here is Waka Waka by Shakira.,train
dlg-ba34a2d5-7ea5-4214-b93c-22d90a192d12,dlg-ba34a2d5-7ea5-4214-b93c-22d90a192d12_11_13,R&B music. That's pretty good. Can I hear a third song similar to this?,Here is Waving Flag by K'naan.,train
dlg-ba40b4ac-d36c-4151-9adb-cfdbe9c398b9,dlg-ba40b4ac-d36c-4151-9adb-cfdbe9c398b9_1_6,"Hi, I'd like to find something different to listen today. The Ramones.",Have you heard of the Velvet Underground? Pale Blue Eyes - Velvet Underground.,validation
dlg-ba40b4ac-d36c-4151-9adb-cfdbe9c398b9,dlg-ba40b4ac-d36c-4151-9adb-cfdbe9c398b9_7_9,That video is blocked here. Can I see something else?,Velvet Underground - Pale Blue Eyes.,validation
dlg-ba40b4ac-d36c-4151-9adb-cfdbe9c398b9,dlg-ba40b4ac-d36c-4151-9adb-cfdbe9c398b9_10_11,That video is also blocked here.,Velvet Underground - Venus In Furs.,validation
dlg-ba68c5d5-b7d4-48da-a0cd-2b626800629c,dlg-ba68c5d5-b7d4-48da-a0cd-2b626800629c_2_13,Hi. I was wondering if you could help me find some new artists to listen. Somebody that sounds kind of like R.E.M.,R.E.M? Have you heard of oasis? What about the red hot chili peppers? How about U2?,train
dlg-ba68c5d5-b7d4-48da-a0cd-2b626800629c,dlg-ba68c5d5-b7d4-48da-a0cd-2b626800629c_16_20,"Yeah, you'd probably need to go either with somebody that's really newer from some genre I've never heard of.",What about Keane? Keane - Everybody's Changing (Alternate Version).,train
dlg-ba68c5d5-b7d4-48da-a0cd-2b626800629c,dlg-ba68c5d5-b7d4-48da-a0cd-2b626800629c_21_23,That's pretty good. How about another song from them?,Keane - A Bad Dream.,train
dlg-ba68c5d5-b7d4-48da-a0cd-2b626800629c,dlg-ba68c5d5-b7d4-48da-a0cd-2b626800629c_25_42,"Guns N' Roses, GNR.",How about iron maiden? Def Leppard? Styx? I'm guessing you've heard of queen? What about slash? Alter bridge? Bridge - Watch Over You. Alter Bridge.,train
dlg-ba68c5d5-b7d4-48da-a0cd-2b626800629c,dlg-ba68c5d5-b7d4-48da-a0cd-2b626800629c_43_45,"Okay. It's not playing. Oh, there it goes. Okay, that's pretty good. How about another song by them?",Alter Bridge - Slip to the Void Music Video.,train
dlg-ba9f4977-28dc-46c0-8f98-6c4b7fb042cb,dlg-ba9f4977-28dc-46c0-8f98-6c4b7fb042cb_1_4,"Hi. I'd like some help browsing the music of Michael Jackson, please.",Here is Remember The Time by Michael Jackson.,train
dlg-ba9f4977-28dc-46c0-8f98-6c4b7fb042cb,dlg-ba9f4977-28dc-46c0-8f98-6c4b7fb042cb_5_6,"Can I hear something newer from Michael Jackson, please?",Here is No Darkness by Michael Jackson.,train
dlg-ba9f4977-28dc-46c0-8f98-6c4b7fb042cb,dlg-ba9f4977-28dc-46c0-8f98-6c4b7fb042cb_7_10,It's not working. Do you have that song by different artists?,No Darkness by Broken Twin.,train
dlg-bae9f692-8860-4b28-a3bb-a8b61b5fa69a,dlg-bae9f692-8860-4b28-a3bb-a8b61b5fa69a_0_9,I'm looking to play some music by George Garant. Can you help me with that?,"Have you heard of an artist named Loretta Lynn. Now? Okay, would you like to hear a similar artist? Have you heard of an artist name Conway Twitty? ""That's My Job"" by Conway Twitty's.",train
dlg-bae9f692-8860-4b28-a3bb-a8b61b5fa69a,dlg-bae9f692-8860-4b28-a3bb-a8b61b5fa69a_10_11,"Yeah, let's listen to it. The video didn't load. Can you reload it?","Okay, One second. Rest Your Love On Me by Conway Twitty.",train
dlg-bb01e27e-869e-4c63-ac36-8319293e10e1,dlg-bb01e27e-869e-4c63-ac36-8319293e10e1_2_6,Hi. I'm looking to play some music as I work out. Something that'll get me hyped up.,Here is New Workout Gym Sport Trainings Music 2017 - Fitness Workout Music 2017.,train
dlg-bb01e27e-869e-4c63-ac36-8319293e10e1,dlg-bb01e27e-869e-4c63-ac36-8319293e10e1_8_9,"Can you play something a little bit more heavier? I don't like stuff that's light like this. Something on the heavy metal side, please.","Okay, I got it. Here is Metal Hardcore Workout Motivation Music 2015 Vol 6.",train
dlg-bb01e27e-869e-4c63-ac36-8319293e10e1,dlg-bb01e27e-869e-4c63-ac36-8319293e10e1_11_12,"Can you play something similar, almost like this?","Sure, I'll. Here is Best Hard Rock Metal Gym Workout Music Mix 2017 ft. ONLAP.",train
dlg-bbd41791-22e2-47b5-a409-b62ceab42aa9,dlg-bbd41791-22e2-47b5-a409-b62ceab42aa9_1_2,Hello. Can you play something by August Burns Red?,The Frost by August Burns Red.,train
dlg-bbd41791-22e2-47b5-a409-b62ceab42aa9,dlg-bbd41791-22e2-47b5-a409-b62ceab42aa9_3_4,That's a really good song. Now can you play something older by Zas?,Glory Thrives by August Burns Red.,train
dlg-bbd41791-22e2-47b5-a409-b62ceab42aa9,dlg-bbd41791-22e2-47b5-a409-b62ceab42aa9_5_8,This is a Classic. Can you play something from the Constellation album?,Messengers by August Burns Red.,train
dlg-bc1f4579-a0e7-4a6d-aa59-d760bfd1104d,dlg-bc1f4579-a0e7-4a6d-aa59-d760bfd1104d_0_2,I would like to hear some music by Linkin Park.,Here's the song In The End by Linkin Park.,train
dlg-bc1f4579-a0e7-4a6d-aa59-d760bfd1104d,dlg-bc1f4579-a0e7-4a6d-aa59-d760bfd1104d_3_4,I like this song. Show me newer music by this band?,Here's the song Heavy by Linkin Park featuring Kiara.,train
dlg-bc1f4579-a0e7-4a6d-aa59-d760bfd1104d,dlg-bc1f4579-a0e7-4a6d-aa59-d760bfd1104d_5_8,I like this song as well. Show me older music by this band?,Here's the song Bleed It Out by Linkin Park. Here's the song Burn it Down by Linkin Park from their album Living Things.,train
dlg-bc203b10-5185-4bba-9c6f-6abeb1237e2e,dlg-bc203b10-5185-4bba-9c6f-6abeb1237e2e_0_13,Hello. I would like help in finding new music to listen. Name of the artist is Linkin Park.,"Have you ever heard of Hollywood Undead or Billy Talent. Here is Renegade by Hollywood Undead. Go through with this. Okay, here's Hollywood Undead whatever it takes.",train
dlg-bc676976-d1a6-410a-b13b-970ca45ea365,dlg-bc676976-d1a6-410a-b13b-970ca45ea365_1_3,Hi. I would like to hear some music by Katy Perry. This song is good. Play older music by this artist.,"""Firework"" by Katy Perry.",train
dlg-bc676976-d1a6-410a-b13b-970ca45ea365,dlg-bc676976-d1a6-410a-b13b-970ca45ea365_4_5,"This song is good, as well. Play us some from a different album by this artist.","""California Gurls"" by Katy Perry.",train
dlg-bc732bdf-3eb5-48ae-a46f-189a891bc68a,dlg-bc732bdf-3eb5-48ae-a46f-189a891bc68a_2_3,I like listening to Nas.,Have you ever heard of Bone Thugs-N-Harmony or Lecrae?,train
dlg-bc732bdf-3eb5-48ae-a46f-189a891bc68a,dlg-bc732bdf-3eb5-48ae-a46f-189a891bc68a_4_7,I've not heard Lucre before.,"Okay, Here's a song by the credit called facts. Here's another song by Lecrae called broke.",train
dlg-bcd4f799-1842-4d53-bebd-e8dd0c8c2dad,dlg-bcd4f799-1842-4d53-bebd-e8dd0c8c2dad_1_10,Can you play something by new artists? John Meyer.,Have you heard of Ray Lamontagne or Vance Joy? Ray LaMontagne - You Are The Best Thing. Vance Joy - Lay It On Me.,train
dlg-bcd4f799-1842-4d53-bebd-e8dd0c8c2dad,dlg-bcd4f799-1842-4d53-bebd-e8dd0c8c2dad_13_16,Miley Cyrus.,Have you heard of SoMo or Ashley Tisdale? Ashley Tisdale - He Said She Said.,train
dlg-bcd4f799-1842-4d53-bebd-e8dd0c8c2dad,dlg-bcd4f799-1842-4d53-bebd-e8dd0c8c2dad_17_18,"Okay, play me something newer from Matshidiso.",SoMo - First.,train
dlg-bce21544-206d-4e8b-a0d4-a9edf12e8e32,dlg-bce21544-206d-4e8b-a0d4-a9edf12e8e32_0_4,"Hi, I'm looking for new music that is similar to the Dixie Chicks.",Here's Sheryl Crow- The First Cut is the Deepest.,train
dlg-bce21544-206d-4e8b-a0d4-a9edf12e8e32,dlg-bce21544-206d-4e8b-a0d4-a9edf12e8e32_6_7,"Alright, that one's been blocked. Can you find a different video?",Here's Sheryl Crow- Strong Enough.,train
dlg-bce21544-206d-4e8b-a0d4-a9edf12e8e32,dlg-bce21544-206d-4e8b-a0d4-a9edf12e8e32_8_11,"That one's also blocked. Alright, one more try I guess.",Here's Sheryl Crow- If it makes you happy.,train
dlg-bce21544-206d-4e8b-a0d4-a9edf12e8e32,dlg-bce21544-206d-4e8b-a0d4-a9edf12e8e32_12_15,"That one's blocked, too. Can you find me a different artist?",Here's Celine Dion - It's all coming back to me now.,train
dlg-bce21544-206d-4e8b-a0d4-a9edf12e8e32,dlg-bce21544-206d-4e8b-a0d4-a9edf12e8e32_16_19,"That one is blocked, too. I don't know what else to do, they are all blocked. Well, can you find me a different artist? Instead of Dixie Chicks, can you look for somebody like Nine Inch Nails?",Here's System Of A Down - Chop Suey.,train
dlg-bce21544-206d-4e8b-a0d4-a9edf12e8e32,dlg-bce21544-206d-4e8b-a0d4-a9edf12e8e32_20_21,"That one's blocked too, looks like they are all going to be blocked. I guess try one more video from Nine Inch Nails.",Here's Nine Inch Nails - This isn't the place.,train
dlg-bce21544-206d-4e8b-a0d4-a9edf12e8e32,dlg-bce21544-206d-4e8b-a0d4-a9edf12e8e32_22_23,"That one worked, but that's the actual band. Can you play me somebody that's like them, but not Nine Inch Nails? That you know, that style of music is same, but is a different artist.",Just one moment. Here's Metallica - One.,train
dlg-bd17f811-55e8-480c-8ee4-745eeb3e28d4,dlg-bd17f811-55e8-480c-8ee4-745eeb3e28d4_4_6,"I want to hear something by R.E.M. Okay, that's pretty good. How about something from their album Monster?",Here is R.E.M. performing Crush with eyeliner.,train
dlg-bd17f811-55e8-480c-8ee4-745eeb3e28d4,dlg-bd17f811-55e8-480c-8ee4-745eeb3e28d4_7_8,"No, I don't really want to hear that. How about something else of the same album?","Here is  R.E.M. performing I don't sleep, I dream.",train
dlg-bd2addde-bfbd-4e02-9acb-a6f14c8718e2,dlg-bd2addde-bfbd-4e02-9acb-a6f14c8718e2_1_8,"Hi, I'm looking for some new music to listen to. Bruno Mars.",Have you heard of Jessie J? How about Mika? Here is your song. Elle Me Dit by Mika.,train
dlg-bd2addde-bfbd-4e02-9acb-a6f14c8718e2,dlg-bd2addde-bfbd-4e02-9acb-a6f14c8718e2_9_15,"All right. That'll work, and I guess another artist is Chris Stapleton.","Have u hear of Drake White? Drake White Here is your song, Makin’ Me Look Good Again by Drake White.",train
dlg-bd3dff11-bf58-460f-bc88-b9c6fe4eec3b,dlg-bd3dff11-bf58-460f-bc88-b9c6fe4eec3b_1_6,I'm looking for some music to listen to that sounds like Sia.,Here is your song. Olivia O'Brien - Empty. Here is your song. Empty - Olivia O'Brien Lyrics (Official Song).,test
dlg-bd3dff11-bf58-460f-bc88-b9c6fe4eec3b,dlg-bd3dff11-bf58-460f-bc88-b9c6fe4eec3b_7_10,"That one's blocked, Too. I guess that's a label. Can you find something else? Can you try to find music from Jacob Banks?",Here is your song. Jacob Banks - Mercy | A COLORS SHOW.,test
dlg-bd3dff11-bf58-460f-bc88-b9c6fe4eec3b,dlg-bd3dff11-bf58-460f-bc88-b9c6fe4eec3b_11_14,"All right, Good. That one played. I don't know if you can find the same song but by a different artist?",No cover for that song. I can give you a cover of a different Jacob banks song. Here is your song. Unknown - Jacob Banks (cover).,test
dlg-bd3dff11-bf58-460f-bc88-b9c6fe4eec3b,dlg-bd3dff11-bf58-460f-bc88-b9c6fe4eec3b_15_18,"All right, Now can you find a different song by the same artist by the one you just picked Unknown. I don't know if that's their name, They just don't want to give their name. If you can't find one from the same artist, can you find the same song by a different cover artist?",Here is your song. Unknown (To You) - Jacob Banks | Molly Kate Kestner (Cover).,test
dlg-bd805c1b-faee-4147-b2ce-3602944189b7,dlg-bd805c1b-faee-4147-b2ce-3602944189b7_3_5,Could I hear something by Musiq Soulchild?,Sure. Musiq Soulchild - So Beautiful.,train
dlg-bd805c1b-faee-4147-b2ce-3602944189b7,dlg-bd805c1b-faee-4147-b2ce-3602944189b7_6_8,I love that song. Could I hear another one from Musiq Soulchild?,Certainly. Love by Musiq Soulchild.,train
dlg-bd805c1b-faee-4147-b2ce-3602944189b7,dlg-bd805c1b-faee-4147-b2ce-3602944189b7_9_10,That's very nice. It's a great showcase for his boys. How about one more by Musiq Soulchild?,Musiq Soulchild ft.Mary J. Blige - ifuleave.,train
dlg-bd842a5a-8533-4eb6-a229-a637edfca4dc,dlg-bd842a5a-8533-4eb6-a229-a637edfca4dc_1_2,Hello. Could you play some music by Little Mix?,Here is the song Black Magic by Little Mix.,train
dlg-bd842a5a-8533-4eb6-a229-a637edfca4dc,dlg-bd842a5a-8533-4eb6-a229-a637edfca4dc_3_8,I like that song. Can you play other song called Angel?,Here's the song Angel by Little Mix. Here is the song Secret Love by Little Mix. Here's the song Woman Like Me by Little Mix.,train
dlg-bd9cbde0-b5a8-4cd8-8960-94ca6c0ee3d7,dlg-bd9cbde0-b5a8-4cd8-8960-94ca6c0ee3d7_1_2,Can I hear a song by David Bowie,"Here is your song, Lazarus by David Bowie.",test
dlg-bd9cbde0-b5a8-4cd8-8960-94ca6c0ee3d7,dlg-bd9cbde0-b5a8-4cd8-8960-94ca6c0ee3d7_4_7,"Yes, actually it did not work but I clicked on watch on YouTube link and it is working now. And I'd like to hear something older.",Here is Space Oddity by David Bowie.,test
dlg-be05f185-8e31-4afa-9cba-94d11e564881,dlg-be05f185-8e31-4afa-9cba-94d11e564881_0_1,"Hi, can you play me a song by Ariana Grande?","Sure thing, Ariana Grande coming up with Dangerous Woman.",test
dlg-be05f185-8e31-4afa-9cba-94d11e564881,dlg-be05f185-8e31-4afa-9cba-94d11e564881_2_3,"It looks like this version is blocked, can you play a different version?",Here is Ariana Grande Into You.,test
dlg-be05f185-8e31-4afa-9cba-94d11e564881,dlg-be05f185-8e31-4afa-9cba-94d11e564881_4_9,"May be I don't want Ariana Grande, after all. Can you play somebody that's like, a song that's similar to this one?","Sure thing. How about Lady Gaga? Here is Lady Gaga with Just Dance. Why of course, Here is Lady Gaga with John Wayne.",test
dlg-be35dc16-8aa5-4baf-9fa4-de3b0df0ed6d,dlg-be35dc16-8aa5-4baf-9fa4-de3b0df0ed6d_0_6,"Hi Assistant, I'm in the mood for some party music, can you play me some, please?",We need to go and follow the directions. Have you heard of a group called La Excepcion? Have you heard of a group called La Excepción? Here is your song-Oye Compay by La Excepcion.,train
dlg-be35dc16-8aa5-4baf-9fa4-de3b0df0ed6d,dlg-be35dc16-8aa5-4baf-9fa4-de3b0df0ed6d_9_10,Can you modify that one to sound a little more mellow?,"Here is your song, GUSTAVO CERATI -by La excepcion.",train
dlg-be35dc16-8aa5-4baf-9fa4-de3b0df0ed6d,dlg-be35dc16-8aa5-4baf-9fa4-de3b0df0ed6d_11_14,"Yeah, that's good and but can you just make it something a little bit more happy with the upbeat more. Something a little bit more faster, you know?",Here is your song. The Woah Song by DJ Daz. Undefined.,train
dlg-be531450-af4a-4457-8220-3baa42743012,dlg-be531450-af4a-4457-8220-3baa42743012_0_3,"Hi Assistant, can I hear a song by Billy Joel? Can I hear a song by Billie Joel?",Here's the song Vienna by Billy Joel. Go through with this.,train
dlg-be531450-af4a-4457-8220-3baa42743012,dlg-be531450-af4a-4457-8220-3baa42743012_4_5,"Very good choice, may I hear another song by Billie Joel?",Here is the song The Stranger by Billy Joel. Go through with this song.,train
dlg-be531450-af4a-4457-8220-3baa42743012,dlg-be531450-af4a-4457-8220-3baa42743012_6_7,"Another excellent choice, can I have one more song by Billy Joel, please? Thank you.",Here's my favorite Billy Joel song Captain Jack. Go through with this.,train
dlg-be725838-4556-44cc-a87c-a5deeac9bd65,dlg-be725838-4556-44cc-a87c-a5deeac9bd65_0_1,"Can you play me a song by Earth, Wind & Fire?","Sure. Earth, Wind & Fire song is playing now.",train
dlg-be881775-43e7-4834-afd8-db31ba2a2c49,dlg-be881775-43e7-4834-afd8-db31ba2a2c49_0_13,"Hi. I'm looking for new music to listen to. Oh, yeah. I really like Flume.",Have you heard of the band Alt-J before? Have you heard of the band Slow magic before? Here's the song girls by Slow Magic. Have you heard of the band 20 syl before? Here's the song Kodama by 20syl.,train
dlg-be881775-43e7-4834-afd8-db31ba2a2c49,dlg-be881775-43e7-4834-afd8-db31ba2a2c49_14_20,This sounds interesting. Could we try artists similar to Dillon Francis now?,Have you heard of the artist Sam lachow before? Here's the song nothing's going to change by Sam lachow and Raz Simone featuring B Skeez. Have you heard of the artist Jake Miller before? Here's the song Can't Help Myself by Jake Miller. Thank you. Here's the song Can't Help Myself by Jake Miller.,train
dlg-be8916b0-9268-439d-8a9c-418cf2514588,dlg-be8916b0-9268-439d-8a9c-418cf2514588_1_3,"Hi, Can I hear a song by Taylor Swift?",Sure. One second. Here is a Place In This World by Taylor Swift.,train
dlg-be8916b0-9268-439d-8a9c-418cf2514588,dlg-be8916b0-9268-439d-8a9c-418cf2514588_4_6,"Actually do you think I could hear a cover of this song, Still by a different artist?",Let me find that for you. One second. Here is a Place In This World. Here is a Place In This World.,train
dlg-be8916b0-9268-439d-8a9c-418cf2514588,dlg-be8916b0-9268-439d-8a9c-418cf2514588_7_9,Do you think you could find one that is a little higher quality?,Sure thing. Just one moment. Here is a Place In This World by Amanda Listman.,train
dlg-bee52479-da70-4431-8bf3-1f569e2fd57f,dlg-bee52479-da70-4431-8bf3-1f569e2fd57f_1_7,Could you play us something by The Birds? The birds. B i r d s.,"Okay, I found a song called Leaving Here by The Birds. Here's the song leaving here by the Birds.",train
dlg-bee52479-da70-4431-8bf3-1f569e2fd57f,dlg-bee52479-da70-4431-8bf3-1f569e2fd57f_8_14,That's a warm track. Can you play something a little more modern by then?,Here is the song called That's All I Need You by The Birds.,train
dlg-bee52479-da70-4431-8bf3-1f569e2fd57f,dlg-bee52479-da70-4431-8bf3-1f569e2fd57f_15_17,"Really funny video. I like the video. Hey, can you play something deeper in their discography?",Here is the song called Good Times by The Birds.,train
dlg-beec91c5-e4fe-4ec1-836f-24d6c98b72de,dlg-beec91c5-e4fe-4ec1-836f-24d6c98b72de_1_2,"Oh, yeah. Could you play me something now, by Counting Crows?",Here is Counting Crows - Good Time.,train
dlg-beec91c5-e4fe-4ec1-836f-24d6c98b72de,dlg-beec91c5-e4fe-4ec1-836f-24d6c98b72de_3_8,Okay. How about something else for underwater soundtrack?,Here is Counting Crows - Mercy. Here is Counting Crows - Amie. Here is Counting Crows - OoH La La.,train
dlg-bf99ad6a-86e1-4112-9ac3-d246f1a42523,dlg-bf99ad6a-86e1-4112-9ac3-d246f1a42523_1_4,I like to hear some music by Taylor Swift.,Here is the song Shake It Off by Taylor Swift.,train
dlg-bf99ad6a-86e1-4112-9ac3-d246f1a42523,dlg-bf99ad6a-86e1-4112-9ac3-d246f1a42523_5_8,Same song by a different artist.,Here is the same song by a different artist Tanner Patrick featuring Rajiv Dhall. Here is the different song called Love Story by Taylor Swift.,train
dlg-bfa00a6b-ab01-4a6e-bbe7-1c9b9caa8aa4,dlg-bfa00a6b-ab01-4a6e-bbe7-1c9b9caa8aa4_2_14,Can you help me find an artist like the Arcade in the world?,Have you heard of a group called Magnus Coloradas? Here is your song. This Too Shall Pass by Magnus Coloradas. Here is your song. River Road by Magnus Coloradas.,train
dlg-bfa00a6b-ab01-4a6e-bbe7-1c9b9caa8aa4,dlg-bfa00a6b-ab01-4a6e-bbe7-1c9b9caa8aa4_15_20,I don't think I like their style. Can I try another artist similar to them?,Sure here is your song. Have you heard of the artist Jake Reese? Here is your song. Topic - Find you by Jake Reese.,train
dlg-bfa00a6b-ab01-4a6e-bbe7-1c9b9caa8aa4,dlg-bfa00a6b-ab01-4a6e-bbe7-1c9b9caa8aa4_21_23,Okay. I like their style a little better. Can I hear a slower song by them?,Here is your song. Mad World by Jake Reese.,train
dlg-bfe2b2a4-216e-4e23-9f94-183bc0d972fb,dlg-bfe2b2a4-216e-4e23-9f94-183bc0d972fb_0_8,Can you find me some new music to listen? I'd like to listen bands like War and kind of older. You know what I mean?,Classic rock. Have you listened to rose royce? Here's Love Don't Live Here Anymore by rose royce.,train
dlg-bfe2b2a4-216e-4e23-9f94-183bc0d972fb,dlg-bfe2b2a4-216e-4e23-9f94-183bc0d972fb_9_10,That sounds really good. Can you find something by them from the same album?,Here's I Wanna Get Next To You by rose royce.,train
dlg-bfe2b2a4-216e-4e23-9f94-183bc0d972fb,dlg-bfe2b2a4-216e-4e23-9f94-183bc0d972fb_12_22,"Hey, that's pretty cool. Can you find something by another artist?",What about dave pike set? Here's Mathar by them. Here's spooky by him.,train
dlg-c0fcb01a-7003-43ce-8b5d-b3972794f8b3,dlg-c0fcb01a-7003-43ce-8b5d-b3972794f8b3_1_8,I'd like to listen to Alan Jackson. An artist similar to Alan Jackson would be nice.,"An artist similar to Allen Jack, Aaron Tippin, have you heard this artist before? Here is Aaron Tippin performing You've Got to Stand for Something. Care To Hear another song from Aaron Tippin. Here is Aaron Tippin performing Kiss This.",train
dlg-c0fcb01a-7003-43ce-8b5d-b3972794f8b3,dlg-c0fcb01a-7003-43ce-8b5d-b3972794f8b3_11_15,"I like a real theme. Yeah, I would like to listen to artist similar to Hank Williams Jr.",Artists similar to Hank Williams Jr is Danny Boone. Want to here music from this artist? Here is Danny Boone performing Camo Bikini.,train
dlg-c1574866-3401-4981-933b-6e3aae13c7bd,dlg-c1574866-3401-4981-933b-6e3aae13c7bd_2_3,Synchronicity from The Police.,Synchronicity 1 by The Police.,train
dlg-c1574866-3401-4981-933b-6e3aae13c7bd,dlg-c1574866-3401-4981-933b-6e3aae13c7bd_5_8,"Can you play something from an 80s UK band? Thanks, can you play something from another Police album.",Karma Chameleon by Culture Club.,train
dlg-c1574866-3401-4981-933b-6e3aae13c7bd,dlg-c1574866-3401-4981-933b-6e3aae13c7bd_10_11,Can you play something from Eraser?,Love To Hate You by Erasure.,train
dlg-c16b3f41-9351-48a8-bb96-fa8d13dc9403,dlg-c16b3f41-9351-48a8-bb96-fa8d13dc9403_2_3,Hi assistant. I would love to hear a song by the great rock and roll singer Tom Petty.,"Okay, how about the song Free Fallin by tom petty?",train
dlg-c16b3f41-9351-48a8-bb96-fa8d13dc9403,dlg-c16b3f41-9351-48a8-bb96-fa8d13dc9403_8_12,"Well, I had to pull it up twice because it didn't work at first. I'm just listening to it. I like it. Can I get something a little more upbeat by Tom Petty?",Here is the song American Girl by tom petty and the Heartbreakers.,train
dlg-c16b3f41-9351-48a8-bb96-fa8d13dc9403,dlg-c16b3f41-9351-48a8-bb96-fa8d13dc9403_14_17,We could mix it up a little bit and maybe hear something from the great Australian rock band Midnight Oil. The the band is called Midnight Oil. Any song from them will do.,Here is the song The Dead Heart by midnight oil.,train
dlg-c1844814-253f-48bc-b021-b00da5e1ba0a,dlg-c1844814-253f-48bc-b021-b00da5e1ba0a_1_2,"You know, I was wondering if you can play me some music. How about something by Ed Sheeran?","Here is your song, Ed Sheeran - Perfect.",train
dlg-c1844814-253f-48bc-b021-b00da5e1ba0a,dlg-c1844814-253f-48bc-b021-b00da5e1ba0a_3_4,"Okay, it's a really good song. How about another song by Ed Sheeran of a different album?",Here is your song. Ed Sheeran - Kiss Me.,train
dlg-c1844814-253f-48bc-b021-b00da5e1ba0a,dlg-c1844814-253f-48bc-b021-b00da5e1ba0a_5_6,That's okay. Now let's get to the first one. How about somebody doing an Ed Sheeran cover?,Here is your song. Eminem - River (Audio) ft. Ed Sheeran.,train
dlg-c195964e-7314-41aa-9e2c-c60d51a77360,dlg-c195964e-7314-41aa-9e2c-c60d51a77360_0_8,"Hi, I was wondering if you help me find a couple of new artists that sound like some older artists. Yeah, hand me over that Guns and Roses, Is There Anybody Out There that's playing some new music like Guns and Roses? Some you know rocking kind of hard rock.","Okay. Guns and roses. Let's see what else I can find that you may not be familiar with. Looks like the artist AC, DC may be similar/have similar style/might be a close match/etc. Another is Bon Jovi. Are either of those new to you? How about the doors and Oasis? Are those familiar to you?",train
dlg-c195964e-7314-41aa-9e2c-c60d51a77360,dlg-c195964e-7314-41aa-9e2c-c60d51a77360_9_12,"Yes. I was thinking about somebody maybe a newer band, not somebody from 40 years ago.",How about the band Ugly Kid Joe and Sebastian Bach? Ugly Kid Joe. Everything About You by Ugly Kid Joe.,train
dlg-c195964e-7314-41aa-9e2c-c60d51a77360,dlg-c195964e-7314-41aa-9e2c-c60d51a77360_13_20,"Yeah, that's okay it's not bad how about I try another order, how about a trans?",Have you heard of a group called Altered Bridge. Broken Wings by Alter Bridge.,train
dlg-c1ef9674-91f5-444f-a34e-53cca1c23c7a,dlg-c1ef9674-91f5-444f-a34e-53cca1c23c7a_1_17,"I'm looking to find some new music. Can you help me find some new music? I like Sia. Music like Sia, maybe.",Have you heard of Lana Del Rey? What about Alessia Cara? Tegan and Sara? What about Jess Glynne? Jess Glynne? Jess Glynne - Hold My Hand Lyrics.,train
dlg-c1ef9674-91f5-444f-a34e-53cca1c23c7a,dlg-c1ef9674-91f5-444f-a34e-53cca1c23c7a_18_25,Alright that one will work. It's very similar. It's got the energy of Sia.,I'll find you a different artist related to Sia. Have you heard of Metric? Metric- Gimme Sympathy lyrics.,train
dlg-c1ef9674-91f5-444f-a34e-53cca1c23c7a,dlg-c1ef9674-91f5-444f-a34e-53cca1c23c7a_26_28,Can you play a different song by Metric? I didn't like that song as much but maybe I like their music outside of that song.,Metric - Help I'm Alive (Album Version).,train
dlg-c2051f82-7779-493d-ae13-c811a25a8555,dlg-c2051f82-7779-493d-ae13-c811a25a8555_0_1,"Hi, can I hear a song by Denzel Curry?",Here's the song This Life by Denzel Curry.,train
dlg-c2051f82-7779-493d-ae13-c811a25a8555,dlg-c2051f82-7779-493d-ae13-c811a25a8555_2_3,That sounds really good. Could you send me something may be older than this?,Here's the song N64 by Denzel Curry.,train
dlg-c2051f82-7779-493d-ae13-c811a25a8555,dlg-c2051f82-7779-493d-ae13-c811a25a8555_4_5,This is really cool. Can you send me a song of his that has a guest feature?,Here's the song shoot the three by Yung Simmie and Denzel Curry.,train
dlg-c21d94ac-2fde-4f61-be82-a14a91de1a45,dlg-c21d94ac-2fde-4f61-be82-a14a91de1a45_0_2,Hi. Can you play me a song by Demi Lovato?,Here's the song Échame La Culpa by Demi Lovato and Luis Fonsi.,train
dlg-c21d94ac-2fde-4f61-be82-a14a91de1a45,dlg-c21d94ac-2fde-4f61-be82-a14a91de1a45_5_6,"I've heard this song on the radio way too frequently lately. Is there another song by her that's not as popular, maybe?",Here's the song Tell Me You Love Me by Demi Lovato.,train
dlg-c26e8432-f88a-4acc-86ed-c938cee7532d,dlg-c26e8432-f88a-4acc-86ed-c938cee7532d_1_13,"Would you play something by Bob Dylan? Would you play me something by Bob Dylan? You know, I love this tune. But would you mind playing something more recent? Some newer material of Dylan's. This too is a great song but no I heard it not so much in the same song. All this is an awesome song. No, I haven't heard this I think, since I was in my parents house listen here old John bio selfies. Thanks a lot for the trip down memory lane.",That's my pleasure. It is an amazing song.,train
dlg-c271b643-f3fb-4985-8c0b-5e4c9ee0a712,dlg-c271b643-f3fb-4985-8c0b-5e4c9ee0a712_1_3,I was wondering if you can play me some country music.,"Luke Bryan - Huntin', Fishin' And Lovin' Every Day.",train
dlg-c271b643-f3fb-4985-8c0b-5e4c9ee0a712,dlg-c271b643-f3fb-4985-8c0b-5e4c9ee0a712_4_5,"Okay, that's not bad but how about some classic country?",SIXTEEN TONS - Tennesse Ernie Ford w/ Lyrics.,train
dlg-c271b643-f3fb-4985-8c0b-5e4c9ee0a712,dlg-c271b643-f3fb-4985-8c0b-5e4c9ee0a712_6_8,"That's an okay song but how about somebody more memorable, one of the classic stars maybe somebody like Hank Williams or Patsy Cline?","Hank Williams - Hey Good Lookin'. Yeah, let me play you a song by Miranda Lambert.",train
dlg-c271b643-f3fb-4985-8c0b-5e4c9ee0a712,dlg-c271b643-f3fb-4985-8c0b-5e4c9ee0a712_9_11,Perfect! Can you play something by a woman singer?,Miranda Lambert - Over You (Audio).,train
dlg-c29fcacc-e46e-4b5f-aed7-8350eda11b2d,dlg-c29fcacc-e46e-4b5f-aed7-8350eda11b2d_0_15,"Hi. Could I hear something by Richard Elliott, please? It says the video contains content from UMG who blocked it from playing. Even if I went to YouTube, this song won't play. So, maybe can you find me something from the album After Dark by Richard Elliott? Richard Elliot. No, I actually played that one on YouTube and it worked. Can you play me On the Run from that same album?",On The Run or on the fly?,validation
dlg-c2a0e6bc-d59f-42d4-946d-505bc8154a49,dlg-c2a0e6bc-d59f-42d4-946d-505bc8154a49_1_3,"Hi, I would like to browse some music by Lady Antebellum, please.","Okay, here is Lady Antebellum performing Need You Now. How about You Look Good by Lady Antebellum?",train
dlg-c2a0e6bc-d59f-42d4-946d-505bc8154a49,dlg-c2a0e6bc-d59f-42d4-946d-505bc8154a49_4_5,"That's a little poppy for them, let's try some older material, please.",Here is Heart Break performed by Lady Antebellum.,train
dlg-c2a7c8dd-7ea8-4d93-ac2d-d5813c573470,dlg-c2a7c8dd-7ea8-4d93-ac2d-d5813c573470_4_10,"Yeah, they're wonderful, aren't they? I'd like to listen to some rock music. And I guess I'm interested in something more specific, like new wave rock of the 80's, like David Byrne.",Here is David Byrne performing. Would you like to hear an older song by him? Here is David Byrne performing Take Me to the River.,train
dlg-c2a7c8dd-7ea8-4d93-ac2d-d5813c573470,dlg-c2a7c8dd-7ea8-4d93-ac2d-d5813c573470_11_15,"An old classic. Hey, 54th Street. I'd like to stay with the David Byrne genre. I'm enjoying this. Let's try a third one by him.",Here is David Byrne performing psycho killers.,train
dlg-c2a7c8dd-7ea8-4d93-ac2d-d5813c573470,dlg-c2a7c8dd-7ea8-4d93-ac2d-d5813c573470_16_17,Fantastic.,The costume he wears in this video is amazing!,train
dlg-c2d119b6-ccce-49f4-999f-d72ae19a2335,dlg-c2d119b6-ccce-49f4-999f-d72ae19a2335_3_12,I'd like to find some new music to listen. And I'd like to give you the names of two artists that I like and then you could find me two new artists perhaps. One is Donald Fagen and the other is Spyro Gyra.,"I can help with that give me one second while I try to find some music similar to these two artists. An artist similar that you might enjoy is down to the bone, does this name sound familiar? Here is down to the bone performing EFG. Absolutely, here is down to the bone performing future Bougie.",train
dlg-c2d119b6-ccce-49f4-999f-d72ae19a2335,dlg-c2d119b6-ccce-49f4-999f-d72ae19a2335_14_18,"No, I have not, my apologies. I'm going to plug my headphone back in. I'd love to hear two songs from Walter Becker.","Another similar artists that you enjoy, is Walter Becker. Have you heard of this artist before? Here is Walter Becker performing where you close today. Here is another song from Walter Becker titled medical science",train
dlg-c2d119b6-ccce-49f4-999f-d72ae19a2335,dlg-c2d119b6-ccce-49f4-999f-d72ae19a2335_23_24,I'm even looking for Salt-N-Pepa.,"No problem, enjoy the new music.",train
dlg-c2dbc48d-925b-4733-abed-df2eff8ebe8f,dlg-c2dbc48d-925b-4733-abed-df2eff8ebe8f_1_2,"Hi, can you play music by Wale, please?","Here is your song, Matrimony by Wale.",train
dlg-c36cdd7e-4c13-4c82-9b83-3ef46222d76d,dlg-c36cdd7e-4c13-4c82-9b83-3ef46222d76d_4_11,George Jones.,"Have you heard of Keith Whitley? Okay, Keith Whitley -""Don't Close Your Eyes"". Have you heard of Conway Twitty? Okay, Conway Twitty -""I See The Want To In Your Eyes"".",train
dlg-c4265bf0-f3c7-497c-967b-9a1640408df3,dlg-c4265bf0-f3c7-497c-967b-9a1640408df3_4_5,"Okay, Can you play something from Underwater Sunshine?","Sure, Here is Counting Crows from Underwater sunshine.",train
dlg-c4265bf0-f3c7-497c-967b-9a1640408df3,dlg-c4265bf0-f3c7-497c-967b-9a1640408df3_6_7,"Okay, that's pretty good. Can you play me Iconic crew song by a different artist, A cover song?",Here is Jupiter Jones Cover,train
dlg-c429ce32-16bf-4bae-9053-3c446de26571,dlg-c429ce32-16bf-4bae-9053-3c446de26571_1_9,"Hi, Could I hear a song by Elvis Presley, please?",From Chuck Berry or Elvis Presley?,train
dlg-c44b2aee-53d4-41df-a2de-8c19dc814b99,dlg-c44b2aee-53d4-41df-a2de-8c19dc814b99_2_13,"I'm looking for some music in the category of country. I was hoping you could help me find it. It happens sometimes. There it goes. Oh well, it's a Stapleton song, not an urban song, but that'll work. Can you try to post that Keith Urban song so I can compare?",Here it is by Keith Urban.,validation
dlg-c44b2aee-53d4-41df-a2de-8c19dc814b99,dlg-c44b2aee-53d4-41df-a2de-8c19dc814b99_14_17,It's not bad. Is there Keith Urban have more of or can you play it has he performed that live? Is there a live version of that song?,Here is the song called Blue Ain't Your Color Live From CMA Fest by Keith Urban.,validation
dlg-c44b2aee-53d4-41df-a2de-8c19dc814b99,dlg-c44b2aee-53d4-41df-a2de-8c19dc814b99_19_23,"Did Keith Urban ever perform on MPR's Tiny Desk series? I think it's called Tiny Desk. Well, what about Chris Stapleton? Has he ever performed on Tiny Desk?","Yes, I have found him performing on the song called When the Stars Come Out.",validation
dlg-c4905537-2101-4771-a5be-c4867e993e21,dlg-c4905537-2101-4771-a5be-c4867e993e21_1_2,"Hi, I was wondering if you could play me some Lenny Kravitz, maybe something off the album Mama Said?",Always On the Run by Lenny Kravitz.,train
dlg-c4905537-2101-4771-a5be-c4867e993e21,dlg-c4905537-2101-4771-a5be-c4867e993e21_3_5,"Okay, that was a different song but I like that one pretty good. Anyway, how about another Lenny Kravitz? The Circus from 1999.",Rock And Roll Is Dead by Lenny Kravitz.,train
dlg-c4905537-2101-4771-a5be-c4867e993e21,dlg-c4905537-2101-4771-a5be-c4867e993e21_7_8,Okay. How about something older off the first album Let Love Rule?,American Woman by Lenny Kravitz.,train
dlg-c4bb2f6a-abd0-4814-8f8b-a7d50bbf8f1c,dlg-c4bb2f6a-abd0-4814-8f8b-a7d50bbf8f1c_0_2,"Hello, I like to hear something by the rapper XV.",Here is XV - The Kick.,train
dlg-c4bb2f6a-abd0-4814-8f8b-a7d50bbf8f1c,dlg-c4bb2f6a-abd0-4814-8f8b-a7d50bbf8f1c_3_4,"Seems a little too dramatic for me, do you have something a bit happier?",Here is XV - U.F.C.,train
dlg-c4bb2f6a-abd0-4814-8f8b-a7d50bbf8f1c,dlg-c4bb2f6a-abd0-4814-8f8b-a7d50bbf8f1c_5_6,This has been good. Do you have something similar where he features another artist?,Here is Dom Kennedy - When I Come Around.,train
dlg-c4bb2f6a-abd0-4814-8f8b-a7d50bbf8f1c,dlg-c4bb2f6a-abd0-4814-8f8b-a7d50bbf8f1c_7_9,"This isn't the same artist, can you play something by Fifteen Again?",Here is XV - Swervin'.,train
dlg-c4ea57a2-6937-426a-9d34-46889271d451,dlg-c4ea57a2-6937-426a-9d34-46889271d451_3_9,"Hi, Can you play a similar artist to Wage War? Can you play other song from the same?",Here is Wage War - Stitch. Here is Wage War - Stitch. And Oceans Ate Alaska - Hansha. Here is Ice Nine Kills The Power In Belief. Here is Ghost Iris - Euphoric State.,train
dlg-c4f40af1-1303-4c33-a9da-ebf5093d5257,dlg-c4f40af1-1303-4c33-a9da-ebf5093d5257_1_2,"Hi, I wonder if you would play something by Van Morrison.","No problem. Hold on, here is Into the Mystic by Van Morrison.",train
dlg-c4f40af1-1303-4c33-a9da-ebf5093d5257,dlg-c4f40af1-1303-4c33-a9da-ebf5093d5257_3_4,"That's awesome, but would you happen to have the same song performed by different Artists?","Let me find out. Just a moment, here is Into the Mystic song by the Swell.",train
dlg-c4f40af1-1303-4c33-a9da-ebf5093d5257,dlg-c4f40af1-1303-4c33-a9da-ebf5093d5257_5_6,"No, I'm not crazy about this cover tune. Would you mind playing some newer material?","Sure, do you want a newer Van Morrison song or a newer cover?",train
dlg-c4f40af1-1303-4c33-a9da-ebf5093d5257,dlg-c4f40af1-1303-4c33-a9da-ebf5093d5257_7_10,New Morrison song that would be great.,Here is Madame George of Van Morrison's first album astral weeks.,train
dlg-c57b0740-055b-441d-9ea4-27cd5bea48d2,dlg-c57b0740-055b-441d-9ea4-27cd5bea48d2_1_4,"Hi, I'm looking for some music preferably something by Mastodon.","Sure, let me find something from Mastodon. Here is Mastodon - Show Yourself.",train
dlg-c57b0740-055b-441d-9ea4-27cd5bea48d2,dlg-c57b0740-055b-441d-9ea4-27cd5bea48d2_6_8,"Okay, can I get a different song by Mastodon?",Here is Mastodon - Sultan's Curse.,train
dlg-c57b0740-055b-441d-9ea4-27cd5bea48d2,dlg-c57b0740-055b-441d-9ea4-27cd5bea48d2_9_11,"I don't think I really want to listen to this, can I get a different song by Mastodon?",Here is Mastodon - Andromeda.,train
dlg-c5d6032a-2f44-4083-a7c8-e1aaed68afc9,dlg-c5d6032a-2f44-4083-a7c8-e1aaed68afc9_3_4,Reggae.,Survival by bob marley.,train
dlg-c5d6032a-2f44-4083-a7c8-e1aaed68afc9,dlg-c5d6032a-2f44-4083-a7c8-e1aaed68afc9_5_6,This video is blocked.,No Woman no cry by Bob Marley. Did you get that video?,train
dlg-c5d6032a-2f44-4083-a7c8-e1aaed68afc9,dlg-c5d6032a-2f44-4083-a7c8-e1aaed68afc9_7_8,"Yes. Could you play something a little faster, please?",Let's Do It Again by J. Boog.,train
dlg-c5d6032a-2f44-4083-a7c8-e1aaed68afc9,dlg-c5d6032a-2f44-4083-a7c8-e1aaed68afc9_9_10,"That's pretty good. Can you play something a little older, please?","Murder, She Wrote by Chaka Demus & Pliers.",train
dlg-c5d6032a-2f44-4083-a7c8-e1aaed68afc9,dlg-c5d6032a-2f44-4083-a7c8-e1aaed68afc9_11_12,"Okay, Let's go back even earlier. Whatever the earliest reggae you have?","Say, What You're Saying by Eric 'Monty' Morris.",train
dlg-c5d85716-a547-4254-8e94-69094ee97e8a,dlg-c5d85716-a547-4254-8e94-69094ee97e8a_1_10,Hi. I'm looking for some new music to listen to. How about Future?,"Looks like the artist Dj Khaled may be similar/have similar style/might be a close match/etc. Another is Ovoxo. Are either of those new to you? How about DJ Khaled - Wild Thoughts ft. Rihanna, Bryson Tiller.",train
dlg-c5d85716-a547-4254-8e94-69094ee97e8a,dlg-c5d85716-a547-4254-8e94-69094ee97e8a_13_14,This is pretty cool.,"Ok, how about Drake & The Weeknd - High For This (Live) - OVOXO",train
dlg-c5d85716-a547-4254-8e94-69094ee97e8a,dlg-c5d85716-a547-4254-8e94-69094ee97e8a_17_18,"That sounds pretty cool, too. Thanks for the recommendations.",You are welcome. Is there another artist you would like to hear?,train
dlg-c5d85716-a547-4254-8e94-69094ee97e8a,dlg-c5d85716-a547-4254-8e94-69094ee97e8a_19_24,We could do something that sounds like Lil Yachty.,"Checking, Ok. How about Nav? Ok. How about Famous Dex? Famous Dex ""I'm High"".",train
dlg-c5f5a603-78ea-47c6-b110-8a0f816df969,dlg-c5f5a603-78ea-47c6-b110-8a0f816df969_1_2,Can you play a jazz music for me?,Sure. Dave Brubeck - Take Five.,test
dlg-c5f5a603-78ea-47c6-b110-8a0f816df969,dlg-c5f5a603-78ea-47c6-b110-8a0f816df969_3_8,Can you play one that was public or like released more recently?,"One moment, Charles Lloyd New Quartet - Shiva Prayer. Jazzmeia Horn - Tight.",test
dlg-c5f5a603-78ea-47c6-b110-8a0f816df969,dlg-c5f5a603-78ea-47c6-b110-8a0f816df969_9_10,"Can you play a jazz cover, like a song that is not normally jazz but it has been covered in that style?",Chop Suey (System of a Down) Jazz Cover by Robyn Adele Anderson.,test
dlg-c60d0d60-b8f1-41ff-8607-30bbc8d2d696,dlg-c60d0d60-b8f1-41ff-8607-30bbc8d2d696_0_2,"Hello, Can you Play something Metallica for me, please.","Hi, Metallica?",train
dlg-c687e368-c542-4857-8562-efbb06c4a6b1,dlg-c687e368-c542-4857-8562-efbb06c4a6b1_0_2,"Yeah, I was wondering if you'd help me. I'm trying to find some music to listen to. I was thinking about The Rolling Stones.","Okay, Sure thing, Rolling Stones. Here is The Rolling Stones - Gimme Shelter.",train
dlg-c687e368-c542-4857-8562-efbb06c4a6b1,dlg-c687e368-c542-4857-8562-efbb06c4a6b1_3_4,Do you have any older material?,Here is The Rolling Stones - Wild Horses.,train
dlg-c687e368-c542-4857-8562-efbb06c4a6b1,dlg-c687e368-c542-4857-8562-efbb06c4a6b1_5_6,"No, I don't like that at all. How about a different song from the same artist?",Here is The Rolling Stones - Shine a light.,train
dlg-c699b4e1-63cf-4f1d-849a-6b5e447bb91b,dlg-c699b4e1-63cf-4f1d-849a-6b5e447bb91b_1_2,Hi. I'd like to listen to some music that's similar to Blink-182.,Here's the song similar to Blink-182.,train
dlg-c699b4e1-63cf-4f1d-849a-6b5e447bb91b,dlg-c699b4e1-63cf-4f1d-849a-6b5e447bb91b_4_9,Play another song by Weezer.,"Here's the song by Weezer. Another similar artist to Weezer, correct? Here's the song by Beck.",train
dlg-c6ab5cba-9ba8-4b42-bc9d-fa0f058d9f4e,dlg-c6ab5cba-9ba8-4b42-bc9d-fa0f058d9f4e_1_4,"Hey Assistant, I'd like to hear some music by the Bee Gees.",Good choice let me find you a song by Bee Gees. How about the song Night Fever by the band Bee Gees?,train
dlg-c6ab5cba-9ba8-4b42-bc9d-fa0f058d9f4e,dlg-c6ab5cba-9ba8-4b42-bc9d-fa0f058d9f4e_5_11,That sounds good.,Here's the song Night Fever by Bee Gees. How about a song by the artist Kool & The Gang? Here's the song Get Down On It by the artist Kool & The Gang.,train
dlg-c6ab5cba-9ba8-4b42-bc9d-fa0f058d9f4e,dlg-c6ab5cba-9ba8-4b42-bc9d-fa0f058d9f4e_13_16,"Oh Assistant, that's a really good choice. Could I hear another song maybe by another Kool & The Gang song?",How about the song Celebration? Here's the song Celebration by Kool & The Gang.,train
dlg-c6da6c67-aff2-4721-be01-d2fe4a2866e1,dlg-c6da6c67-aff2-4721-be01-d2fe4a2866e1_1_2,Hi assistant. Can you play me a song by Led Zeppelin?,"Led Zeppelin Live Performance - January 9th, 1970.",train
dlg-c6da6c67-aff2-4721-be01-d2fe4a2866e1,dlg-c6da6c67-aff2-4721-be01-d2fe4a2866e1_3_4,Okay. This one sounds pretty cool. Can you send me a different song by them?,Led Zeppelin - Whole Lotta Love (1997 Promo).,train
dlg-c6da6c67-aff2-4721-be01-d2fe4a2866e1,dlg-c6da6c67-aff2-4721-be01-d2fe4a2866e1_5_6,This one's cool. Thank you.,Led Zeppelin - The Ocean.,train
dlg-c735f92a-1dec-4c75-8982-29e59899a8a3,dlg-c735f92a-1dec-4c75-8982-29e59899a8a3_0_4,"Hey, I'm looking for some music in hip hop. Play some music in hip hop.",Post Malone - rockstar ft. 21 Savage.,train
dlg-c735f92a-1dec-4c75-8982-29e59899a8a3,dlg-c735f92a-1dec-4c75-8982-29e59899a8a3_5_6,"Good, now play something older.",Yo Gotti - Down In the DM.,train
dlg-c735f92a-1dec-4c75-8982-29e59899a8a3,dlg-c735f92a-1dec-4c75-8982-29e59899a8a3_7_9,"Good, now play something from the 80's.",N.W.A. - Straight Outta Compton.,train
dlg-c735f92a-1dec-4c75-8982-29e59899a8a3,dlg-c735f92a-1dec-4c75-8982-29e59899a8a3_10_11,"Good, now play something more commercialized.",Rae Sremmurd - Black Beatles ft. Gucci Mane.,train
dlg-c7761941-b006-4fbb-ad81-341543e6ca60,dlg-c7761941-b006-4fbb-ad81-341543e6ca60_1_6,"Hi, Could you play something by Counting Crows?",Counting Crows - Mr. Jones. Here's Counting Crows Mr Jones.,train
dlg-c7761941-b006-4fbb-ad81-341543e6ca60,dlg-c7761941-b006-4fbb-ad81-341543e6ca60_7_10,There we go. Could you a play a different song by the same same artist?,Hold on just a second. Here's Counting Crows - A Long December. Okay. Here's Counting Crows - Round Here.,train
dlg-c7761941-b006-4fbb-ad81-341543e6ca60,dlg-c7761941-b006-4fbb-ad81-341543e6ca60_11_12,Also blocked. Okay.,Here's Counting Crows - Colorblind. Just one moment. Here's Accidentally In Love (Counting Crows) Cover - Mia Wray. I'm sorry about that.  Here's Counting Crows Mr Jones Live New york city.,train
dlg-c7b17dc3-9337-4edf-8d38-d3632a2459f7,dlg-c7b17dc3-9337-4edf-8d38-d3632a2459f7_1_2,I'd like some help browsing the music of the Backstreet Boys.,I Want It That Way by Backstreet Boys,train
dlg-c7b17dc3-9337-4edf-8d38-d3632a2459f7,dlg-c7b17dc3-9337-4edf-8d38-d3632a2459f7_3_10,"Yes, one of their big hits, and I like it. Let's try something else from the same album, please.",Shape Of My Heart by Backstreet Boys As long as you love me by Backstreet boys.,train
dlg-c7b17dc3-9337-4edf-8d38-d3632a2459f7,dlg-c7b17dc3-9337-4edf-8d38-d3632a2459f7_11_17,Another excellent choice.,Larger Than Life by Backstreet Boys.,train
dlg-c7c45e24-da4e-471e-b592-f5d59af3f9c0,dlg-c7c45e24-da4e-471e-b592-f5d59af3f9c0_2_3,Gerry Allen.,"One moment, I found Zac Brown and Kip Moore, have you heard either of these two.",validation
dlg-c7c45e24-da4e-471e-b592-f5d59af3f9c0,dlg-c7c45e24-da4e-471e-b592-f5d59af3f9c0_4_13,"I've heard of Zac Brown. Who was the other one? Kip Moore, I believe. Yes, I'm not familiar with that, let's try that.","Kip Moore, okay let me play something by Kip Moore I see if you like it. Here is Kip Moore, more girls like you. Okay, how about a little mix? Here is Kip Moore, the bull.",validation
dlg-c7d737cc-b8cb-436e-ba3a-7461c525c31e,dlg-c7d737cc-b8cb-436e-ba3a-7461c525c31e_2_6,Hello. I'm interested in listening to some music. How about listening to something in the jazz category?,How about the song Forever In Love by Kenny G?,train
dlg-c7d737cc-b8cb-436e-ba3a-7461c525c31e,dlg-c7d737cc-b8cb-436e-ba3a-7461c525c31e_9_11,"Can we try something more modern, please?",Here is Smooth Jazz Mix 2014 by DJ $tark$ on Virtual DJ.,train
dlg-c7d737cc-b8cb-436e-ba3a-7461c525c31e,dlg-c7d737cc-b8cb-436e-ba3a-7461c525c31e_12_13,"Can we play something with a slower tempo, please?",Here is Smooth Jazz Saxophone Jazz instrumental music for a relaxing dinner.,train
dlg-c7d737cc-b8cb-436e-ba3a-7461c525c31e,dlg-c7d737cc-b8cb-436e-ba3a-7461c525c31e_14_16,"Lastly, can we play something by a very popular Jazz artist?",Here is Relaxed Smooth Jazz Music by David Sanborn & Group.,train
dlg-c84d4c43-63d5-4db4-a3b7-66a47b7294f5,dlg-c84d4c43-63d5-4db4-a3b7-66a47b7294f5_2_13,I'd like help finding new music to listen to. The Foo Fighters.,"Alright, Foo Fighters. Let's see what else I can find that you may not be familiar with. Have you heard about Fu Manchu or Audioslave. Let me play something by Fu Manchu. Here is the song Evil Eye by Fu Manchu. Here is the song Mongoose by Fu Manchu.",train
dlg-c84d4c43-63d5-4db4-a3b7-66a47b7294f5,dlg-c84d4c43-63d5-4db4-a3b7-66a47b7294f5_14_20,This is a good band. Show me another band.,Would you like me to play something by Audioslave. Here is the song Like a Stone by the band Audioslave. Here is another song called Show Me How to Live by Audioslave.,train
dlg-c8546d7d-dc79-41b4-8eec-8da9c4b756e8,dlg-c8546d7d-dc79-41b4-8eec-8da9c4b756e8_2_4,"Hi, can you guys do a song by French Montana, please?","Sure, let me find a french Montana song. Here is French Montana - No Shopping ft. Drake.",train
dlg-c8546d7d-dc79-41b4-8eec-8da9c4b756e8,dlg-c8546d7d-dc79-41b4-8eec-8da9c4b756e8_6_8,"This video is blocked, can you play another version of the song, please?",Here is French Montana Ft. Drake No Shopping.,train
dlg-c8546d7d-dc79-41b4-8eec-8da9c4b756e8,dlg-c8546d7d-dc79-41b4-8eec-8da9c4b756e8_10_14,"This video is also blocked, can you play another version of the song, please?","Perhaps, I can find a different french Montana song for you. Here is French Montana Ft Jeremih Bad Bitch.",train
dlg-c8546d7d-dc79-41b4-8eec-8da9c4b756e8,dlg-c8546d7d-dc79-41b4-8eec-8da9c4b756e8_16_18,Can you play a song by Bryson Tiller? The songs are not working for French Montana.,"Sure, let me find a Bryson Tiller song. Here is Bryson Tiller - Sorry Not Sorry.",train
dlg-c8546d7d-dc79-41b4-8eec-8da9c4b756e8,dlg-c8546d7d-dc79-41b4-8eec-8da9c4b756e8_19_21,"This beat is too upbeat, Can you play find something mellow from Bryson Tiller?",Here is Bryson Tiller - Trust Issues.,train
dlg-c8546d7d-dc79-41b4-8eec-8da9c4b756e8,dlg-c8546d7d-dc79-41b4-8eec-8da9c4b756e8_22_25,"The song is great. Now, can you play something from Tory Lanez, please?",Let me find Tory lanes love. Here is Tory Lanez - LUV.,train
dlg-c8c52f51-7bd1-4bd8-90af-61f97c984a04,dlg-c8c52f51-7bd1-4bd8-90af-61f97c984a04_0_2,Can I listen to some Blues music?,Here is Thelonious Monk performing Monks dream.,train
dlg-c8c52f51-7bd1-4bd8-90af-61f97c984a04,dlg-c8c52f51-7bd1-4bd8-90af-61f97c984a04_3_4,How about something with vocals?,Here is Jamie Cullum performing These are the days.,train
dlg-c8c52f51-7bd1-4bd8-90af-61f97c984a04,dlg-c8c52f51-7bd1-4bd8-90af-61f97c984a04_5_8,"Could you play another video, this one is not loading? How about some more stereotypical Blues?",Here is Miles Davis performing Freddie Freeloader.,train
dlg-c8c52f51-7bd1-4bd8-90af-61f97c984a04,dlg-c8c52f51-7bd1-4bd8-90af-61f97c984a04_9_10,How about something slower?,Here is John Coltrane performing Equinox.,train
dlg-c8d6aa27-9a10-45e0-bacd-b0402eef3766,dlg-c8d6aa27-9a10-45e0-bacd-b0402eef3766_1_4,"Hello, I'd like some help browsing music of Lady Antebellum, please. First word lady last word Antebellum.",Need You Now by Lady Antebellum.,train
dlg-c8d6aa27-9a10-45e0-bacd-b0402eef3766,dlg-c8d6aa27-9a10-45e0-bacd-b0402eef3766_5_6,"Yes, that is a classic, I like it. But let's try a different song on the same album, please.",American Honey by Lady Antebellum.,train
dlg-c8f019ad-8cd9-4c1b-afdc-045962fe6faf,dlg-c8f019ad-8cd9-4c1b-afdc-045962fe6faf_1_2,Hello. Can you play something from Led Zeppelin?,Did you say Zed?,train
dlg-c8f019ad-8cd9-4c1b-afdc-045962fe6faf,dlg-c8f019ad-8cd9-4c1b-afdc-045962fe6faf_3_6,"Led Zeppelin, I'm sorry.","How does Led Zeppelin - Rock And Roll, sound?",train
dlg-c8f019ad-8cd9-4c1b-afdc-045962fe6faf,dlg-c8f019ad-8cd9-4c1b-afdc-045962fe6faf_7_14,Sounds great. Thank you. One of my all-time favorites. Can you play another one from them? Something off the greatest hits. Can you play something else from them more on the faster side?,"How does Led Zeppelin - Black Dog, sound?",train
dlg-c8f920ee-823b-491b-8e24-db8f317a7c12,dlg-c8f920ee-823b-491b-8e24-db8f317a7c12_1_2,"Hi Assistant, I would like to hear some music by Maroon 5. Can you help me?",Ok. What Lovers Do by Maroon 5?,train
dlg-c8f920ee-823b-491b-8e24-db8f317a7c12,dlg-c8f920ee-823b-491b-8e24-db8f317a7c12_5_10,"Oh Assistant, I like the song you chose but could I hear a different song by Maroon 5?",Of course Animals by Maroon 5. Payphone by Maroon 5.,train
dlg-c90a3538-1907-465e-9d3f-a43c6281a1a8,dlg-c90a3538-1907-465e-9d3f-a43c6281a1a8_1_2,I would like to listen to Rap God by Eminem.,Good choice. One moment. Rap God Lyrics.,train
dlg-c90a3538-1907-465e-9d3f-a43c6281a1a8,dlg-c90a3538-1907-465e-9d3f-a43c6281a1a8_3_4,I like the song. Can I hear another Eminem track from his earlier years?,Sure. This will just be a second. Hold on. D12 - Blow My Buzz.,train
dlg-c90a3538-1907-465e-9d3f-a43c6281a1a8,dlg-c90a3538-1907-465e-9d3f-a43c6281a1a8_6_9,"Yeah, This song is cool as well. Can I hear an Eminem song of the 8 Mile soundtrack? You play a song of the 8 Mile soundtrack. Turn around and ring the buzzer, men.",Eminem - Lose Yourself.,train
dlg-c91a9fc3-bed3-47f6-91f1-4bd534d71a02,dlg-c91a9fc3-bed3-47f6-91f1-4bd534d71a02_1_4,"Hello, I'd like to hear some new music by Katy Perry. Can you help me find some new music?",Have you heard of Ellie Goulding? On My Mind - Ellie Goulding.,train
dlg-c91a9fc3-bed3-47f6-91f1-4bd534d71a02,dlg-c91a9fc3-bed3-47f6-91f1-4bd534d71a02_7_10,"Thank you, I like this song. Could I hear another song artist similar to Katy Perry?","Yes, have u heard of Kesha? Kesha Woman?",train
dlg-c91a9fc3-bed3-47f6-91f1-4bd534d71a02,dlg-c91a9fc3-bed3-47f6-91f1-4bd534d71a02_11_16,"Woman by Keyshia Cole song, I also like Nicki Minaj. Do you know an artist similar to Nicki Minaj?",Have u heard of Keri Hilson? Keri Hilson Knock You down.,train
dlg-c91a9fc3-bed3-47f6-91f1-4bd534d71a02,dlg-c91a9fc3-bed3-47f6-91f1-4bd534d71a02_17_20,"Thank you, let me play Sande from browser. Cool song, could I hear one more song or artist similar to Nicki Minaj?","Of course, have u heard of Keyshia Cole? Keyshia Cole - Heaven sent.",train
dlg-c94a7f11-d741-4894-97ac-69988909066c,dlg-c94a7f11-d741-4894-97ac-69988909066c_1_2,"Hello, can you play me a party song?","How about the song ""Party In The U.S.A"" by Miley Cyrus.",train
dlg-c94a7f11-d741-4894-97ac-69988909066c,dlg-c94a7f11-d741-4894-97ac-69988909066c_4_5,Can you play something more recent? And not Miley.,"How about the song ""Sorry"" by Justin Bieber?",train
dlg-c94a7f11-d741-4894-97ac-69988909066c,dlg-c94a7f11-d741-4894-97ac-69988909066c_6_7,I'm not a Bieber fan. Can you try a song by a female?,"How about the song ""We Found Love""  by Rihanna featuring Calvin Harris.",train
dlg-c94a7f11-d741-4894-97ac-69988909066c,dlg-c94a7f11-d741-4894-97ac-69988909066c_10_13,"I don't think I prefer this one, either. Maybe something with which is a little bit faster, I think.","Okay, got it. How about the song ""All About That Bass"" by Meghan Trainor.",train
dlg-c9e4b72f-1a46-4919-84c0-3346610491e0,dlg-c9e4b72f-1a46-4919-84c0-3346610491e0_1_3,Hi. Can I please hear something from The Police?,"Yes, Let me find a song for you. Here is The police DONT STAND SO CLOSE TO ME by Yoraynayy.",train
dlg-c9e4b72f-1a46-4919-84c0-3346610491e0,dlg-c9e4b72f-1a46-4919-84c0-3346610491e0_4_5,Can you change it to their best selling song ever?,Here is The Police - Message In A Bottle by Cooljoeri.,train
dlg-c9e4b72f-1a46-4919-84c0-3346610491e0,dlg-c9e4b72f-1a46-4919-84c0-3346610491e0_6_8,This video doesn't work. Can you change it to something from their Synchronicity album?,Yes give me a moment. Here is The Police - Synchronicity 1.,train
dlg-ca2f7844-b069-449a-ae6f-7ab476d81b88,dlg-ca2f7844-b069-449a-ae6f-7ab476d81b88_1_4,"Hi, I'd like to hear some music by Michael Buble.",Michael Buble. Let me see what I can find for you. Here's the song Feeling Good by Michael Buble.,validation
dlg-ca2f7844-b069-449a-ae6f-7ab476d81b88,dlg-ca2f7844-b069-449a-ae6f-7ab476d81b88_6_13,Could I hear some older material? Are you still looking for older material?,Here's the song called Baby It's Cold Outside by. Idina Menzel & Michael Bublé. Its a duet song here it is.,validation
dlg-ca2f7844-b069-449a-ae6f-7ab476d81b88,dlg-ca2f7844-b069-449a-ae6f-7ab476d81b88_15_23,Could I hear the same song by a different artist?,Here's the same song Baby it's Cold Outside. Sung by Lewis Watson and Dodie.,validation
dlg-ca3bb9e0-1573-49aa-976f-8e14dfe8f75e,dlg-ca3bb9e0-1573-49aa-976f-8e14dfe8f75e_1_3,Can you play me some music by Katy Perry?,Here's the song called Katy Perry Hot 'n Cold.,train
dlg-ca3bb9e0-1573-49aa-976f-8e14dfe8f75e,dlg-ca3bb9e0-1573-49aa-976f-8e14dfe8f75e_4_6,"Oh, that's a great song. Play the one that's one of her current albums.",Here is the song called Katy Perry - Hey Hey Hey.,train
dlg-ca3bb9e0-1573-49aa-976f-8e14dfe8f75e,dlg-ca3bb9e0-1573-49aa-976f-8e14dfe8f75e_7_8,"Okay. Yeah, that's a great song. Play me something slower.",Here is the song called E.T- Katy Perry.,train
dlg-ca3bb9e0-1573-49aa-976f-8e14dfe8f75e,dlg-ca3bb9e0-1573-49aa-976f-8e14dfe8f75e_9_10,"Yes, that's a great song, let's go back to her newest album and play Swish Swish.","Here is your song, Katy Perry - Swish Swish.",train
dlg-ca4d17c6-0fa8-45c0-a95c-4e6e814f1001,dlg-ca4d17c6-0fa8-45c0-a95c-4e6e814f1001_1_8,"Hi, can I hear a song by J. Cole?","Here's the song, Everybody Dies by J.Cole. Here's the song, Everybody Dies by Ayreon. Here's the song Sometimes I don't by Raz Simone featuring Sam Lachow.",train
dlg-ca5e12f3-cd6c-44f5-894a-5787a9438588,dlg-ca5e12f3-cd6c-44f5-894a-5787a9438588_2_6,"Hello, I'm looking for some new music. Could you play something kind of Joe Turner?","Okay, Joe Turner. Let me see what I can find that you may not be familiar with. I'm unable to pull out any information in regards to the artist Joe turner. can you please name some other artist?",train
dlg-ca5e12f3-cd6c-44f5-894a-5787a9438588,dlg-ca5e12f3-cd6c-44f5-894a-5787a9438588_7_12,"Yeah, how about the Fats Waller?","Okay, Fats Waller. Let's see what I can find for you. Are you familiar with the artist the Shell. Another one is Kisschasy?",train
dlg-ca5e12f3-cd6c-44f5-894a-5787a9438588,dlg-ca5e12f3-cd6c-44f5-894a-5787a9438588_13_20,"Yeah, I've never heard of the Shell.","I'm sorry, I could not find anything but the artist The Shell. Have you heard about the artist the Pale? Here is the song called Butterfly by the artist the Pale.",train
dlg-ca5e12f3-cd6c-44f5-894a-5787a9438588,dlg-ca5e12f3-cd6c-44f5-894a-5787a9438588_21_22,Could you play something else by them? They look really interesting.,Here is another song called Dogs With No Tails by the artist the Pale.,train
dlg-ca5e12f3-cd6c-44f5-894a-5787a9438588,dlg-ca5e12f3-cd6c-44f5-894a-5787a9438588_24_26,But I also kind of like The Tomatoes. Could you find an artiste like The Tomatoes?,Let me find you something that may be similar to the artist the tomatoes. Have you heard any song by the artist Peter and The Wolves?,train
dlg-ca5e12f3-cd6c-44f5-894a-5787a9438588,dlg-ca5e12f3-cd6c-44f5-894a-5787a9438588_27_33,"No, I haven't. Peter and the Wolf. Can you play something by them?",Here is the song Its All Comes Back to You by the artist Peter and The Wolves. Here is the song Move Little Judy by Peter & The Wolves.,train
dlg-ca6f183c-ee26-485b-8b18-de1a62abc5eb,dlg-ca6f183c-ee26-485b-8b18-de1a62abc5eb_0_4,I would like to hear a song by Olimpiyskiy.,Here is my way by Limp Bizkit. Here is Limp Bizkit my generation.,train
dlg-ca6f183c-ee26-485b-8b18-de1a62abc5eb,dlg-ca6f183c-ee26-485b-8b18-de1a62abc5eb_5_6,I don't know what's playing right now. I would like a similar song by a different artist.,Here is POD alive.,train
dlg-caa461f9-49c8-4a47-84fe-9863ef3ea718,dlg-caa461f9-49c8-4a47-84fe-9863ef3ea718_2_4,Can you play something by No doubt.,Don't Speak by No Doubt.,train
dlg-caa461f9-49c8-4a47-84fe-9863ef3ea718,dlg-caa461f9-49c8-4a47-84fe-9863ef3ea718_5_11,That's sounds like the 70's a little bit. Can you play something? Goya.,Harvester Of Bongloads by Goya.,train
dlg-caa461f9-49c8-4a47-84fe-9863ef3ea718,dlg-caa461f9-49c8-4a47-84fe-9863ef3ea718_12_21,"I like that. That's pretty good. Can you play Drain You by Goya? I think, you'll find the cover song by them? What's the cover song by them?",Drain You (Nirvana cover) by Goya.,train
dlg-caec1f60-8422-4084-8990-b2c33b1a9c46,dlg-caec1f60-8422-4084-8990-b2c33b1a9c46_2_7,"Hi Assistant, I'd love to hear a song by Barry Manilow.",Here is Copacabana by Barry Manilow.,train
dlg-caec1f60-8422-4084-8990-b2c33b1a9c46,dlg-caec1f60-8422-4084-8990-b2c33b1a9c46_9_12,"Hey Assistant, this song is like totally awesome and I love it and you are getting that?",Let me see if I can find a similar track. Heroes Can't Take My Eyes Off Of You by Barry Manilow.,train
dlg-caec1f60-8422-4084-8990-b2c33b1a9c46,dlg-caec1f60-8422-4084-8990-b2c33b1a9c46_14_20,"Hey Assistant, this song is nice but I'd like to hear something more, don't mind. I would like to hear a similar song up beat.",Let me see if I can find something a little more upbeat. I'm actually having a hard time finding another upbeat Manilow song.,train
dlg-caf26d3c-2214-4b2d-bbcc-64634a20cb2c,dlg-caf26d3c-2214-4b2d-bbcc-64634a20cb2c_1_2,"Hello, hi, today I need your help to find music to listen to. I have some music in mind. I'm wondering if you can find the song Blue Boy by Mac DeMarco.",Blue Boy by Mac DeMarco. Is that correct?,validation
dlg-caf26d3c-2214-4b2d-bbcc-64634a20cb2c,dlg-caf26d3c-2214-4b2d-bbcc-64634a20cb2c_5_6,"Awesome, thank you. Luis Sad Song. Like most of his songs, pretty chilled, laid back, like 1960s classic rock sound I guess. But this song makes me think of my youth a little bit, so. No, I'd like to hear another song by Mac DeMarco. It's called Let Her Go. If you could find the song Let Her Go by Mac DeMarco, that would be pretty cool.",Here is the song Let Her Go by Mac DeMarco - Live in the KEXP studio.,validation
dlg-cb28fb77-7218-40a0-bfcb-62f41c3ab60b,dlg-cb28fb77-7218-40a0-bfcb-62f41c3ab60b_1_2,"Yeah, I was wondering if you could help me some new artists to listen to.",Have you heard about Snow Patrol or Manic Street Preachers.,train
dlg-cb28fb77-7218-40a0-bfcb-62f41c3ab60b,dlg-cb28fb77-7218-40a0-bfcb-62f41c3ab60b_3_7,"It's an actually, yes the other one, no. The song kind of crazy.",Here is the song Stay Beautiful by Manic Street Preachers.,train
dlg-cb28fb77-7218-40a0-bfcb-62f41c3ab60b,dlg-cb28fb77-7218-40a0-bfcb-62f41c3ab60b_8_15,"Yes, pretty good, I like that. Can you help me find another artist?","Have you heard about Radiohead? Arctic Monkeys? Okay, Let me play you something by Arctic Monkeys.",train
dlg-cb32127d-0122-4ba3-87ce-62c213632e4b,dlg-cb32127d-0122-4ba3-87ce-62c213632e4b_1_21,"Yes, can you play some music that I never heard. Some rock music?","Have you heard of Hoobastank or Stained? Okay, let me see if I can find you something by Hoobastank. Here is Crawling in the Dark by Hoobastank. Here is Running Away by Hoobastank.",train
dlg-cb3a7ffc-f582-499d-80f9-739d0b4de8b0,dlg-cb3a7ffc-f582-499d-80f9-739d0b4de8b0_1_2,"Yes, could you play me something by The Police?",Here is The Police - Walking on the Moon.,train
dlg-cb3a7ffc-f582-499d-80f9-739d0b4de8b0,dlg-cb3a7ffc-f582-499d-80f9-739d0b4de8b0_3_4,"Yeah, it's pretty good. It's one of my favorite songs. Could you play something else Synchronicity 1?",Here is The Police - Synchronicity 1.,train
dlg-cb3a7ffc-f582-499d-80f9-739d0b4de8b0,dlg-cb3a7ffc-f582-499d-80f9-739d0b4de8b0_5_6,"Yes, it's really good. Can you find a cover of this? And if you can't find a cover of this pretty good song, a cover of something else by The Police.",Here is Trophy Eyes cover The Police Every Breath You Take.,train
dlg-cb4ec782-55f3-4a17-bcf2-cdf459d92cc4,dlg-cb4ec782-55f3-4a17-bcf2-cdf459d92cc4_1_2,Hi. I want to listen to some music by Barren Earth.,The Rains Begin (from The Devil's Resolve) by Barren Earth.,train
dlg-cb4ec782-55f3-4a17-bcf2-cdf459d92cc4,dlg-cb4ec782-55f3-4a17-bcf2-cdf459d92cc4_4_5,That's a pretty good song. How about something from their first album?,From The Depths Of Spring by Barren Earth.,train
dlg-cb4ec782-55f3-4a17-bcf2-cdf459d92cc4,dlg-cb4ec782-55f3-4a17-bcf2-cdf459d92cc4_6_8,"Well, this isn't the album that I was talking about, it's still a good song though. How about their first album?",Curse Of The Red River by Barren Earth.,train
dlg-cb804c4e-a9d4-46b7-8124-fa8adfc580fb,dlg-cb804c4e-a9d4-46b7-8124-fa8adfc580fb_0_6,"Hey, Could you play something by Noxious Fumes? Yeah, of course. n o x i o u s f u m e s.","One second. ""Helter Smelter"" Tacoma punk rock 1984 by Noxious Fumes.",train
dlg-cb804c4e-a9d4-46b7-8124-fa8adfc580fb,dlg-cb804c4e-a9d4-46b7-8124-fa8adfc580fb_7_8,Could you play something maybe a little bit later by then.,Organised Crime by Noxious Fumes.,train
dlg-cb804c4e-a9d4-46b7-8124-fa8adfc580fb,dlg-cb804c4e-a9d4-46b7-8124-fa8adfc580fb_9_12,"Yeah, They sound a lot like. Could you play something by Noxious Fumes, I really like that first one.",Fitness Beach by Noxious Fumes.,train
dlg-cb8b767a-2e9e-45e5-a181-8ed1eedd86df,dlg-cb8b767a-2e9e-45e5-a181-8ed1eedd86df_1_10,"Hi, I was wanting to listen to some music from Green Carnation.","One moment. How about the song ""Maybe?"" by Green Carnation. Here's the song Maybe by Green Carnation. How about the song Light of Day, Day of Darkness? Here is the song ""A night under the dam"" (Live) by Green Carnation.",train
dlg-cbb7eef0-091a-4d5a-84c7-ef832961eda9,dlg-cbb7eef0-091a-4d5a-84c7-ef832961eda9_1_20,Hello. Can you play some music similar to Eminem?,How about the song called Thunder by the artist Imagine Dragons. Here is the song of that artist. Here is the song Thunder by Imagine Dragon. Here is the song called Believer by the same artist. Imagine Dragons. Imagine Dragons. How about the song called Back in Black by the artist AC DC. Here is the song Back in Black by AC DC. How about the song My house by the artist Florida. Here is the song My house by Florida.,train
dlg-cbdb7ae8-c2c7-4827-ad67-f767836471a2,dlg-cbdb7ae8-c2c7-4827-ad67-f767836471a2_1_4,"Hi, I'd like to hear something from Band Creed, please.",The Band Creed? Here is your song. Creed - With Arms Wide Open.,train
dlg-cbdb7ae8-c2c7-4827-ad67-f767836471a2,dlg-cbdb7ae8-c2c7-4827-ad67-f767836471a2_7_12,"It's one of my favorite songs, thank you. Can you play something from the first album, please?",Here is your song. Creed - My Own Prison. Here is your song. Creed - Full Circle.,train
dlg-cc00d68b-7eba-40e1-8785-c07056f46807,dlg-cc00d68b-7eba-40e1-8785-c07056f46807_1_6,"Hi, I'm looking for music to listen to, I'm thinking some country. Maybe somebody like Chris Stapleton. Or that type of old-style country music.",How about the song called Tennessee Whiskey by Chris Stapleton.,train
dlg-cc00d68b-7eba-40e1-8785-c07056f46807,dlg-cc00d68b-7eba-40e1-8785-c07056f46807_12_15,"Can you play something maybe a little more up-tempo, either by Stapleton or music like that?",Here is the song called Wagon Wheel by the artist Darius Rucker.,train
dlg-cc00d68b-7eba-40e1-8785-c07056f46807,dlg-cc00d68b-7eba-40e1-8785-c07056f46807_16_19,"Alright, it's not bad. Now can you play maybe an upbeat country by a female artist?",How about the song called Before He Cheats by the female artist Carrie Underwood?,train
dlg-cc00d68b-7eba-40e1-8785-c07056f46807,dlg-cc00d68b-7eba-40e1-8785-c07056f46807_22_24,"All right. Finally, can you play live upbeat song by Chris Templeton, live performance? Oh, actually play He's on SNL. See if you can find a song he played on SNL. I think he played two.",There are two options one is midnight train to Memphis and the other one is Hard-Livin which one would you like me to play?,train
dlg-cc00d68b-7eba-40e1-8785-c07056f46807,dlg-cc00d68b-7eba-40e1-8785-c07056f46807_25_26,Put Midnight Train.,Here is the song called Midnight Train to Memphis SNL Chris Stapleton.,train
dlg-cc18ccde-32c5-41bd-af90-4ebbb72ed203,dlg-cc18ccde-32c5-41bd-af90-4ebbb72ed203_3_8,Okay. Very good. Just had to make a little adjustment there. I'm interested in hearing some music from the great artist David Bowie. Can you help me with that today?,David Bowie. Is that what you said? How about the song Dancing In The Streets by David Bowie?,train
dlg-cc18ccde-32c5-41bd-af90-4ebbb72ed203,dlg-cc18ccde-32c5-41bd-af90-4ebbb72ed203_9_12,Sounds good. It's pretty good. How about hearing a song from The Rolling Stones now?,How about the song Ruby Tuesday by the rolling stones?,train
dlg-cc18ccde-32c5-41bd-af90-4ebbb72ed203,dlg-cc18ccde-32c5-41bd-af90-4ebbb72ed203_14_22,Pretty nice choice. Can I hear a song from Paul McCartney & Wings now? Paul McCartney.,Here is the song Come Together by Paul McCartney.,train
dlg-cc55419c-fa2a-4a9e-9b69-e484a97327ea,dlg-cc55419c-fa2a-4a9e-9b69-e484a97327ea_0_8,Hi. I would like to listen to some pop music.,"Heres Mr Telephone Man - New Edition. Heres Janet Jackson - Anytime, Anyplace. Heres Salt 'N' Pepa - Whatta Man 1994.",train
dlg-cc9fb44d-5684-42cc-a2f7-6096d2ccc22b,dlg-cc9fb44d-5684-42cc-a2f7-6096d2ccc22b_0_4,I'd like to hear some R&B music.,"I can help you to find some R&B music. Here's the song No Diggity featuring dr. Dre, Queen pen by Blackstreet.",validation
dlg-cc9fb44d-5684-42cc-a2f7-6096d2ccc22b,dlg-cc9fb44d-5684-42cc-a2f7-6096d2ccc22b_5_7,Can I hear some Motown R&B?,Here's the song Papa Was a Rolling Stone by The temptations.,validation
dlg-cc9fb44d-5684-42cc-a2f7-6096d2ccc22b,dlg-cc9fb44d-5684-42cc-a2f7-6096d2ccc22b_8_9,Can I hear some contemporary R&B?,Here's the song When a Woman Loves by R. Kelly.,validation
dlg-cc9fb44d-5684-42cc-a2f7-6096d2ccc22b,dlg-cc9fb44d-5684-42cc-a2f7-6096d2ccc22b_10_11,Can I hear some Funk R&B?,Here's the song Give It To Me Baby by Rick James.,validation
dlg-cca75364-ae9d-4481-ae81-cbb9a481215d,dlg-cca75364-ae9d-4481-ae81-cbb9a481215d_0_5,Hello. Can I hear something by the Minutemen?,Sure thing. Here is Corona by Minutemen. Here is Fugazi-Waiting room.,train
dlg-cca75364-ae9d-4481-ae81-cbb9a481215d,dlg-cca75364-ae9d-4481-ae81-cbb9a481215d_6_7,"I like that band, but that song isn't really one of my favorites by them. Can I hear a different song by them?",Here is Fugazi - I'm so tired.,train
dlg-cce85a64-7a71-4dac-a265-cb58e64ea8e1,dlg-cce85a64-7a71-4dac-a265-cb58e64ea8e1_0_1,"Hi, can I help listen for Jay Z, please?",Sure thing. Here is Jay Z.,test
dlg-cce85a64-7a71-4dac-a265-cb58e64ea8e1,dlg-cce85a64-7a71-4dac-a265-cb58e64ea8e1_2_4,"Can you play a different song, please? This song is blocked. Can you play another version of the song, because the video is blocked, please?",Here is Jay Z with Holy Grail.,test
dlg-cce85a64-7a71-4dac-a265-cb58e64ea8e1,dlg-cce85a64-7a71-4dac-a265-cb58e64ea8e1_5_6,"Can you play another version of the song, please? It's blocked.",Here is Empire State of Mind by by Jay-Z.,test
dlg-cce85a64-7a71-4dac-a265-cb58e64ea8e1,dlg-cce85a64-7a71-4dac-a265-cb58e64ea8e1_7_12,"Can you find older material by Jay Z, please?",Did you want Wale? Here is Jay-Z the Streets is Watching. Here is Imaginary Player by Jay-Z.,test
dlg-cd5036ad-86b3-4be2-aa92-7067a4871117,dlg-cd5036ad-86b3-4be2-aa92-7067a4871117_0_4,Could you play music by Fifth Harmony?,Miss Movin On by Fifth Harmony. Miss Movin On by Alex Hobb.,train
dlg-cd63be5b-7955-4667-a681-3d366505cc48,dlg-cd63be5b-7955-4667-a681-3d366505cc48_1_2,Can I listen to Linkin Park?,Recent song or older song?,train
dlg-cd63be5b-7955-4667-a681-3d366505cc48,dlg-cd63be5b-7955-4667-a681-3d366505cc48_3_4,Older some.,Here is Linkin Park - Numb Lyrics.,train
dlg-cd63be5b-7955-4667-a681-3d366505cc48,dlg-cd63be5b-7955-4667-a681-3d366505cc48_5_6,"All right, this sounds good. Can I listen to a different song that's newer?",Of course. Heavy (Lyrics) - Linkin Park ft. Kiiara.,train
dlg-cd63be5b-7955-4667-a681-3d366505cc48,dlg-cd63be5b-7955-4667-a681-3d366505cc48_7_8,This song is all right. Can I listen to an older song again from the first album?,Yes. One second in the end by Linkin Park lyrics.,train
dlg-cdbaba22-3b66-471d-bb0b-76577ae35af2,dlg-cdbaba22-3b66-471d-bb0b-76577ae35af2_0_2,Could you play a song by Lord Huron?,Here is the night we met by Lord Huron.,train
dlg-cdbaba22-3b66-471d-bb0b-76577ae35af2,dlg-cdbaba22-3b66-471d-bb0b-76577ae35af2_3_5,"Oh, I like that song. Could you play kind of upbeat, like a more upbeat song, but kind of similar to that?",Here is La Belle Fleur Sauvage by Lord Huron.,train
dlg-ce0457f2-f6b8-41d9-adf8-9edc6f2b141f,dlg-ce0457f2-f6b8-41d9-adf8-9edc6f2b141f_1_6,"Hi, I'd like to listen to some new music. George Jones.",Are you familiar with Vern Gosdin or Ray Price? Vern Gosdin - That Just About Does It.,train
dlg-ce0457f2-f6b8-41d9-adf8-9edc6f2b141f,dlg-ce0457f2-f6b8-41d9-adf8-9edc6f2b141f_8_9,That sounds good. What about the other one?,Ray Price Crazy Arms & Heartaches by the Number.,train
dlg-ce0457f2-f6b8-41d9-adf8-9edc6f2b141f,dlg-ce0457f2-f6b8-41d9-adf8-9edc6f2b141f_14_19,How about Alan Jackson. A L A N Jackson.,"Are you familiar with Vince gill or Keith Whitley. Vince Gill - ""When I Call Your Name"".",train
dlg-ce0457f2-f6b8-41d9-adf8-9edc6f2b141f,dlg-ce0457f2-f6b8-41d9-adf8-9edc6f2b141f_21_22,"Yeah, that sounds good.",Keith Whitley - When You Say Nothing at All.,train
dlg-ce09a34d-0e22-4620-a8d4-e6229861fd72,dlg-ce09a34d-0e22-4620-a8d4-e6229861fd72_1_7,"Hi, can you send me a song that sounds like Josh Pan?",Josh pan. Let's see what else I can find that you may not be familiar with. Have you heard about the artist veorra? Here is the song called Standby by veorra.,train
dlg-ce09a34d-0e22-4620-a8d4-e6229861fd72,dlg-ce09a34d-0e22-4620-a8d4-e6229861fd72_8_11,This is pretty good. You can send me the other one.,Here is another song called Strangers by the artist Veorra.,train
dlg-ce09a34d-0e22-4620-a8d4-e6229861fd72,dlg-ce09a34d-0e22-4620-a8d4-e6229861fd72_12_18,This band is pretty good. Can you send me a band that sounds like G Jones now?,Have you heard about fybe: one? Here is the song called Irenidae by fybe: one.,train
dlg-ce09a34d-0e22-4620-a8d4-e6229861fd72,dlg-ce09a34d-0e22-4620-a8d4-e6229861fd72_19_21,This is really cool. Can you send me another song by them?,Here is another one called Love Me by fybe:one.,train
dlg-ce796c8d-80bf-4e07-ad97-10d313660da3,dlg-ce796c8d-80bf-4e07-ad97-10d313660da3_0_10,I'd like to hear some music from Linkin Park. Show me newer music by this band.,"Here's a brand new song called One More Light. Here's one of my favorite, Crawling. Here's one from Meteora.",train
dlg-ced4aaa3-f700-425b-b4ca-65033329ecb1,dlg-ced4aaa3-f700-425b-b4ca-65033329ecb1_1_13,"Hi, I'm looking for a suggestion on music, something from Waka Flocka Flame.","Waka Flocka Flame - Grove St. Party feat. Kebo Gotti. Waka Flocka Flame - ""No Hands"" ft. Wale & Roscoe Dash. Gucci Mane & Nicki Minaj - Make Love.",train
dlg-cf99617d-dbfb-4c19-91eb-9142ac097b50,dlg-cf99617d-dbfb-4c19-91eb-9142ac097b50_0_4,"Hi, I'm looking for something by Dax Riggs.",I got Heartbreak Hotel by Dax Riggs for you.,train
dlg-cf99617d-dbfb-4c19-91eb-9142ac097b50,dlg-cf99617d-dbfb-4c19-91eb-9142ac097b50_6_11,"That is a good song. But maybe I could get Sleeping With the Witch from the same album? I don't get the video? Such a great song. Great song here, I love the song.",Sounds really good.,train
dlg-cf99617d-dbfb-4c19-91eb-9142ac097b50,dlg-cf99617d-dbfb-4c19-91eb-9142ac097b50_12_15,"Alright, can I get something off the album we sing along with brighter love? Can I get a song from the album with sing along with brighter love?",Playing Terrors of nightlife by Dax Riggs.,train
dlg-cfc67845-fd0b-4994-9964-5d1af0b8e5e2,dlg-cfc67845-fd0b-4994-9964-5d1af0b8e5e2_1_3,Hi. Can I listen to music by Ariana Grande?,Ariana Grande Side To Side ft. Nicki Minaj.,train
dlg-cfc67845-fd0b-4994-9964-5d1af0b8e5e2,dlg-cfc67845-fd0b-4994-9964-5d1af0b8e5e2_4_6,Can you play one of her songs that's a little clearer or like more appropriate for younger people?,Ariana Grande's song Somewhere Over the Rainbow.,train
dlg-cfc67845-fd0b-4994-9964-5d1af0b8e5e2,dlg-cfc67845-fd0b-4994-9964-5d1af0b8e5e2_7_8,Can we play one of her original songs?,Ariana Grande's song Baby I.,train
dlg-d01679f3-72f8-4f94-a61d-393cdd7497f5,dlg-d01679f3-72f8-4f94-a61d-393cdd7497f5_2_3,"Hello, I would like to hear some music by Peter Frampton.",Here is the song called Baby I Love Your Way by Peter Frampton.,validation
dlg-d01679f3-72f8-4f94-a61d-393cdd7497f5,dlg-d01679f3-72f8-4f94-a61d-393cdd7497f5_6_9,"Can I hear a song by Eric Clapton, how about Wonderful Tonight by Eric Clapton?",Here is the song Wonderful Tonight by Eric Clapton.,validation
dlg-d01679f3-72f8-4f94-a61d-393cdd7497f5,dlg-d01679f3-72f8-4f94-a61d-393cdd7497f5_10_11,"I got to put one in for my cousin, it's her birthday today, can I listen to Eric Clapton - Layla?",Here is Layla by Eric Clapton for your cousin.,validation
dlg-d02de712-0972-4b24-9ff3-40a63938bed3,dlg-d02de712-0972-4b24-9ff3-40a63938bed3_1_4,Play something by La Lupe.,Here is the song called Que Te Pedi by la lupe. How about Si Vuelves Tu?,train
dlg-d02de712-0972-4b24-9ff3-40a63938bed3,dlg-d02de712-0972-4b24-9ff3-40a63938bed3_8_11,Yeah. It's just like I remember it. What a good song. I really love the album. I came out on. Could I hear something like more of beat from her?,Here is the song called No me importa by La lupe.,train
dlg-d06bc67a-6dc2-4d2e-afae-679f02d4ee13,dlg-d06bc67a-6dc2-4d2e-afae-679f02d4ee13_2_5,Hi. Can you play a song by Johnny Cash?,Here is Hurt by Johnny Cash.,train
dlg-d06bc67a-6dc2-4d2e-afae-679f02d4ee13,dlg-d06bc67a-6dc2-4d2e-afae-679f02d4ee13_6_13,Do you think he could play a cover of this song?,Here is Hurt by Johnny Cash's performance by Holly Henry. Here is Hurt by Johnny Cash performed by RUNAGROUND.,train
dlg-d091101a-9f2e-487a-a078-1ad85ab6c430,dlg-d091101a-9f2e-487a-a078-1ad85ab6c430_1_9,Yes. I would like to hear a recording from Stevie Wonder.,Ribbon In The Sky by Stevie Wonder. Ribbon in the Sky by Boyz II Men. Ribbon In The Sky ( instrumental).,train
dlg-d0c096f7-d112-4c16-95c1-79fe121df638,dlg-d0c096f7-d112-4c16-95c1-79fe121df638_1_2,Hi. Today I need your help finding music to listen to. I have a song in mind and a couple of others by the band Oasis. I'm looking for the song All Around the World by Oasis.,"Okay, Here's the song All Around the World by Oasis.",train
dlg-d10d8be5-24f4-4879-860f-22b0c1f29ee0,dlg-d10d8be5-24f4-4879-860f-22b0c1f29ee0_0_3,I'd like to hear something by Eminem.,Here is the song by Eminem.,validation
dlg-d10d8be5-24f4-4879-860f-22b0c1f29ee0,dlg-d10d8be5-24f4-4879-860f-22b0c1f29ee0_4_11,"That's song didn't work. Can you try another one? That one didn't work either. That's song is not working. That's not working, Can you play something by Tupac?",Looking that up for you and here is the song by Tupac.,validation
dlg-d10d8be5-24f4-4879-860f-22b0c1f29ee0,dlg-d10d8be5-24f4-4879-860f-22b0c1f29ee0_12_13,That song is pretty good. But can we try something a little earlier on? Did you hear my request?,Changes by Tupac.,validation
dlg-d10d8be5-24f4-4879-860f-22b0c1f29ee0,dlg-d10d8be5-24f4-4879-860f-22b0c1f29ee0_14_17,That didn't work. Something early in his career. That didn't work either. Maybe something that just sounds like it.,2Pac - Point Tha Finga.,validation
dlg-d10d8be5-24f4-4879-860f-22b0c1f29ee0,dlg-d10d8be5-24f4-4879-860f-22b0c1f29ee0_18_21,"No, That's not working either, That's not working either, try something by Biggie.",Dead wrong by Biggie Smalls.,validation
dlg-d10d8be5-24f4-4879-860f-22b0c1f29ee0,dlg-d10d8be5-24f4-4879-860f-22b0c1f29ee0_22_23,How about something else by Biggie? But that song is real good.,Biggie Smalls- Juicy.,validation
dlg-d1334139-50ef-43a6-b1e1-19dd1b33695e,dlg-d1334139-50ef-43a6-b1e1-19dd1b33695e_0_2,I want to listen to some pop music.,Here is Thinking Out Loud by Ed Sheeran.,train
dlg-d1334139-50ef-43a6-b1e1-19dd1b33695e,dlg-d1334139-50ef-43a6-b1e1-19dd1b33695e_3_5,"Oh yeah, I like that song but let's listen to some more of beat pop music.",Here is the song Just The Way You Are by Bruno Mars.,train
dlg-d1334139-50ef-43a6-b1e1-19dd1b33695e,dlg-d1334139-50ef-43a6-b1e1-19dd1b33695e_6_7,"That's a perfect song, But could you play me maybe something that's female driven pop music?",Here is the song called Girls Just Want To Have Fun by Cyndi Lauper.,train
dlg-d1334139-50ef-43a6-b1e1-19dd1b33695e,dlg-d1334139-50ef-43a6-b1e1-19dd1b33695e_8_10,"Oh yeah, I like that one. But play me something else from her, maybe I like that song Time After Time. Yeah, it's Cyndi Lauper Time After Time. Play that.",Here is the song Time After Time by Cyndi Lauper.,train
dlg-d14f44f6-e91d-4219-85ab-5ea5d0638abd,dlg-d14f44f6-e91d-4219-85ab-5ea5d0638abd_0_17,"Hi Assistant, could you play me something by the Counting Crows? Counting Crows. Counting Crows. Okay. That's a good choice. It's one of my favorite songs. But how about something I'm feeling a little more upbeat. How about Counting Crows, but maybe a more upbeat song? Okay. That's a pretty good choice, too. How about something a little newer? Maybe something off their last album?","Okay, Hold on. How does Counting Crows - Omaha sound? How does Counting Crows - Omaha sound?",train
dlg-d1660e7a-a33d-4408-8497-34f983714120,dlg-d1660e7a-a33d-4408-8497-34f983714120_1_5,"Can you play something from the band Metallica, please?","How about entering Sandman by Metallica? One moment please, here is another song called Here Comes Revenge by Metallica from the latest album.",validation
dlg-d1660e7a-a33d-4408-8497-34f983714120,dlg-d1660e7a-a33d-4408-8497-34f983714120_7_10,"Yeah, I don't want what's playing. Can you play a similar song by a different artist, please?",Here is Here Comes Revenge Cover (Guitars Only) by Metallica.,validation
dlg-d1c0aa2a-4efe-4fb1-bfb2-7b8324e5d4bc,dlg-d1c0aa2a-4efe-4fb1-bfb2-7b8324e5d4bc_2_3,"I'd like to hear a song by Billy Joel, please.",How about the song Piano Man by Billy Joel?,train
dlg-d1c0aa2a-4efe-4fb1-bfb2-7b8324e5d4bc,dlg-d1c0aa2a-4efe-4fb1-bfb2-7b8324e5d4bc_4_5,Sounds good to me.,Here's the song Piano Man by Billy Joel.,train
dlg-d1c0aa2a-4efe-4fb1-bfb2-7b8324e5d4bc,dlg-d1c0aa2a-4efe-4fb1-bfb2-7b8324e5d4bc_8_11,That was pretty good. Can I hear a similar song by the same artist as this one? Can I hear the song Vienna from Billy Joel?,Here is the song Vienna by Billy Joel.,train
dlg-d1c0aa2a-4efe-4fb1-bfb2-7b8324e5d4bc,dlg-d1c0aa2a-4efe-4fb1-bfb2-7b8324e5d4bc_12_19,Great song.,One is Uptown Girl. The River of Dreams.,train
dlg-d1c0aa2a-4efe-4fb1-bfb2-7b8324e5d4bc,dlg-d1c0aa2a-4efe-4fb1-bfb2-7b8324e5d4bc_20_21,Let's go with the River of Dreams.,"The River of Dreams. Okay well, let me play that for you.",train
dlg-d1c3990f-6ade-43d3-88a4-974d364c9bca,dlg-d1c3990f-6ade-43d3-88a4-974d364c9bca_0_2,I'd like to listen to some music by Blink-182.,Just one moment. Here is the song: I Miss You.,validation
dlg-d1c3990f-6ade-43d3-88a4-974d364c9bca,dlg-d1c3990f-6ade-43d3-88a4-974d364c9bca_3_6,"I really like this song, really gets me in the mood. Show me music of a similar genre? I don't really like this song that much! Show me a song, of a similar genre.",Here is the song: All the Small Things.,validation
dlg-d1e167ec-ec35-4c4b-9c55-c481e750605e,dlg-d1e167ec-ec35-4c4b-9c55-c481e750605e_0_6,"Hey Assistant, I'd like to hear some music by Barry Manilow.","Okay, I can help you find artists similar to Barry Manilow. Have you heard of the artist Andy Williams before? Here's the song Moon River by Andy Williams.",train
dlg-d1e167ec-ec35-4c4b-9c55-c481e750605e,dlg-d1e167ec-ec35-4c4b-9c55-c481e750605e_8_11,"Oh, that one is pretty nice. So, could I hear a similar artist or a different artist?","Have you heard of Andre Previn before? Here's the song, This Can't Be Love by Andre Previn.",train
dlg-d1f00721-3763-46d5-ae31-b12260b3e1a9,dlg-d1f00721-3763-46d5-ae31-b12260b3e1a9_0_14,I would like help finding a new music to listen to. Something similar to Blink-182.,"Have you ever heard of Bowling For Soup or Alkaline Trio? Okay, here's a song Girl All The Bad Guys Want by Bowling For Soup. Here's Bowling For Soup High School never ends. Have you ever heard of SR-71? Here is State Route 71 right now. Nearest State Route 71 with tomorrow.",train
dlg-d2083dd0-7e82-4529-bede-cad00e8253b1,dlg-d2083dd0-7e82-4529-bede-cad00e8253b1_1_2,I want to hear the Dirty Heads.,Here is your song. Dirty Heads - That's All I Need.,test
dlg-d2083dd0-7e82-4529-bede-cad00e8253b1,dlg-d2083dd0-7e82-4529-bede-cad00e8253b1_3_12,Play something from Cabin by the Sea. Play Disguise.,"I'm sorry, Did you say disguise? Here is your song. The Dirty Heads-Disguise.",test
dlg-d21e560f-0080-4723-b3ba-e4700a6154b8,dlg-d21e560f-0080-4723-b3ba-e4700a6154b8_1_4,"Hi. I was wondering if you could play me something by the band Parliament. Yes, I was wondering if you could play me something by the band Parliament.",Here's the song Flash light by Parliament.,train
dlg-d21e560f-0080-4723-b3ba-e4700a6154b8,dlg-d21e560f-0080-4723-b3ba-e4700a6154b8_7_9,This one looks to be blocked. Can you try to play another version? This one's blocked.,Here's the song bring the funk by Parliament.,train
dlg-d21e560f-0080-4723-b3ba-e4700a6154b8,dlg-d21e560f-0080-4723-b3ba-e4700a6154b8_10_11,"Man, these guys are black, too. Can I try a different artist? Can I try something by Prince?",Here's the song I Want To Be Your Lover by Prince.,train
dlg-d21e560f-0080-4723-b3ba-e4700a6154b8,dlg-d21e560f-0080-4723-b3ba-e4700a6154b8_13_14,Good choice. I like that song. It's a good one from back in the days. Can you play me something else from the late '70s?,Here's the song lovely day by Bill Withers.,train
dlg-d21e560f-0080-4723-b3ba-e4700a6154b8,dlg-d21e560f-0080-4723-b3ba-e4700a6154b8_15_16,"Oh, that's a good one. I haven't heard that in years. I wonder if he's a one-hit wonder. Can you play me something else that was a hit by Bill Withers?",Here's the song Ain't No Sunshine by Bill Withers.,train
dlg-d23e29fa-0f51-479c-8e5a-5e37a3b20244,dlg-d23e29fa-0f51-479c-8e5a-5e37a3b20244_3_10,How about Brenda Lee?,Have you listened to Jim Reeves? What about Wanda Jackson? Here is Wanda Jackson - Thunder On The Mountain. Go through with this.,train
dlg-d23e29fa-0f51-479c-8e5a-5e37a3b20244,dlg-d23e29fa-0f51-479c-8e5a-5e37a3b20244_13_15,"I've never heard of that one, but it's good.","Yes, sure. Here is Wanda Jackson - Hard Headed Woman. Go through with this.",train
dlg-d2486d8a-acf0-4911-a0aa-8ac80ba81faf,dlg-d2486d8a-acf0-4911-a0aa-8ac80ba81faf_1_4,"Hello, Assistant. I would like to hear some music by the Village People.",Village People - YMCA.,train
dlg-d2486d8a-acf0-4911-a0aa-8ac80ba81faf,dlg-d2486d8a-acf0-4911-a0aa-8ac80ba81faf_7_10,Could I hear another song from the 70's?,Kung Fu Fighting.,train
dlg-d2486d8a-acf0-4911-a0aa-8ac80ba81faf,dlg-d2486d8a-acf0-4911-a0aa-8ac80ba81faf_11_18,"Oh, that's a good one. Excellent. Hey assistant, can I hear like a disco song from the '70s?",Chic - Le Freak.,train
dlg-d2537ff0-bcda-4af7-8f95-14d1d0ad0f9b,dlg-d2537ff0-bcda-4af7-8f95-14d1d0ad0f9b_0_3,"Hello, I'd like to hear something by Bruno Mars.","Here is Bruno Mars, 24K Magic.",train
dlg-d2537ff0-bcda-4af7-8f95-14d1d0ad0f9b,dlg-d2537ff0-bcda-4af7-8f95-14d1d0ad0f9b_4_6,"Wow, this song has a T-Pain type of feel to it. I think he went out of his way to produce the song, over produce I think. I'd like to hear something by Bruno Mars in his second album.",Here is Bruno Mars With Show Me.,train
dlg-d2537ff0-bcda-4af7-8f95-14d1d0ad0f9b,dlg-d2537ff0-bcda-4af7-8f95-14d1d0ad0f9b_7_8,"Bruno Mars is such a lyrical genius. He has so many good lyrics in all of his songs, I would like to hear something by him from his first album.","Here is Bruno Mars, In Our First Time.",train
dlg-d25a5a4f-a790-48f2-8dd8-466afc85564f,dlg-d25a5a4f-a790-48f2-8dd8-466afc85564f_1_9,"I need help in looking for new music to listen to, please. Rap music, something related to maybe Tory Lanez. Do you have any suggesting new artists that's related to Joyner Lucas?",Here is Red Coupe by Skeme.,test
dlg-d2623eea-7d7b-4d96-8fcd-6669a837e998,dlg-d2623eea-7d7b-4d96-8fcd-6669a837e998_2_6,Could you play me song by Dixie Chicks?,Here is the song called Goodbye Earl by Dixie Chicks. Here is another song called There's Your Trouble by Dixie chicks.,train
dlg-d2623eea-7d7b-4d96-8fcd-6669a837e998,dlg-d2623eea-7d7b-4d96-8fcd-6669a837e998_7_8,"Okay, Cool. Play me one more song that's kind of upbeat by them.",Here is the song called I Can Love You Better by Dixie Chicks.,train
dlg-d26dc671-8aee-44f4-af56-adb60d067678,dlg-d26dc671-8aee-44f4-af56-adb60d067678_1_5,"Yeah, Could you play me something by Wendy Grant? Maybe something off his first album. Let love rule. Maybe something off his first album. Let Love Rule.","One moment, Here's the song Peace One Day - Lenny Kravitz - Let Love Rule.",train
dlg-d26dc671-8aee-44f4-af56-adb60d067678,dlg-d26dc671-8aee-44f4-af56-adb60d067678_6_10,"Okay, How about something else from a different album, Maybe one of his newer albums?","Here is one of the latest song The Chamber by Lenny Kravitz. One moment, Here is another song called Are You Gonna Go My Way by Lenny Kravitz.",train
dlg-d27f04c2-66ab-408d-92d6-70ffcdb68897,dlg-d27f04c2-66ab-408d-92d6-70ffcdb68897_0_1,Hi assistant. Can you help me find Tambourine Man by Bob Dylan?,Here's Tambourine Man by Bob Dylan.,train
dlg-d27f04c2-66ab-408d-92d6-70ffcdb68897,dlg-d27f04c2-66ab-408d-92d6-70ffcdb68897_2_3,Great! now can you play Like a Rolling Stone by Bob Dylan?,Here is Bob Dylan - Like a Rolling Stone.,train
dlg-d27f04c2-66ab-408d-92d6-70ffcdb68897,dlg-d27f04c2-66ab-408d-92d6-70ffcdb68897_4_5,Great! but instead can you play Hurricane by Bob Dylan?,Here is Hurricane by Bob Dylan.,train
dlg-d286d4c3-39d0-437c-bd34-adbd2b458350,dlg-d286d4c3-39d0-437c-bd34-adbd2b458350_1_2,I'd like to hear some Lion music.,Here is Daddy Yankee performing Limbo.,validation
dlg-d286d4c3-39d0-437c-bd34-adbd2b458350,dlg-d286d4c3-39d0-437c-bd34-adbd2b458350_3_4,Can I hear some light and jazz music?,Here is Tito Puente performing Oya komova.,validation
dlg-d286d4c3-39d0-437c-bd34-adbd2b458350,dlg-d286d4c3-39d0-437c-bd34-adbd2b458350_5_6,Can you change it to lime pop music now?,Here is Shakira performing Hips Don't Lie.,validation
dlg-d286d4c3-39d0-437c-bd34-adbd2b458350,dlg-d286d4c3-39d0-437c-bd34-adbd2b458350_7_12,"Can we hear some Ryan tropical music? Can you play some Ryan tropical music, please?","Here is Bella E sensual performing Romeo Santos. I would have to agree, it's one of my favorites as well.",validation
dlg-d2921192-d08b-46f6-9e16-707d5201e318,dlg-d2921192-d08b-46f6-9e16-707d5201e318_1_2,Play something by The Waves.,Here is your song Bütter by The Waves.,train
dlg-d2921192-d08b-46f6-9e16-707d5201e318,dlg-d2921192-d08b-46f6-9e16-707d5201e318_3_4,"I'm not saying I don't like that song, but could you find something else by the Waves?",Here is your song Villagers -by The Waves.,train
dlg-d2921192-d08b-46f6-9e16-707d5201e318,dlg-d2921192-d08b-46f6-9e16-707d5201e318_5_6,"No, I don't think I want that either. Can you find someone similar musically to the waves?","Here is your song, Horse With No Name by Dunkey.",train
dlg-d29b7aee-62ab-4556-951c-087ffb976890,dlg-d29b7aee-62ab-4556-951c-087ffb976890_1_2,Hi. Can I hear a song by the band Missing Persons?,Here's Destination Unknown by Missing Persons.,train
dlg-d29b7aee-62ab-4556-951c-087ffb976890,dlg-d29b7aee-62ab-4556-951c-087ffb976890_3_4,That was interesting. Can I listen to their song called Words?,Here's Words by Missing Persons.,train
dlg-d29b7aee-62ab-4556-951c-087ffb976890,dlg-d29b7aee-62ab-4556-951c-087ffb976890_5_7,That was interesting. Can I hear Walking in L.A. by Missing Persons?,Here's Walking in L.A. by Missing Persons.,train
dlg-d2a739c9-5ce3-4aa8-9201-bc3b78a6cef1,dlg-d2a739c9-5ce3-4aa8-9201-bc3b78a6cef1_1_4,"Hi, can you play some Taylor Swift?",Here is blank by Taylor Swift.,train
dlg-d2a739c9-5ce3-4aa8-9201-bc3b78a6cef1,dlg-d2a739c9-5ce3-4aa8-9201-bc3b78a6cef1_5_9,Can you play one of her older songs?,Here is a Style by Taylor Swift.,train
dlg-d2a739c9-5ce3-4aa8-9201-bc3b78a6cef1,dlg-d2a739c9-5ce3-4aa8-9201-bc3b78a6cef1_10_16,Do you think you could play Mean by Taylor Swift? Mean.,Here is Mean by Taylor Swift.,train
dlg-d307460d-50fb-4010-bd2d-2c8a25f1add6,dlg-d307460d-50fb-4010-bd2d-2c8a25f1add6_0_1,Hi. Could you help me find some music by Mumford & Sons?,"I will be more than happy, here is Guiding light.",train
dlg-d30853ed-23d5-4f01-9453-d7f2c21bd2cb,dlg-d30853ed-23d5-4f01-9453-d7f2c21bd2cb_3_11,I was thinking Thursiaz. Thurisaz t h u r i s a z.,Thurisaz - A Glance of Misperception.,train
dlg-d30853ed-23d5-4f01-9453-d7f2c21bd2cb,dlg-d30853ed-23d5-4f01-9453-d7f2c21bd2cb_12_13,It's a great song. How about something a little shorter from them?,"Certainly, Thurisaz - Endless.",train
dlg-d30853ed-23d5-4f01-9453-d7f2c21bd2cb,dlg-d30853ed-23d5-4f01-9453-d7f2c21bd2cb_14_16,"That was a great song. Okay, how about something from one of their newer albums?",Thurisaz - Patterns Of Life.,train
dlg-d33f1137-8933-4755-bf8d-97a706066e4f,dlg-d33f1137-8933-4755-bf8d-97a706066e4f_0_1,Can you help me listen to some new music?,I would love to help you find some new music. Tell me an artist you like and I'll find something similar.,train
dlg-d33f1137-8933-4755-bf8d-97a706066e4f,dlg-d33f1137-8933-4755-bf8d-97a706066e4f_2_7,I like Charlie Puth.,Have you heard of Conrad Sewell before? Here's the song Hold Me Up by Conrad Sewell. Here's another popular song by Conrad Sewell and the song is called Start Again.,train
dlg-d33f1137-8933-4755-bf8d-97a706066e4f,dlg-d33f1137-8933-4755-bf8d-97a706066e4f_8_16,"I don't know, how I feel about his voice. Are there any artists like Charlie Puth that are female?",Have you heard of Meghan Trainor before? Have you heard of Sara Jackson Holman before? Here's the song Freight Train by Sara Jackson Holman. Song begins at 0:50 seconds.,train
dlg-d33f1137-8933-4755-bf8d-97a706066e4f,dlg-d33f1137-8933-4755-bf8d-97a706066e4f_18_21,I really like this one. Is this one of her most recent songs?,It was published on YouTube in 2013. Would you like to hear a recent song? Here's one of her more recent songs it's called Too Late by Sara Jackson Holman.,train
dlg-d3720101-be1f-4341-8ed0-d82cb6e25650,dlg-d3720101-be1f-4341-8ed0-d82cb6e25650_2_4,"Hi, could you play me some coffee shop music coffee house music?","Here are the Alabama Shakes, performing.",validation
dlg-d3720101-be1f-4341-8ed0-d82cb6e25650,dlg-d3720101-be1f-4341-8ed0-d82cb6e25650_6_7,"Okay, can I get something more a bit more jazzy?",Here is Jamie Cullum performing Don't stop the music.,validation
dlg-d3720101-be1f-4341-8ed0-d82cb6e25650,dlg-d3720101-be1f-4341-8ed0-d82cb6e25650_8_9,"Okay, can I get something a bit newer?",Here is John Scofield performing Blue note.,validation
dlg-d3720101-be1f-4341-8ed0-d82cb6e25650,dlg-d3720101-be1f-4341-8ed0-d82cb6e25650_10_13,"Okay, this is pretty cool. Can I get something from the '90s?","Here is Fourplay, performing their self titled track, fourplay. Glad I could help! Enjoy the jazz!",validation
dlg-d382094f-740d-4884-b162-f5765995f790,dlg-d382094f-740d-4884-b162-f5765995f790_0_3,I want to hear some music from Bon Jovi.,"Okay, here is Darling by Bon Jovi.",train
dlg-d382094f-740d-4884-b162-f5765995f790,dlg-d382094f-740d-4884-b162-f5765995f790_4_11,"Darling didn't work. Try a different song, it didn't work. Yeah, play a different song. That song didn't work either can we try out of the summer to Bon Jovi?","Okay, here is The summer Love by Bon Jovi.",train
dlg-d382094f-740d-4884-b162-f5765995f790,dlg-d382094f-740d-4884-b162-f5765995f790_12_13,"This song is great, can we find something else like it?","Okay, here is Wanted Dead or Alive by Bon Jovi.",train
dlg-d382094f-740d-4884-b162-f5765995f790,dlg-d382094f-740d-4884-b162-f5765995f790_14_15,That didn't work.,"Okay, here is Bed Medicine by Bon Jovi.",train
dlg-d382094f-740d-4884-b162-f5765995f790,dlg-d382094f-740d-4884-b162-f5765995f790_16_17,"This isn't my favorite song, can you play something else by Randilum?","Okay, here is Omane by Randilum.",train
dlg-d382094f-740d-4884-b162-f5765995f790,dlg-d382094f-740d-4884-b162-f5765995f790_18_19,That one didn't work.,"Okay, here is The Decade by Randilum.",train
dlg-d3872ad5-c2ee-421f-971c-1abba3944014,dlg-d3872ad5-c2ee-421f-971c-1abba3944014_2_6,"I wonder if you would play me some music, by Joni Mitchell? Joni Mitchell.","Sure, let me find a song by Joni Mitchell. Here is A Case of You - Joni Mitchell.",validation
dlg-d3872ad5-c2ee-421f-971c-1abba3944014,dlg-d3872ad5-c2ee-421f-971c-1abba3944014_8_10,"Okay, it's a great tune, but would you mind playing a different song, by the same artist?","Sure, let me find something else from her. Here is Joni Mitchell - Help Me.",validation
dlg-d3872ad5-c2ee-421f-971c-1abba3944014,dlg-d3872ad5-c2ee-421f-971c-1abba3944014_13_14,"You know, it's a great song, but I don't think that's the mood I'm in right now. Can you try one last tune, the same artist but a different song?",Yes. Here is Big Yellow Taxi - Joni Mitchell.,validation
dlg-d3ced9c1-fa75-46cd-8817-0c9c3c2888a9,dlg-d3ced9c1-fa75-46cd-8817-0c9c3c2888a9_1_4,"Hi, can you put some R&B music for me, please?",Here is Genuine performing My Pony. Here is Genuine - My Pony.,train
dlg-d3ced9c1-fa75-46cd-8817-0c9c3c2888a9,dlg-d3ced9c1-fa75-46cd-8817-0c9c3c2888a9_5_6,"Can you play something more modern R&B song, please?",Here is Earned It performed by The Weekend.,train
dlg-d3ced9c1-fa75-46cd-8817-0c9c3c2888a9,dlg-d3ced9c1-fa75-46cd-8817-0c9c3c2888a9_7_9,"Can you play a more traditional R&B song, please?",Here is Her performing Free.,train
dlg-d3ced9c1-fa75-46cd-8817-0c9c3c2888a9,dlg-d3ced9c1-fa75-46cd-8817-0c9c3c2888a9_10_14,Can you play R&B song with that's made by a group?,"Still in the modern genre? Unfortunately, I can't find any of modern groups in the R&B genre within this year. Here is Jodeci - Freakin You.",train
dlg-d4107666-7e43-4a37-9bb1-a5d928ce0ead,dlg-d4107666-7e43-4a37-9bb1-a5d928ce0ead_1_2,"Hi, can you play me a song by Ed Sheeran?",Okay. Shape of You by Ed Sheeran.,validation
dlg-d4107666-7e43-4a37-9bb1-a5d928ce0ead,dlg-d4107666-7e43-4a37-9bb1-a5d928ce0ead_3_4,"I feel like I've just heard this song way too many times. Can you play one of his lesser well, one of his older songs, I guess?",Okay. I'm Glad I'm Not You by Ed Sheeran.,validation
dlg-d4107666-7e43-4a37-9bb1-a5d928ce0ead,dlg-d4107666-7e43-4a37-9bb1-a5d928ce0ead_5_6,"This one's a little slow, can you find a faster song by him?",Okay. Don't/Loyal/No Diggity/The Next Episode/Nina by Ed Sheeran.,validation
dlg-d4373c51-d671-4285-9197-bb0d7e58451f,dlg-d4373c51-d671-4285-9197-bb0d7e58451f_2_5,I'd like to hear some music by Taylor Swift.,How about dizzy by Taylor Swift?,test
dlg-d4373c51-d671-4285-9197-bb0d7e58451f,dlg-d4373c51-d671-4285-9197-bb0d7e58451f_7_9,Same song by a different artist.,Here is another version by Tommy Roe.,test
dlg-d4373c51-d671-4285-9197-bb0d7e58451f,dlg-d4373c51-d671-4285-9197-bb0d7e58451f_10_13,I don't really like the song too much. Same song by a different artist.,How about same song by Title Fight?,test
dlg-d47b859a-d137-44c6-a4c7-3b9a0a15b33a,dlg-d47b859a-d137-44c6-a4c7-3b9a0a15b33a_1_3,"Hi, I'd like to hear some music by Adele.","Yes, here is your song One and Only by Adele.",train
dlg-d47b859a-d137-44c6-a4c7-3b9a0a15b33a,dlg-d47b859a-d137-44c6-a4c7-3b9a0a15b33a_4_8,"Very nice choice, could I hear a similar artist?",Here is your song Near To You by A Fine Frenzy. Here is your song Almost Lover by A Fine Frenzy.,train
dlg-d48b8e0b-3c09-4ace-afd2-25eae064be81,dlg-d48b8e0b-3c09-4ace-afd2-25eae064be81_1_4,"Hi, Today I need help finding music to listen to. I'm looking for a song, By a person named Bones. It's called Tempo.",Let me find Tempo by Bones. Here is Bones - Tempo.,train
dlg-d48b8e0b-3c09-4ace-afd2-25eae064be81,dlg-d48b8e0b-3c09-4ace-afd2-25eae064be81_7_11,"I try to, Thank you. I'm glad that you could find the song, Cuz a lot have been blocked. And, This rapper has a lot of like, Darker sounds in his music. More, Ambient sounds, Too. I'll like to hear another song by Bones, It's called Soil.","Sure, Let me find soil by Bones. Here is Bones - Soil.",train
dlg-d48b8e0b-3c09-4ace-afd2-25eae064be81,dlg-d48b8e0b-3c09-4ace-afd2-25eae064be81_14_19,"Thank you. Awesome, Now I'd like to hear one more song by Bones. It's called rest in peace thank you. If you can find that, That'd be great!",Let me find rest in piece by Bones. Here is Bones - RIP.,train
dlg-d4a72769-a568-432e-81d9-c123a0d84699,dlg-d4a72769-a568-432e-81d9-c123a0d84699_2_3,I would like to listen to a song by Bruce Springsteen.,Here is the boss performing born in the USA.,test
dlg-d4a72769-a568-432e-81d9-c123a0d84699,dlg-d4a72769-a568-432e-81d9-c123a0d84699_5_6,Could you please play another song by Bruce Springsteen? One that is less political in nature.,How about Dancing in the Dark by Bruce Springsteen?,test
dlg-d4a72769-a568-432e-81d9-c123a0d84699,dlg-d4a72769-a568-432e-81d9-c123a0d84699_9_13,"I really appreciate how Bruce Springsteen is able to tell a sad story while using a very high tempoed rhythm. Could you play a different track by Bruce Springsteen, one that has a much slower tempo?",Here is I'm On Fire by Bruce Springsteen.,test
dlg-d4a72769-a568-432e-81d9-c123a0d84699,dlg-d4a72769-a568-432e-81d9-c123a0d84699_15_16,I can appreciate how Bruce Springsteen expands his ability to tell his story through the use of more interesting instruments unlike things that he's done before.,His musical capabilities are amazing!,test
dlg-d4e20683-ba68-429b-8e22-a7f8e3b15efe,dlg-d4e20683-ba68-429b-8e22-a7f8e3b15efe_0_1,"Hi Assistant, Can you help me find some new good music?",Sure. I can help you find some new music. Tell me an artist you like and I'll find someone similar.,test
dlg-d4e20683-ba68-429b-8e22-a7f8e3b15efe,dlg-d4e20683-ba68-429b-8e22-a7f8e3b15efe_2_7,Bob Dylan.,Have you heard of the Traveling Wilburys before? Here's a song by The Traveling Wilburys called end of the line. Here's Handle With Care by the Traveling Wilburys.,test
dlg-d4e20683-ba68-429b-8e22-a7f8e3b15efe,dlg-d4e20683-ba68-429b-8e22-a7f8e3b15efe_8_9,That one is blocked. Let's try to avoid anything by Vevo or I think it's UMG. They get blocked a lot or every time.,Here's the song Last Night by The Traveling Wilburys.,test
dlg-d4e20683-ba68-429b-8e22-a7f8e3b15efe,dlg-d4e20683-ba68-429b-8e22-a7f8e3b15efe_10_11,"Alright, Now can you play Other authors are like is Mumford & Sons.",Have you heard of Bon Iver before?,test
dlg-d4e20683-ba68-429b-8e22-a7f8e3b15efe,dlg-d4e20683-ba68-429b-8e22-a7f8e3b15efe_12_17,"Bon Iver, yes, I have. He's all right.",How about Young the Giant? Here's the song My Body by Young the Giant. Here is cough syrup by Young the Giant. Would you like to hear anything else?,test
dlg-d4f35995-1a5a-4970-8c23-c81c59de4a93,dlg-d4f35995-1a5a-4970-8c23-c81c59de4a93_3_6,Can you play some songs for me? I like George Strait.,"Okay, let me see who I can find based on George Strait. Have you heard of the artist Rodney Atkins or Jamie Johnson? Sure thing. Here is Farmer's Daughter by Rodney Atkins. What do you think?",train
dlg-d4f35995-1a5a-4970-8c23-c81c59de4a93,dlg-d4f35995-1a5a-4970-8c23-c81c59de4a93_8_9,Freddy Gardner different artist.,Let me check. Just a moment. Here is that lonesome song by Jamey Johnson. What do you think of that one?,train
dlg-d4f4d85b-bc21-4ef6-acb8-7bfe0c8e3e06,dlg-d4f4d85b-bc21-4ef6-acb8-7bfe0c8e3e06_3_5,I would like to listen some music from Apocalypse Orchestra.,Here is Apocalypse Orchestra - Garden of Earthly Delights by Szabi Kalmar.,train
dlg-d4f4d85b-bc21-4ef6-acb8-7bfe0c8e3e06,dlg-d4f4d85b-bc21-4ef6-acb8-7bfe0c8e3e06_6_9,It was an awesome song. I loved it.,"Yes, sure. Here is Apocalypse Orchestra - Exhale by Szabi Kalmar.",train
dlg-d4f4d85b-bc21-4ef6-acb8-7bfe0c8e3e06,dlg-d4f4d85b-bc21-4ef6-acb8-7bfe0c8e3e06_10_12,I know this great song. Can I hear something of their latest album?,"Yes, sure. Here is Apocalypse Orchestra - Flagellants' Song by Despotz Records.",train
dlg-d53b9ac0-c2b2-43f5-a8a9-e489d8114563,dlg-d53b9ac0-c2b2-43f5-a8a9-e489d8114563_2_9,Can you play something of Paris Motley?,Here is Motley Crue Shout at the Devil. Here is Motley Crue Helter Skelter.,train
dlg-d5940efc-b881-4fb3-9ae9-6450b0c13744,dlg-d5940efc-b881-4fb3-9ae9-6450b0c13744_3_8,"Yeah, can you play something by Athlete?",The Athlete got it. I have found the song called Black Swan Song by Athlete.,validation
dlg-d5940efc-b881-4fb3-9ae9-6450b0c13744,dlg-d5940efc-b881-4fb3-9ae9-6450b0c13744_12_15,"Can you play something like newer from their Discography? I mean, it's a good song but I'd like to hear something newer.",Here is the song called Chances by Athlete.,validation
dlg-d5940efc-b881-4fb3-9ae9-6450b0c13744,dlg-d5940efc-b881-4fb3-9ae9-6450b0c13744_16_17,I mean that's a little slow. Can you play something more upbeat?,How about the song Wires?,validation
dlg-d5bb963d-ebe8-41b5-8528-4be68c807745,dlg-d5bb963d-ebe8-41b5-8528-4be68c807745_4_7,Okay. I'm looking for a song by Beyond Creation.,"You got it. I will pull that for you, please wait for a moment. Here is the song by Beyond Creation. Here is the song by Beyond Creation.",train
dlg-d5bb963d-ebe8-41b5-8528-4be68c807745,dlg-d5bb963d-ebe8-41b5-8528-4be68c807745_9_11,That's so cool. I'd like to hear something of Earthborn Evolution.,"Okay, wait for a while. Here is the Earthborn Evolution.",train
dlg-d5bb963d-ebe8-41b5-8528-4be68c807745,dlg-d5bb963d-ebe8-41b5-8528-4be68c807745_12_13,"Hmm, I don't like this song. Can I listen to Fundamental Process?",Here is the Fundamental Process.,train
dlg-d5caa60c-5684-4ef0-93a7-cada4efdf86b,dlg-d5caa60c-5684-4ef0-93a7-cada4efdf86b_2_9,"Hello Assistant, I would like to hear new music to listen. B-52's.","Okay, Let me see who I can find based on the B-52's. Hold on a sec. Have you heard of the artist Toni Childs or Ian Gillan? Let me play you something by Toni Childs. Hold on. Tears many rivers to cross by Toni Childs. What do you think?",validation
dlg-d5caa60c-5684-4ef0-93a7-cada4efdf86b,dlg-d5caa60c-5684-4ef0-93a7-cada4efdf86b_10_16,Nice and relaxing.Can I listen to a new artist who is similar to that? Something similar to Green Day.,"Okay, Let's see who I can find based on the band Green Day. Just a moment. Have you heard of the band The Killers or Rise Against? I will play you something by Rise Against. One second. Here is the good left undone by Rise Against. What do you think? Here is the good left undone by Rise Against. What do you think?",validation
dlg-d6067da9-7822-4847-89cc-6d415bad4d4d,dlg-d6067da9-7822-4847-89cc-6d415bad4d4d_1_4,Yeah. Can you play something by Adam Powell?,Do you have any song on mind? Is the artist name Adam Powell? Here is the song Whole by Chime & Adam Powell.,test
dlg-d6067da9-7822-4847-89cc-6d415bad4d4d,dlg-d6067da9-7822-4847-89cc-6d415bad4d4d_5_6,"I like that song, but can you play the non remix version?",Here is the non remix version of the song Whole.,test
dlg-d6067da9-7822-4847-89cc-6d415bad4d4d,dlg-d6067da9-7822-4847-89cc-6d415bad4d4d_7_10,I like that song. Is there any other songs by Adam Powell and Chime? Okay. How about something else just from Adam Powell?,Here is the song called Roll The Tape by the artist Adam Powell.,test
dlg-d63207fe-3a7d-4452-afe0-6c7a3c75786b,dlg-d63207fe-3a7d-4452-afe0-6c7a3c75786b_3_7,Can I hear about The Beatles? Play Revolution. This is a great track.,I agree with you the Beatles are legends.,train
dlg-d687cdc1-6bc0-4ff7-8b86-7d25c8453233,dlg-d687cdc1-6bc0-4ff7-8b86-7d25c8453233_0_3,"Hi, I need help finding new music to listen. Currently, it's Jay-Z.",Have you ever heard of Young Jeezy or Kodak Black?,train
dlg-d687cdc1-6bc0-4ff7-8b86-7d25c8453233,dlg-d687cdc1-6bc0-4ff7-8b86-7d25c8453233_4_7,I have not heard of Kodak Black.,Here is Kodak Black. Would you like to hear another song by different artists?,train
dlg-d687cdc1-6bc0-4ff7-8b86-7d25c8453233,dlg-d687cdc1-6bc0-4ff7-8b86-7d25c8453233_8_11,"Yes, play another song by different artist, please.","Have you ever heard of S.O? Okay, let me play you the song All Day by S.O.",train
dlg-d6e36d76-acc9-433e-823c-dfea2cd96784,dlg-d6e36d76-acc9-433e-823c-dfea2cd96784_0_5,"Hello Assistant. I'd like to hear some music similar to Michael Bublé. Something new, please.",What about Bruno Mars? Here's Bruno Mars - That's What I Like.,train
dlg-d6e36d76-acc9-433e-823c-dfea2cd96784,dlg-d6e36d76-acc9-433e-823c-dfea2cd96784_7_17,Could I hear another artist similar to Michael Bublé?,What about Chuck Berry? The originator. Here's Chuck Berry - You Never Can Tell.,train
dlg-d6e36d76-acc9-433e-823c-dfea2cd96784,dlg-d6e36d76-acc9-433e-823c-dfea2cd96784_19_25,"One moment. I have to play it in a different screen because it's not playing. Assistant, I also like Cyndi Lauper. Could I hear some music similar to Cyndi Lauper?",What about Kim Wilde? Here's Kim Wilde - Kids in America (1981).,train
dlg-d6e36d76-acc9-433e-823c-dfea2cd96784,dlg-d6e36d76-acc9-433e-823c-dfea2cd96784_27_28,Very nice song. Could I hear one more song similar to Cyndi Lauper?,Here's Kim Wilde - Cambodia (1981).,train
dlg-d70e1d42-05bd-4d93-b9ad-71dac6c658e6,dlg-d70e1d42-05bd-4d93-b9ad-71dac6c658e6_0_2,I would like help finding new music to listen to.,Okay champagne who is one of your favorite artists.,validation
dlg-d70e1d42-05bd-4d93-b9ad-71dac6c658e6,dlg-d70e1d42-05bd-4d93-b9ad-71dac6c658e6_3_7,Linkin Park.,Okay sure thing Linkin Park. Okay sure thing Linkin Park. Let me see what I can find you that's something close that you haven't heard yet. Have you ever heard of the Band Fall Out Boy or boys night out.,validation
dlg-d70e1d42-05bd-4d93-b9ad-71dac6c658e6,dlg-d70e1d42-05bd-4d93-b9ad-71dac6c658e6_8_13,I've never heard of Boys' Night Out.,"Okay sure thing let me play a song by them called composing. Here is boys night out with composing. Here is boys night out with composing. Okay here is boys night out with hold on tightly, let's go lightly.",validation
dlg-d70e1d42-05bd-4d93-b9ad-71dac6c658e6,dlg-d70e1d42-05bd-4d93-b9ad-71dac6c658e6_15_16,This band is good. Show me another band.,I never heard of The Offspring.,validation
dlg-d70e1d42-05bd-4d93-b9ad-71dac6c658e6,dlg-d70e1d42-05bd-4d93-b9ad-71dac6c658e6_17_25,I've heard of Offspring.,Okay. Have you ever heard of Thousand Foot Krutch or Bullet for My Valentine. Okay here is Thousand Foot Krutch with War of Change. Okay. Here is Thousand Foot Krutch be somebody.,validation
dlg-d72d2caa-a7d5-45e1-9834-9af62d41e7fa,dlg-d72d2caa-a7d5-45e1-9834-9af62d41e7fa_2_20,"Yeah, I like to find the latest songs by Pitbull. Yeah, I like the Pitbull.","Ok, Pitbull, let's see what else I can find that you may not be familiar with. Have you heard of the artist named Weezy? Ok, let me play you something by Pitbull and see if you like it. Have you heard of the group the cool kids? Have you heard the group called the pack?",train
dlg-d72d2caa-a7d5-45e1-9834-9af62d41e7fa,dlg-d72d2caa-a7d5-45e1-9834-9af62d41e7fa_23_26,This video was whack. Can you show me something from Lorde? This video is blocked too. What about Heck Williams?,Here is the video of Heck Williams.,train
dlg-d72d2caa-a7d5-45e1-9834-9af62d41e7fa,dlg-d72d2caa-a7d5-45e1-9834-9af62d41e7fa_27_28,This video is blocked too. How about Cat Stevens?,Here is the video of Cat Stevens.,train
dlg-d72d2caa-a7d5-45e1-9834-9af62d41e7fa,dlg-d72d2caa-a7d5-45e1-9834-9af62d41e7fa_29_30,This video is blocked. How about Santana?,Here is the video of Santana.,train
dlg-d7545c76-f6e8-402b-8635-bce54b5701b3,dlg-d7545c76-f6e8-402b-8635-bce54b5701b3_1_6,"Hi, today I need some help finding music to listen to. I'm looking for a song by Metallica. It's called One.",Metallica - One.,train
dlg-d7545c76-f6e8-402b-8635-bce54b5701b3,dlg-d7545c76-f6e8-402b-8635-bce54b5701b3_9_10,Love some of their classic stuff. This is pretty good.,"Yes, always good music.",train
dlg-d7545c76-f6e8-402b-8635-bce54b5701b3,dlg-d7545c76-f6e8-402b-8635-bce54b5701b3_11_15,Got some strong messages in this song. It's pretty cool. I like to hear another song by Metallica. I like to hear Sad But True.,Metallica - Sad But True.,train
dlg-d7545c76-f6e8-402b-8635-bce54b5701b3,dlg-d7545c76-f6e8-402b-8635-bce54b5701b3_16_19,Awesome. And I can't believe this is like 30 years ago.,"Yes, that's how you know they are a good artist.",train
dlg-d7545c76-f6e8-402b-8635-bce54b5701b3,dlg-d7545c76-f6e8-402b-8635-bce54b5701b3_20_23,"Yep. Now I'd like to hear a song by Megadeath. It's called Hangar 18 or Hangar 19, I believe.",Megadeth - Hangar 18.,train
dlg-d7b86df9-0761-4070-90b0-be0b91c54ea7,dlg-d7b86df9-0761-4070-90b0-be0b91c54ea7_2_11,Hi. Can you help me find some new music to listen to? How about J. Cole?,"Alright, J. Cole. Let me find you something that you may not be familiar with. Have you heard about Nipsey Hussle or Mis-teeq? Let me play something by Nipsey Hussle. Here is the song ""Hussle In The House"" by Nipsey Hussle.",train
dlg-d7b86df9-0761-4070-90b0-be0b91c54ea7,dlg-d7b86df9-0761-4070-90b0-be0b91c54ea7_12_14,That's awesome. Can you recommend me a song that sounds like Drake now?,Let me find you artist that sounds similar to Drake. Have you heard about Fetty Wap or ASAP?,train
dlg-d7b86df9-0761-4070-90b0-be0b91c54ea7,dlg-d7b86df9-0761-4070-90b0-be0b91c54ea7_15_19,Haven't heard of this ASAP.,Let me find you something by ASAP. Here is the song by ASAP.,train
dlg-d7d18ab3-ce9c-46da-b063-747d026c35fe,dlg-d7d18ab3-ce9c-46da-b063-747d026c35fe_0_2,"Hi, Can you play me a song by Alyson Stoner?",Hello. Missy Elliott Tribute by Alyson Stoner. Missy Elliott Tribute by Alyson Stoner.,train
dlg-d7d18ab3-ce9c-46da-b063-747d026c35fe,dlg-d7d18ab3-ce9c-46da-b063-747d026c35fe_3_5,I don't prefer this style. Can you find one of the cover songs she's done?,Okay. Pretty Girls by Alyson Stoner. Pretty Girls by Alyson Stoner.,train
dlg-d7d18ab3-ce9c-46da-b063-747d026c35fe,dlg-d7d18ab3-ce9c-46da-b063-747d026c35fe_6_8,"Do you think you could find a song where she is singing with someone else, Like a duet?",Okay. Attention vs. Sorry Not Sorry (Charlie Puth/Demi Lovato MASHUP) by Sam Tsui & Alyson Stoner. Attention vs. Sorry Not Sorry (Charlie Puth/Demi Lovato MASHUP) by Sam Tsui & Alyson Stoner.,train
dlg-d8689bc5-d0ce-43ac-8771-7fc2b16ca249,dlg-d8689bc5-d0ce-43ac-8771-7fc2b16ca249_4_8,"Thanks. That was pretty terrible. I've never heard them that's in live YouTube videos, But never one. That was crazy. That was crazy. Yeah, How about sure I like that is one of my favorite songs, but How about can you do me the same song by a different artist? I don't know if that's possible if anybody has ever covered that, But it'll be great if its there.","Here is ""These Days"" by Shearwater.",train
dlg-d8689bc5-d0ce-43ac-8771-7fc2b16ca249,dlg-d8689bc5-d0ce-43ac-8771-7fc2b16ca249_9_16,"Yeah, That may be a good cover, but I can still hear that's pretty bad recording. How about some new Orion. Maybe something of their last album.","Sure thing, Just a moment. Here is ""Who Berlin""By REM. Here is ""Who Berlin"" By REM. Here is ""UBerlin"" By R.E.M. How about now?",train
dlg-d8882059-4668-49f1-9c12-7bb12ae40b33,dlg-d8882059-4668-49f1-9c12-7bb12ae40b33_0_4,"Hi, I was asking to hear something by Robyn Hitchcock.","Robyn Hitchcock? Here is Robyn Hitchcock,  about what I want to tell you.",train
dlg-d8882059-4668-49f1-9c12-7bb12ae40b33,dlg-d8882059-4668-49f1-9c12-7bb12ae40b33_5_6,"Alright, do you mind switching to a different album by Robyn Hitchcock?","Yeah, sure. Here is Raymond and the wires by Robyn Hitchcock.",train
dlg-d8882059-4668-49f1-9c12-7bb12ae40b33,dlg-d8882059-4668-49f1-9c12-7bb12ae40b33_8_9,It is really cool song. Would you play a similar song but by a different artist?,Here is give me a risen by lbibio Sound Machine.,train
dlg-d8b8aa9a-b18d-47f4-9ca4-934da54a7224,dlg-d8b8aa9a-b18d-47f4-9ca4-934da54a7224_0_7,"Hello, I'd like to hear some music and one of my favorite artists is the Bee Gees. Can you find me something similar to the Bee Gees?","Okay, the Bee Gees. Let's see what else I can find that you may not be familiar with. Have you heard of The Carpenters? Rainy Days And Mondays by the Carpenters.",test
dlg-d8b8aa9a-b18d-47f4-9ca4-934da54a7224,dlg-d8b8aa9a-b18d-47f4-9ca4-934da54a7224_9_19,"Is this the Carpenters? It doesn't sound like the Carpenters but anyhow, I liked it. I also like Belinda Carlisle. Can I hear something similar to Belinda Carlisle?",Have you heard of the group called Plastic Bertrand? Hula Hoop by Plastic Bertrand.,test
dlg-d8c90868-d184-4741-ae92-a0fc3047d7c3,dlg-d8c90868-d184-4741-ae92-a0fc3047d7c3_1_2,Would you find me something by The Cure?,Here is The Cure - Lovesong.,train
dlg-d8c90868-d184-4741-ae92-a0fc3047d7c3,dlg-d8c90868-d184-4741-ae92-a0fc3047d7c3_3_9,"You wouldn't happen to have the same song by a different artist, would you?","Here is Lovesong - David Kaylor. The Cure, correct?",train
dlg-d8c90868-d184-4741-ae92-a0fc3047d7c3,dlg-d8c90868-d184-4741-ae92-a0fc3047d7c3_10_13,"No, same artist to David Kaylor. A different song by David Kaylor.",Here is Star Trek Piano Medley by David Kaylor.,train
dlg-d8c90868-d184-4741-ae92-a0fc3047d7c3,dlg-d8c90868-d184-4741-ae92-a0fc3047d7c3_14_15,"Okay, this is really cool.",David Kaylor is a pianist.,train
dlg-d8cc6dc0-abfe-40db-b87b-2a6df0ac4421,dlg-d8cc6dc0-abfe-40db-b87b-2a6df0ac4421_1_3,Hello. I'd like to hear some music by Linkin Park.,"Here is Linkin Park ""Looking for an Answer"".",train
dlg-d8cc6dc0-abfe-40db-b87b-2a6df0ac4421,dlg-d8cc6dc0-abfe-40db-b87b-2a6df0ac4421_4_5,I like this song. Show me older music by this band.,"Here is the song ""Numb"" performed by Linkin Park.",train
dlg-d8cc6dc0-abfe-40db-b87b-2a6df0ac4421,dlg-d8cc6dc0-abfe-40db-b87b-2a6df0ac4421_6_7,"I like this song, as well. Show me newer music by this band.","Here's the song ""Heavy"" performed by Linkin Park featuring Kiiara.",train
dlg-d8cc6dc0-abfe-40db-b87b-2a6df0ac4421,dlg-d8cc6dc0-abfe-40db-b87b-2a6df0ac4421_8_10,"This is a good song, too. Show me music from a different album by this band.","Here is Lincoln Park performing the song ""Burn It Down.",train
dlg-d8f2b383-b2f9-4981-8902-50ed838fabfa,dlg-d8f2b383-b2f9-4981-8902-50ed838fabfa_2_12,I want to listen to some music by Septicflesh.,"The Ophidian Wheel by Septicflesh. 3rd Testament by Septicflesh. ""Burn"" by Septicflesh. Rock on.",train
dlg-d90ea417-b24c-40ac-a861-11278c1d5d00,dlg-d90ea417-b24c-40ac-a861-11278c1d5d00_1_2,Hi. I'd like to listen to some music by Blink-182.,"Ok, Misery - blink-182.",train
dlg-d90ea417-b24c-40ac-a861-11278c1d5d00,dlg-d90ea417-b24c-40ac-a861-11278c1d5d00_3_6,"Okay, Same song by a different artist.","Ok, Hold on Maroon 5- Misery. Maroon 5 - Harder To Breathe.",train
dlg-d91a83fd-6bdb-4064-8b70-760be2460d66,dlg-d91a83fd-6bdb-4064-8b70-760be2460d66_1_2,"Hello. I would like some help browsing the music of The Beatles, please.",Here is The Beatles: Let It Be.,train
dlg-d91a83fd-6bdb-4064-8b70-760be2460d66,dlg-d91a83fd-6bdb-4064-8b70-760be2460d66_3_4,"That's pretty good, but could you play me something newer, please?","Okay, something more new. Here is The Beatles: I Want To Hold Your Hand.",train
dlg-d91a83fd-6bdb-4064-8b70-760be2460d66,dlg-d91a83fd-6bdb-4064-8b70-760be2460d66_5_7,"Well, that's not bad, but I don't think that's actually newer. It was one of their earliest hits as I do recall, unless it's some remastered version of it or something. Could you play me something newer, please?","Here is The Beatles: Hello, Goodbye.",train
dlg-d9395a12-ec4f-48cc-8906-a4cf04f152e6,dlg-d9395a12-ec4f-48cc-8906-a4cf04f152e6_1_11,"Hello, I want to listen to some music by Deicide. Can you help me with that? I want to listen to some music by Deicide.","Okay, here is your song by Deicide - Your God. Here is your song, Deicide - Serpents Of The Light. Yes, sure. Here is your song by Deicide - Serpents Of The Light Cover.",train
dlg-d98d6a5c-9913-487f-b422-e74182469d68,dlg-d98d6a5c-9913-487f-b422-e74182469d68_0_2,Can you please Play Composer by August Burns Red.,"Okay, Wait for a while. Here is the composer by August Burns Red.",train
dlg-d98d6a5c-9913-487f-b422-e74182469d68,dlg-d98d6a5c-9913-487f-b422-e74182469d68_5_8,Can you play As I Lay Dying? Something off on their early albums.,"Or would you like me to pick? Okay, Sure thing. Here you go, Here is As I Lay Dying forever.",train
dlg-d98d6a5c-9913-487f-b422-e74182469d68,dlg-d98d6a5c-9913-487f-b422-e74182469d68_9_11,That's really good. That's really good. Can you play Wage War Johnny Cash?,"Okay, You got it. Here is wage war Johnny Cash.",train
dlg-d9cb9b53-2011-41a5-90fe-aaf225c17d58,dlg-d9cb9b53-2011-41a5-90fe-aaf225c17d58_0_7,"Hey, I'm a huge fan of Hi-Tek. Can you play something similar to Hi-Tek?","Yes, let me find an artist similar to Hi-Tek. Got it, have you heard of the artist Phat Kat? Here's the song Lovely featuring Melanie Rutherford by Phat Kat.",test
dlg-d9cb9b53-2011-41a5-90fe-aaf225c17d58,dlg-d9cb9b53-2011-41a5-90fe-aaf225c17d58_8_10,"That's a solid beat, Google. Thank you for finding that artist for me. I really appreciate it. Can you find something else by Phat Kat? Like another song by him.",Here's the song Door featuring J Dilla and Black milk by Phat kat.,test
dlg-d9cb9b53-2011-41a5-90fe-aaf225c17d58,dlg-d9cb9b53-2011-41a5-90fe-aaf225c17d58_11_21,"Well, that one is a little more intense. Yeah, I really like that. That's really good. Wow! Yeah, I'll add that to my playlist. I also like Talib Kweli. Can you find his songs too? Do you know Talib Kweli?",Have you heard of the Jacka before? Here's the song Glamorous lifestyle featuring Andre Nickatina by The Jacka.,test
dlg-d9cb9b53-2011-41a5-90fe-aaf225c17d58,dlg-d9cb9b53-2011-41a5-90fe-aaf225c17d58_22_24,"Yeah, that is looking nice. Can you find something else by The Jacka as well?",Here's a very popular song by The Jacka called Gangstarz.,test
dlg-da2d6816-30aa-4c7a-bb22-2a4fa6adc375,dlg-da2d6816-30aa-4c7a-bb22-2a4fa6adc375_1_4,"Hi, I would like to hear music by Ed Sheeran.",Here is Thinking Out Loud by Ed Sheeran.,train
dlg-da2d6816-30aa-4c7a-bb22-2a4fa6adc375,dlg-da2d6816-30aa-4c7a-bb22-2a4fa6adc375_5_9,"Well, these songs remind me of like going on prom and having to deal with girlfriends and all that sort of thing. Can I hear the newest song that Ed Sheeran has out now?",Here is Shape of You by Ed Sheeran.,train
dlg-da2d6816-30aa-4c7a-bb22-2a4fa6adc375,dlg-da2d6816-30aa-4c7a-bb22-2a4fa6adc375_10_13,This song reminds me of going to clubs and enjoying oneself.,Here is the A-Team by Ed Sheeran.,train
dlg-da5226c6-52a6-4d54-9857-db9bdcc822f1,dlg-da5226c6-52a6-4d54-9857-db9bdcc822f1_1_3,I want to listen to some new rap by new artist. I really like Cardi B. Could you play me something similar?,One second. Cardi B- Bodak Yellow. Cardi B- Bodak Yellow.,train
dlg-da5226c6-52a6-4d54-9857-db9bdcc822f1,dlg-da5226c6-52a6-4d54-9857-db9bdcc822f1_5_8,"Yeah, I love Cardi B. Could you play me something else similar to that this time by a guy artist?","Hold on, just a second. Lil Pump- Gucci Gang. Lil Pump- Gucci Gang.",train
dlg-daf53993-8202-4f1f-ba45-e66db167f0a7,dlg-daf53993-8202-4f1f-ba45-e66db167f0a7_4_5,I was thinking Maxwell.,"Here's my favorite song by Maxwell, the song is This Woman's Work.",train
dlg-daf53993-8202-4f1f-ba45-e66db167f0a7,dlg-daf53993-8202-4f1f-ba45-e66db167f0a7_6_8,Thank you. That's also one of my favorite Maxwell songs. Could I hear something from him that's a little more one of his newer ones?,"Here's the song, All The Ways Love Can Feel by Maxwell from his newest album.",train
dlg-daf53993-8202-4f1f-ba45-e66db167f0a7,dlg-daf53993-8202-4f1f-ba45-e66db167f0a7_9_10,"That's great. Okay, I like that one. He has such a great voice. And how about one more from Maxwell? It could be one of his older songs one of his first two albums.",Here's the song Fistful of Tears by Maxwell.,train
dlg-db37cc71-5ed4-4f11-b1fb-70ff41267b60,dlg-db37cc71-5ed4-4f11-b1fb-70ff41267b60_2_7,"Hello, I'd like to hear some new artist some new music that I haven't heard before and I like Madonna. Can I hear something similar to Madonna?","Fans of Madonna, also like Kate Bush. Does this artist sound familiar to you? Here's Kate Bush performing Run Up That Hill.",train
dlg-db37cc71-5ed4-4f11-b1fb-70ff41267b60,dlg-db37cc71-5ed4-4f11-b1fb-70ff41267b60_9_13,"Oh, very interesting song, I've never heard of this. Can I hear another artist similar to Madonna?",Have you heard any music from the artist named Goldfrapp? Here is Goldfrapp performing Number One.,train
dlg-db4c99bf-eb08-4776-892a-e6d6a03e1358,dlg-db4c99bf-eb08-4776-892a-e6d6a03e1358_1_6,"Hi, can you find me One Week by Barenaked Ladies? One Week is the title, Barenaked Ladies is the group in our list.",Barenaked Ladies - One Week. Here is the Barenaked Ladies - One Week.,train
dlg-db4c99bf-eb08-4776-892a-e6d6a03e1358,dlg-db4c99bf-eb08-4776-892a-e6d6a03e1358_7_11,Can you play just something newer?,Barenaked Ladies & The Persuasions - The Old Apartment. Barenaked Ladies & The Persuasions - Odds Are.,train
dlg-dbb62b90-69d4-4c39-af19-136ef0897d68,dlg-dbb62b90-69d4-4c39-af19-136ef0897d68_0_7,Hello. Can you play songs for me by Whitney Houston.,Here's the song I Have Nothing by Whitney Houston. Here's the song I'm Every Woman by Whitney Houston from the album The Bodyguard original sound track.,train
dlg-dbf73941-36fa-4090-b561-e63910ffc981,dlg-dbf73941-36fa-4090-b561-e63910ffc981_2_13,"Yeah, can you play me some by Taylor Swift?",Here is Look What You Made Me Do by Taylor Swift. Here is Teardrops On My Guitar by Taylor Swift. Here is Stronger by Kelly Clarkson.,train
dlg-dc3fa2af-a118-44d4-b1ff-b08d0a6ac911,dlg-dc3fa2af-a118-44d4-b1ff-b08d0a6ac911_1_4,"Hi, I'd like some help discovering new music, please. I like Lady Antebellum.","Okay, here's the Diamond Rio - Meet In The Middle.",train
dlg-dc3fa2af-a118-44d4-b1ff-b08d0a6ac911,dlg-dc3fa2af-a118-44d4-b1ff-b08d0a6ac911_8_9,Do you have anything by Gary Allan?,Here's the Zac Brown Band - Colder Weather.,train
dlg-dc6120be-15a5-4529-bc85-9b309af90a60,dlg-dc6120be-15a5-4529-bc85-9b309af90a60_2_5,I am looking for new music. My Chemical Romance.,Have you heard of mayday parade?,train
dlg-dc6120be-15a5-4529-bc85-9b309af90a60,dlg-dc6120be-15a5-4529-bc85-9b309af90a60_6_10,"Yes, I have. Can you select a new one for me, please?",What about falling in reverse? Atreyu? Here's Atreyu - Ex's and oh's.,train
dlg-dc6120be-15a5-4529-bc85-9b309af90a60,dlg-dc6120be-15a5-4529-bc85-9b309af90a60_12_14,"Can you play a new song, please?",Here's Atreyu - Doomsday.,train
dlg-dc6120be-15a5-4529-bc85-9b309af90a60,dlg-dc6120be-15a5-4529-bc85-9b309af90a60_15_25,"Okay, can I give you a new artist that I like and you suggest new ones? Okay, Can you go with Alestorm?",Have you heard of Swashbuckle? Here's Swashbuckle - Scurvy Back. Here's Swashbuckle - Cruise Ship Terror.,train
dlg-dcbd8e12-d100-4c2e-8d6d-047eeb55fc80,dlg-dcbd8e12-d100-4c2e-8d6d-047eeb55fc80_3_8,Can you play something by Bush?,The Chemicals Between Us by Bush. Golden State by Bush.,train
dlg-dcbd8e12-d100-4c2e-8d6d-047eeb55fc80,dlg-dcbd8e12-d100-4c2e-8d6d-047eeb55fc80_10_14,Yes. That's really cool.,Everything Zen by Bush.,train
dlg-dcc8fc1f-e13c-4025-8de5-3584f2bd5794,dlg-dcc8fc1f-e13c-4025-8de5-3584f2bd5794_1_2,"Hi, Could you play me a new Indie artist?","I think you said an Indie artist, Right?",train
dlg-dcd09c45-0271-49a7-96aa-e3e3e91693d1,dlg-dcd09c45-0271-49a7-96aa-e3e3e91693d1_1_7,"Hi. I would like to listen a latest music, that I've never heard before. Fifth Harmony.",Have you listened to a group R5? It's R5.,train
dlg-dce58872-68dc-4efb-a3cf-b85460f476b4,dlg-dce58872-68dc-4efb-a3cf-b85460f476b4_1_7,"Hi. I need a new artist to listen to, please. Do you have any suggestions and something by Lloyd Banks?",How about Fabolous? J-Kwon.,test
dlg-dce58872-68dc-4efb-a3cf-b85460f476b4,dlg-dce58872-68dc-4efb-a3cf-b85460f476b4_8_15,"I have not heard it from before. Can you play something by J-Kwon, please?",Here's J-Kwon - Tipsy. Obie Trice. Obie Trice. Here's Obie Trice ft. Nate Dogg - The Setup.,test
dlg-dd14a479-9887-4c8a-8c52-c70014b72083,dlg-dd14a479-9887-4c8a-8c52-c70014b72083_1_2,"I'd like some help browsing music from the band Chicago, please.","Sure, Chicago, let me see what I got. Here is Chicago - Hard To Say I'm Sorry. Enjoy the song.",train
dlg-dd14a479-9887-4c8a-8c52-c70014b72083,dlg-dd14a479-9887-4c8a-8c52-c70014b72083_3_6,Thank you. Do you have the same song but by a different artist?,Here I found Gentri Covers - Hard to Say I'm Sorry.,train
dlg-dd14a479-9887-4c8a-8c52-c70014b72083,dlg-dd14a479-9887-4c8a-8c52-c70014b72083_7_10,"No, that's required to get going. Do you have something newer material from the same group?","Sure, let me see if I can find some newer stuff. Here is Chicago - Now.",train
dlg-dd2ae182-c708-40e7-a0f8-9955e4fee539,dlg-dd2ae182-c708-40e7-a0f8-9955e4fee539_0_2,"Hi, can you play some Jazz music?",Here's Miles Davis - The Doo-Bop Song.,validation
dlg-dd2ae182-c708-40e7-a0f8-9955e4fee539,dlg-dd2ae182-c708-40e7-a0f8-9955e4fee539_4_11,"Okay, can we get something newer maybe?",Here's Robert Glasper Experiment - Find You. Robert Glasper is amazing huh. Robert Glasper Experiment + Mos Def - Stakes is High (Live).,validation
dlg-dd2ae182-c708-40e7-a0f8-9955e4fee539,dlg-dd2ae182-c708-40e7-a0f8-9955e4fee539_13_14,"Yeah, this is really good. Can you perhaps send me another Miles Davis song now?","Here's Mos Def, Chris Dave, & Robert Glasper - Thieves in the Night.",validation
dlg-dd4729f7-3d55-4292-be2d-24f94b5bc388,dlg-dd4729f7-3d55-4292-be2d-24f94b5bc388_2_14,"Hello, today I need your help finding music to listen. Right now I have an artist in mind. I'm looking to hear the song Terrapin by Bonobo. The title of the track is called Terrapin.",Here is Terrapin by bonobo.,test
dlg-dd4729f7-3d55-4292-be2d-24f94b5bc388,dlg-dd4729f7-3d55-4292-be2d-24f94b5bc388_16_22,Pretty good song. I'd like to here one more song by Bonobo. The song is called Days to Come.,Here is Days to come by bonobo.,test
dlg-dd69dbb4-33d4-4e22-b953-75ec41741925,dlg-dd69dbb4-33d4-4e22-b953-75ec41741925_5_6,Can you play something slow with a slow tempo by Stack Bundles that's an original song from him?,"Here's ""I loved you"" by Stack Bundles.",train
dlg-dd69dbb4-33d4-4e22-b953-75ec41741925,dlg-dd69dbb4-33d4-4e22-b953-75ec41741925_8_9,Can you play something by Joyner Lucas that's slow tempo?,"Here's ""I'm Sorry"" by Joyner Lucas.",train
dlg-dd845f1c-ce4f-4079-95d8-778b0db197b7,dlg-dd845f1c-ce4f-4079-95d8-778b0db197b7_0_17,Hi. Can you help me to find some new music to listen to? I like Taylor Swift.,"Alright, Taylor Swift. Let's see what else I can find that may not be familiar with. Just a moment. I found Ariana Grande and Lady Gaga have you heard of either one of those two artists? How about Avril Lavigne and Justin Bieber? How about Avril Lavigne and Justin Bieber? Okay let me play you something by Avril Lavigne and see if you like it. Here is my Happy Ending by Avril Lavigne. Here is my Happy Ending by Avril Lavigne. Okay, How about Little Mix? Here is Touch by Little Mix.",train
dlg-dd845f1c-ce4f-4079-95d8-778b0db197b7,dlg-dd845f1c-ce4f-4079-95d8-778b0db197b7_21_25,"Oh, shoot! I just forgot the name of it. Ariana Grande. Ariana Grande.","Okay, let's look for something based on Ariana Grande. Hold on. Here is dangerous Woman by Ariana Grande. Here is dangerous Woman by Ariana Grande.",train
dlg-dd845f1c-ce4f-4079-95d8-778b0db197b7,dlg-dd845f1c-ce4f-4079-95d8-778b0db197b7_26_34,I've heard Ariana Grande before. Could we get a different person?,Have you heard of Vanessa Hudgens? I can do that. Here is Come Back to Me by Vanessa Hudgens. Here is Come Back to Me by Vanessa Hudgens.,train
dlg-dd9ea60a-469d-4afb-a911-ca68852f19cf,dlg-dd9ea60a-469d-4afb-a911-ca68852f19cf_1_4,"Hi, Could you play a song by Little Mix? Little Mix.",How about the song DNA by Little Mix.,train
dlg-dd9ea60a-469d-4afb-a911-ca68852f19cf,dlg-dd9ea60a-469d-4afb-a911-ca68852f19cf_7_8,"Okay. Actually, change it. Play one song from their newest album.",One moment here's the song called Shout Out to My Ex by little mix from their latest album.,train
dlg-dd9f86b5-8ff2-4899-a89a-ee2aabefe418,dlg-dd9f86b5-8ff2-4899-a89a-ee2aabefe418_1_8,Can you play me a song by Moore? And I think she is Dayna's singer. I think her full name is Karen Marie Alston if that helps.,"I believe this is the artist you're looking for, here is Moe performing Final Song. Here is Walk This Way performed by Moe.",train
dlg-dd9f86b5-8ff2-4899-a89a-ee2aabefe418,dlg-dd9f86b5-8ff2-4899-a89a-ee2aabefe418_9_10,What's her most recent song? I don't know if I'm playing this one.,"Her newest single is, When I was Young.",train
dlg-ddb0a89e-206e-4f03-9c5e-4b719ffd27ad,dlg-ddb0a89e-206e-4f03-9c5e-4b719ffd27ad_1_2,"Hi, I want to listen to a song by Fifth Harmony.",Here is Miss Moving On by Fifth Harmony.,train
dlg-ddb0a89e-206e-4f03-9c5e-4b719ffd27ad,dlg-ddb0a89e-206e-4f03-9c5e-4b719ffd27ad_3_4,"Oh yeah, I love that song. But could you play something from their recent album, maybe, a song called You Like That?",Here is You Like That by Fifth Harmony.,train
dlg-ddb0a89e-206e-4f03-9c5e-4b719ffd27ad,dlg-ddb0a89e-206e-4f03-9c5e-4b719ffd27ad_5_7,"Oh yeah, I like this song, too. That's like one of my favorite songs. So, keep playing me songs from this album and then we should be done for today. Oh, you know what? Play me something from their Reflection album.",Here is Like Mariah by Fifth Harmony.,train
dlg-ddb551ea-bf59-46b4-96c4-ad495ffb49d0,dlg-ddb551ea-bf59-46b4-96c4-ad495ffb49d0_1_2,Yeah. Could you play me some Guns N' Roses? Something off of Use Your Illusion I?,Guns N' Roses - November Rain.,train
dlg-ddb551ea-bf59-46b4-96c4-ad495ffb49d0,dlg-ddb551ea-bf59-46b4-96c4-ad495ffb49d0_4_5,Okay. How about a similar sounding sort of song by a different artist?,Metallica - Nothing Else Matters.,train
dlg-ddb551ea-bf59-46b4-96c4-ad495ffb49d0,dlg-ddb551ea-bf59-46b4-96c4-ad495ffb49d0_6_7,"Yeah. I'm not really feeling the Metallica. How about same type of song, but pick me a new one a new group.",The Cranberries - Zombie.,train
dlg-de12070f-038f-41fb-a700-c6a59b58f0b5,dlg-de12070f-038f-41fb-a700-c6a59b58f0b5_3_10,Champagne Coast. I like this song. Can you change the song?,Some Sunshine rap music? You don't like rap?,train
dlg-de12070f-038f-41fb-a700-c6a59b58f0b5,dlg-de12070f-038f-41fb-a700-c6a59b58f0b5_11_16,I don't. Can you put on Elafonissi by Gum? The band is Gum.,Is Gum spelled G-u-m?,train
dlg-de2e614e-9a41-4005-9065-362ae81f75ee,dlg-de2e614e-9a41-4005-9065-362ae81f75ee_0_5,Can you play an artist similar to Katy Perry? I'm looking for new music. Can you play an artist similar to Katy Perry?,Hold. Just one moment. Demi Lovato- Sorry Not Sorry. Demi Lovato- Ruin The Friendship.,train
dlg-de2e614e-9a41-4005-9065-362ae81f75ee,dlg-de2e614e-9a41-4005-9065-362ae81f75ee_6_7,"Okay, can you play a different artist that is similar to Katy Perry?",Yes. Hold one sec. Ellie Goulding- Still Falling for You.,train
dlg-de2e614e-9a41-4005-9065-362ae81f75ee,dlg-de2e614e-9a41-4005-9065-362ae81f75ee_8_9,"Okay, can you play a different song Miley Cyrus?","Yes, Ellie Goulding- On My Mind.",train
dlg-dec7a54c-4712-4c8b-87d9-a07ee0e2cdd9,dlg-dec7a54c-4712-4c8b-87d9-a07ee0e2cdd9_1_2,Hello. I would like to hear a song by Bruno Mars.,"How about the song ""Uptown Funk"" featuring Bruno Mars.",train
dlg-dec7a54c-4712-4c8b-87d9-a07ee0e2cdd9,dlg-dec7a54c-4712-4c8b-87d9-a07ee0e2cdd9_3_4,"Wow, I can recall times when I used to listen to this song at a party and my friends would be dancing to this song so much. Change it to earlier music by the same artist.","Here is the song ""Just The Way You Are"" by Bruno Mars.",train
dlg-dec7a54c-4712-4c8b-87d9-a07ee0e2cdd9,dlg-dec7a54c-4712-4c8b-87d9-a07ee0e2cdd9_5_6,"Wow. The opening of the song reminds me of a Michael Jackson song. It's so well produced. I like it. Now, can you change it to a similar song by a different artist?","Here is the similar song called ""Beautiful Girls"" by Sean Kingston.",train
dlg-df083734-8bbd-4b40-bbbb-6b2556bdf3b3,dlg-df083734-8bbd-4b40-bbbb-6b2556bdf3b3_10_16,"I'm looking for something by Rick Astley. There's this really fun song I think it's I'm never going to get you down or something like that. I don't know, but anyway. Let's see. Something by The Sundays.","Okay, what about Here's Where The Story Ends?",train
dlg-df083734-8bbd-4b40-bbbb-6b2556bdf3b3,dlg-df083734-8bbd-4b40-bbbb-6b2556bdf3b3_17_27,"Yeah, that's one of my favorites. I see why on my screen I see that the video has content from Vevo with his locked it and display on this website. So, that's not her fault that's YouTube so maybe we should pick a different artist. How about something by Duran Duran?",Here is the song by Duran Duran.,train
dlg-df083734-8bbd-4b40-bbbb-6b2556bdf3b3,dlg-df083734-8bbd-4b40-bbbb-6b2556bdf3b3_28_36,"I have the same problem with that, the same error. It's a YouTube error. Let's think of somebody a little bit who might not have all the copyrights on. I have the same problem with that. On the same air it's at YouTube air let's see little bit who might not have all the copyrights on them. On the same air it's at YouTube air let's see little bit who might not have all the copyrights on them. Let me think for a moment. How about The Beatles? How about The Beatles?",How about don´t let me down? Here is the song by Beatles - Don´t let me down.,train
dlg-df083734-8bbd-4b40-bbbb-6b2556bdf3b3,dlg-df083734-8bbd-4b40-bbbb-6b2556bdf3b3_38_40,How about The Bee Gees?,Okay this song is called How Deep Is Your Love. Here is the song by The Bee Gees - How Deep is Your Love.,train
dlg-df083734-8bbd-4b40-bbbb-6b2556bdf3b3,dlg-df083734-8bbd-4b40-bbbb-6b2556bdf3b3_42_47,This one is blocked by UMG who's blocked it. I think we're going to have to go indie to be honest with you because most of these things are How about Princess Chelsea? I think we're going to have to go Indy to be honest with you because most things are how about Princess Chelsea.,"Princess Chelsea, let me check. Okay, here's a song called The cigarette duet. Here is the song by The cigarette duet.",train
dlg-df083734-8bbd-4b40-bbbb-6b2556bdf3b3,dlg-df083734-8bbd-4b40-bbbb-6b2556bdf3b3_50_57,Can I hear something from her album Aftertouch? I think it's called And I Love Her.,Okay looks like I found princess Chelsea and I love her. Here is the song by princess Chelsea And I Love Her.,train
dlg-df3743be-fc8d-4cc9-95cd-c9d010ab91c3,dlg-df3743be-fc8d-4cc9-95cd-c9d010ab91c3_0_1,"Hi, I was wondering if you could help me find some new music to listen to.","Hello, I would love to help you find new music. Tell me an artist you enjoy and I'll find somebody similar.",train
dlg-df3743be-fc8d-4cc9-95cd-c9d010ab91c3,dlg-df3743be-fc8d-4cc9-95cd-c9d010ab91c3_2_5,"Okay, I enjoyed The Police.",Have you heard of the band The Stereophonics before? Here's the song Maybe Tomorrow by Stereophonics.,train
dlg-df3743be-fc8d-4cc9-95cd-c9d010ab91c3,dlg-df3743be-fc8d-4cc9-95cd-c9d010ab91c3_8_9,That's pretty good. I like that. How about another song by those guys?,Here's the song caught by The Wind by Stereophonics.,train
dlg-df3743be-fc8d-4cc9-95cd-c9d010ab91c3,dlg-df3743be-fc8d-4cc9-95cd-c9d010ab91c3_10_19,"That's pretty good. Not quite as good as the first one, I don't think. How about somebody that sounds like? Joel.","Did you say, Jewel? Have you heard of Natalie Imbruglia before? How about Heather Nova? Here's the song Walk This World by Heather Nova.",train
dlg-df3743be-fc8d-4cc9-95cd-c9d010ab91c3,dlg-df3743be-fc8d-4cc9-95cd-c9d010ab91c3_20_21,"Yeah, that's pretty good. I like her. How about another song by her?",Here's the song Wicked Game by Heather Nova.,train
dlg-df5e1479-ec4e-4bc1-92c8-8eb9adc29037,dlg-df5e1479-ec4e-4bc1-92c8-8eb9adc29037_0_1,"Hey, can you play something by Nirvana?","Hello. Smells Like Teen Spirit by Nirvana ,",train
dlg-df5e1479-ec4e-4bc1-92c8-8eb9adc29037,dlg-df5e1479-ec4e-4bc1-92c8-8eb9adc29037_2_4,Sounds good. Can you find something else by Nirvana? Can you find something else by Nirvana?,Heart Shaped Box by Nirvana.,train
dlg-df5e1479-ec4e-4bc1-92c8-8eb9adc29037,dlg-df5e1479-ec4e-4bc1-92c8-8eb9adc29037_5_8,"No, I don't think I want that, Either. Can you find something like kind of by a grungy artist, But you know, A little bit different? Yeah. Can you find something by an artist like Nirvana?","Okay. Smells like Nirvana by ""Weird Al"" Yankovic.",train
dlg-df72f394-42e3-47a0-b15f-907795e380d7,dlg-df72f394-42e3-47a0-b15f-907795e380d7_3_4,"Okay, can you play something for my different album by August Springer child?",Here is August Burns Red - Empire.,train
dlg-df72f394-42e3-47a0-b15f-907795e380d7,dlg-df72f394-42e3-47a0-b15f-907795e380d7_5_6,I'm not really feeling this. Can you play something by a similar artist to them?,Here is a Maddel - Gamer.,train
dlg-df8e501b-031e-48d9-af97-dd10f7322ad1,dlg-df8e501b-031e-48d9-af97-dd10f7322ad1_1_2,Hi. I'd like to play hear some music by Led Zeppelin.,Here's Led zeppelin - Stairway to Heaven.,train
dlg-df8e501b-031e-48d9-af97-dd10f7322ad1,dlg-df8e501b-031e-48d9-af97-dd10f7322ad1_3_5,Can I hear something from Led Zeppelin II?,Here's Led Zeppelin II - Whole Lotta Love.,train
dlg-df8e501b-031e-48d9-af97-dd10f7322ad1,dlg-df8e501b-031e-48d9-af97-dd10f7322ad1_9_11,Can I have a different song played from Led Zeppelin II?,Here's Led Zeppelin II - The Lemon song.,train
dlg-dfae0711-a95a-4b0b-9403-c2d0918ea706,dlg-dfae0711-a95a-4b0b-9403-c2d0918ea706_1_5,Can I hear something by Taylor Swift? Can I actually hear one of her older songs? I'm not a huge fan of that style.,Here is Back to December by Taylor Swift. Go through with this.,validation
dlg-dfae0711-a95a-4b0b-9403-c2d0918ea706,dlg-dfae0711-a95a-4b0b-9403-c2d0918ea706_6_8,"Please, put on that's a little happier. I'm not quite in the mood for break up songs.",Here is Red by Taylor Swift. Go through with this.,validation
dlg-dfdea46e-59cd-4bff-9be4-3f71b9dfc9cf,dlg-dfdea46e-59cd-4bff-9be4-3f71b9dfc9cf_1_2,Can you play some music by The Waves?,How about villagers?,train
dlg-dfdea46e-59cd-4bff-9be4-3f71b9dfc9cf,dlg-dfdea46e-59cd-4bff-9be4-3f71b9dfc9cf_5_6,"Hey, that's really good. But can you find something like I know I like that song, maybe like of the same album.",How about Dean Lewis by the Waves?,train
dlg-dfdea46e-59cd-4bff-9be4-3f71b9dfc9cf,dlg-dfdea46e-59cd-4bff-9be4-3f71b9dfc9cf_9_10,That's really good. That's a lot more like Indie and kind of acoustic. Can you find something else like Coffee House Rock?,How about Amos Lee - Windows Are Rolled Down?,train
dlg-dfeb766f-4182-4cdd-9b10-8a98e47fb89f,dlg-dfeb766f-4182-4cdd-9b10-8a98e47fb89f_0_3,Can you play something by Wage War? Can you play something by Wage War?,Here's the song The River by Wage War.,train
dlg-dfeb766f-4182-4cdd-9b10-8a98e47fb89f,dlg-dfeb766f-4182-4cdd-9b10-8a98e47fb89f_4_6,"Okay, can you please play the same song by a different artist now?",Here's the song The River cover by passenger.,train
dlg-dfeb766f-4182-4cdd-9b10-8a98e47fb89f,dlg-dfeb766f-4182-4cdd-9b10-8a98e47fb89f_7_9,"And I don't really like what's playing, I don't want what's playing. Can you play a different album by Wage War?",Here's the song Alive by Wage War.,train
dlg-e01946cb-a3c8-4e66-8c0e-8bb8dc439050,dlg-e01946cb-a3c8-4e66-8c0e-8bb8dc439050_3_7,I'd like to listen to some classical music.,Classical music? Here is some classical music I could find.,train
dlg-e084c5fc-97b2-46ab-91af-2df9eb6351be,dlg-e084c5fc-97b2-46ab-91af-2df9eb6351be_0_3,"Hi, could you help me find some music? Great I was thinking of pop but like more acoustic like Jason Mraz type of music.","Sure, Hold on Slow Dancing In a Burning Room- John Mayer (With Lyrics).",train
dlg-e084c5fc-97b2-46ab-91af-2df9eb6351be,dlg-e084c5fc-97b2-46ab-91af-2df9eb6351be_4_5,"Okay, that was great. Can I hear something else by John Mayer, just a different song?",Certainly John Mayer - Still Feel Like Your Man.,train
dlg-e084c5fc-97b2-46ab-91af-2df9eb6351be,dlg-e084c5fc-97b2-46ab-91af-2df9eb6351be_6_7,"Okay, that was great. How about one more song by John Mayer but just a different song again?",John Mayer - Heartbreak Warfare.,train
dlg-e086d8d4-834c-414b-9991-0a8c62038abd,dlg-e086d8d4-834c-414b-9991-0a8c62038abd_1_3,"I need help finding music to listen to. Can you play something by Joe Budden, please?",Here is your song. Joe Budden - Control (Lyrics HD) (Kendrick Lamar Response).,test
dlg-e086d8d4-834c-414b-9991-0a8c62038abd,dlg-e086d8d4-834c-414b-9991-0a8c62038abd_4_6,Can you play something more recent?,Here is your song. Joe Budden - Idols.,test
dlg-e086d8d4-834c-414b-9991-0a8c62038abd,dlg-e086d8d4-834c-414b-9991-0a8c62038abd_7_11,"I like this one a lot. Can you play something where Joe Budden is a feature, please? Can you play a song with Joe Budden as a feature, please?",Lloyd Banks Transitions ft by Joe Budden(Lyrics).,test
dlg-e09fbd6c-fe36-494e-99ab-edb5ecb0476c,dlg-e09fbd6c-fe36-494e-99ab-edb5ecb0476c_1_6,"Hi, I'm looking for some new music to listen to. I was hoping you could help. Prince.",Okay. Prince. Let's see what else I can find that you may not be familiar with? Looks like the artist D Angelo may be have similar style might be a close match etc. Another is Sade. Are either of those new to you?,train
dlg-e09fbd6c-fe36-494e-99ab-edb5ecb0476c,dlg-e09fbd6c-fe36-494e-99ab-edb5ecb0476c_7_10,"Try Sade, I've heard the name but I can't place the music.",Here is the song called By Your Side by the artist Sade.,train
dlg-e09fbd6c-fe36-494e-99ab-edb5ecb0476c,dlg-e09fbd6c-fe36-494e-99ab-edb5ecb0476c_13_21,It's different than Prince but I'll look into her music a little bit more.,How about the artist Maxwell? Maxwell. Here is the song called Pretty Wings by the artist Maxwell.,train
dlg-e09fbd6c-fe36-494e-99ab-edb5ecb0476c,dlg-e09fbd6c-fe36-494e-99ab-edb5ecb0476c_22_23,"Yeah, It's pretty much. I can see how that's like Prince. I'll check into him for sure. So that will work. Thank you.",Okay. Let's look for something based on another of your favorite artists.,train
dlg-e09fbd6c-fe36-494e-99ab-edb5ecb0476c,dlg-e09fbd6c-fe36-494e-99ab-edb5ecb0476c_24_27,Alright. I want something different. Let's go with Kelly Clarkson.,"Okay, did you ever listen to the artist JoJo? Here is the song called Disaster by the artist JoJo.",train
dlg-e09fbd6c-fe36-494e-99ab-edb5ecb0476c,dlg-e09fbd6c-fe36-494e-99ab-edb5ecb0476c_28_32,"Oh yeah, I know JoJo. Okay. That's from a while ago.",How about the song called I never told you by the artist Colbie Caillat?,train
dlg-e0d34c1e-f45d-4245-b741-33fa59e0900c,dlg-e0d34c1e-f45d-4245-b741-33fa59e0900c_1_4,"I would like to hear some pop music, please.",Camila Cabello - Havana (Lyrics) ft. Young Thug.,train
dlg-e0d34c1e-f45d-4245-b741-33fa59e0900c,dlg-e0d34c1e-f45d-4245-b741-33fa59e0900c_5_7,Can you play some pop-rock now?,Immortals by Fall Out Boy.,train
dlg-e0d34c1e-f45d-4245-b741-33fa59e0900c,dlg-e0d34c1e-f45d-4245-b741-33fa59e0900c_8_10,Can you switch it to teen pop music now?,Becky G-Shower (Lyrics).,train
dlg-e0d34c1e-f45d-4245-b741-33fa59e0900c,dlg-e0d34c1e-f45d-4245-b741-33fa59e0900c_11_15,"Can I now hear some power pop music? Can you play some power pop music, please?",The Easy beats - She's So Fine.,train
dlg-e1056dfc-8a7e-4357-8846-49e026e9758f,dlg-e1056dfc-8a7e-4357-8846-49e026e9758f_1_10,"Hello, I'd like to hear some new music related to Michael Buble, please.",Have you heard of the artist Celtic woman or Dave Mason? Let me play you something by Dave Mason. Here is We Just Disagree by Dave Mason.,train
dlg-e1056dfc-8a7e-4357-8846-49e026e9758f,dlg-e1056dfc-8a7e-4357-8846-49e026e9758f_12_15,"Hey, that's a really nice song. Can I hear another song by Dave Mason?",Here is Quasimodo's Dream by Dave Mason.,train
dlg-e1056dfc-8a7e-4357-8846-49e026e9758f,dlg-e1056dfc-8a7e-4357-8846-49e026e9758f_17_27,"Oh, that's a beautiful song. I like Cyndi Lauper. Can I hear a new artist based on Cyndi Lauper?",Here is Come on Feel the Noize by Quiet Riot. Here is Let's Get Crazy by Quiet Riot.,train
dlg-e1721dd0-5c38-4e37-9cee-c80af6c3b300,dlg-e1721dd0-5c38-4e37-9cee-c80af6c3b300_0_2,I'd like to hear some music by Taylor Swift.,"Here is Taylor Swift, performing Look What You Made Me do.",train
dlg-e1721dd0-5c38-4e37-9cee-c80af6c3b300,dlg-e1721dd0-5c38-4e37-9cee-c80af6c3b300_3_4,The song is okay. Show older music by Taylor Swift.,Here is Taylor Swift performing Love Story.,train
dlg-e1721dd0-5c38-4e37-9cee-c80af6c3b300,dlg-e1721dd0-5c38-4e37-9cee-c80af6c3b300_5_6,This song is good. Show me newer music by Taylor Swift.,Here is Gorgeous by Taylor Swift.,train
dlg-e1721dd0-5c38-4e37-9cee-c80af6c3b300,dlg-e1721dd0-5c38-4e37-9cee-c80af6c3b300_7_8,This song is okay. Show me music from a different album.,Here is 22 performed by Taylor Swift.,train
dlg-e1b8d921-540b-4150-8c30-8301931f2c91,dlg-e1b8d921-540b-4150-8c30-8301931f2c91_0_4,"Can you play something by Medicine Head, please?",Here is medicine head pictures in the sky.,train
dlg-e1b8d921-540b-4150-8c30-8301931f2c91,dlg-e1b8d921-540b-4150-8c30-8301931f2c91_5_13,All right. That is fun. Can you play something by James Taylor now. Yeah. definitely the same kind of folk. That's closer to what I want.,Here is James Taylor - Sweet Baby James. Here is You've got a Friend by James Taylor.,train
dlg-e2a0d82f-ec85-4f3a-a538-26b86956509a,dlg-e2a0d82f-ec85-4f3a-a538-26b86956509a_1_8,I'd like help with browsing the music of Vince Gill. G i l l.,"Here is your song, When I Call Your Name by Vince Gill? Here is your song. Look At Us by Vince Gill. Here is your song. Sad One Comin' On by Vince Gill.",test
dlg-e2e00b26-31c8-4463-b4c2-9f92aaa37950,dlg-e2e00b26-31c8-4463-b4c2-9f92aaa37950_2_17,"Hi, I'd like to find new music to listen. Elliot Smith.","Okay. Elliott Smith. Let's see what else I can find for you, may not be familiar with. Looks like the artist The Shins may have similar style, might be a close match. Another one is Built to Spill. Here is the song called Simple Song by the artist The Shins. Here is the song Car by the artist Built to Spill.",validation
dlg-e2e00b26-31c8-4463-b4c2-9f92aaa37950,dlg-e2e00b26-31c8-4463-b4c2-9f92aaa37950_18_31,"Oh, this song is good. Can I listen to new music somewhere to Nine Inch Nails?","Okay, Let me find you something similar to Nine Inch Nails. Have you heard about the artist Deftones? Here is the song called Be Quiet And Drive by Deftones. Have you heard about the artist Trent Reznor? Here is the song called Hurt an unplugged version by the artist Trent Reznor.",validation
dlg-e2f7afa7-3954-4c6f-b9f9-8482be7e71c4,dlg-e2f7afa7-3954-4c6f-b9f9-8482be7e71c4_1_4,"Hi, could you help me find some pop music to listen to?",Here is Bruno Mars performing That's What I Like.,train
dlg-e2f7afa7-3954-4c6f-b9f9-8482be7e71c4,dlg-e2f7afa7-3954-4c6f-b9f9-8482be7e71c4_5_6,"Wait, how about something? That's even at a faster beat.",Here is The Weeknd performing Starboy.,train
dlg-e2f7afa7-3954-4c6f-b9f9-8482be7e71c4,dlg-e2f7afa7-3954-4c6f-b9f9-8482be7e71c4_7_8,"All right, okay. It's not too bad. Now let's hear a pop music song from at least 10 years ago, so like something from the 2000's or even 1990's.",Here is Britney Spears performing Baby One More Time.,train
dlg-e3207332-d47d-4399-800d-2428a73c31f6,dlg-e3207332-d47d-4399-800d-2428a73c31f6_1_3,"Hey, can you play something by Fleetwood Mac?",Here's the song The Chain by Fleetwood Mac.,train
dlg-e3207332-d47d-4399-800d-2428a73c31f6,dlg-e3207332-d47d-4399-800d-2428a73c31f6_4_8,Sounds good to me. Are they Fleetwood and Mac or just Fleetwood Mac?,Just Fleetwood Mac.,train
dlg-e3207332-d47d-4399-800d-2428a73c31f6,dlg-e3207332-d47d-4399-800d-2428a73c31f6_9_10,"Oh, my goodness. I know I've said to at least four people Fleetwood and Mac.",Later in their career or in their earlier music?,train
dlg-e3207332-d47d-4399-800d-2428a73c31f6,dlg-e3207332-d47d-4399-800d-2428a73c31f6_11_12,No. Something from like later in their career like their maybe sixth album or something.,Fleetwood Mac - Heroes are hard to find.,train
dlg-e3207332-d47d-4399-800d-2428a73c31f6,dlg-e3207332-d47d-4399-800d-2428a73c31f6_13_16,"Yeah, it's very interesting. Hey, could you find something maybe a cover of one of their songs by Courtney Love?",Fleetwood Mac Fest (Courtney Love ) - Silver Springs.,train
dlg-e3341b92-9204-4791-b652-ed9c04cf35b8,dlg-e3341b92-9204-4791-b652-ed9c04cf35b8_0_2,Please play Katy Perry Dark Horse.,Here is Katy Perry Dark Horse.,train
dlg-e3341b92-9204-4791-b652-ed9c04cf35b8,dlg-e3341b92-9204-4791-b652-ed9c04cf35b8_3_4,Can you play something like older material?,Here is Katy Perry - Part Of Me.,train
dlg-e3341b92-9204-4791-b652-ed9c04cf35b8,dlg-e3341b92-9204-4791-b652-ed9c04cf35b8_5_6,Can you play some newer material?,Here is Katy Perry - Last Friday Night.,train
dlg-e350d225-9a41-49f5-8683-699c0a1d1a5b,dlg-e350d225-9a41-49f5-8683-699c0a1d1a5b_1_3,"Could you play me some songs, some new material, by Fifth Harmony?",Here's the Fifth Harmony - Down ft. Gucci Mane.,train
dlg-e350d225-9a41-49f5-8683-699c0a1d1a5b,dlg-e350d225-9a41-49f5-8683-699c0a1d1a5b_4_6,"Oh yeah, I like that song, but could you play me a different song by Vin, Like Sam?",Here's the Fifth Harmony - Work from Home ft. Ty Dollar Sign.,train
dlg-e38932eb-cce4-400d-9f0a-4381078d7f37,dlg-e38932eb-cce4-400d-9f0a-4381078d7f37_1_27,Hi. I'd like some help in browsing the music of the Backstreet Boys.,How about the song called More Than That by the band Backstreet Boys? How about the song called Don't Want You Back by the same group? Here is the song called As Long As You Love Me.,train
dlg-e3c2732e-8ca9-4c52-a39f-7c02dd6bfafb,dlg-e3c2732e-8ca9-4c52-a39f-7c02dd6bfafb_4_5,"Okay, great. Can you play me a cover by Our Last Night?",Here is Our Last Night covering Kendrick Lamar's song Humble.,train
dlg-e42c108c-8997-44f3-bf6d-33a0a361597d,dlg-e42c108c-8997-44f3-bf6d-33a0a361597d_0_1,Hi. I'd like to hear some music by Taylor Swift.,How does Taylor Swift - Gorgeous sound?,test
dlg-e42c108c-8997-44f3-bf6d-33a0a361597d,dlg-e42c108c-8997-44f3-bf6d-33a0a361597d_3_4,Song is okay. Show me older music by this artist.,How does Taylor Swift - Crazier sound?,test
dlg-e42c108c-8997-44f3-bf6d-33a0a361597d,dlg-e42c108c-8997-44f3-bf6d-33a0a361597d_6_8,This song is good. Show me music from a different album.,"Okay, How does Taylor Swift - Look What You Made Me Do sound?",test
dlg-e431b15d-c52c-492f-9f8b-4f27a4da896b,dlg-e431b15d-c52c-492f-9f8b-4f27a4da896b_5_15,I'll go with the Bruno Mars.,Have you heard of Far East Movement? How about Mike Posner? What about The Cataracs? Here is the Bass Down Low for you by The Cataracs.,test
dlg-e431b15d-c52c-492f-9f8b-4f27a4da896b,dlg-e431b15d-c52c-492f-9f8b-4f27a4da896b_16_22,"Yeah, I liked it. I like the special effects of the song, I could listen to his voice.","Have you heard of magic? Okay, then the Band Perry? Here is If I Die Young by The Band Perry.",test
dlg-e487c964-fb9e-4a70-b8ae-ff657bf1a350,dlg-e487c964-fb9e-4a70-b8ae-ff657bf1a350_1_2,"Hi, Today I need your help finding music listen to. I'm looking for a song by the band Oasis, It's called Be Here Now.","Okay, Here is Oasis-Be here now.",test
dlg-e487c964-fb9e-4a70-b8ae-ff657bf1a350,dlg-e487c964-fb9e-4a70-b8ae-ff657bf1a350_3_6,"Awesome, Thank you. This is a pretty good album. This is my favorite album by them. It's pretty heavy, Had a raw sound to it. Oh, I would like to hear another song by the band Oasis, It's called Supersonic. It's pretty heavy, had a raw sound to it. Oh, I would like to hear another song by the band Oasis, it's called Supersonic.",Here is the song supersonic by oasis.,test
dlg-e4c37f8e-3e8e-49bf-bab4-8c508de186d3,dlg-e4c37f8e-3e8e-49bf-bab4-8c508de186d3_1_5,"Hi, can you play me a song by Joe Veras?","Sure, here is Joe Vera - Die Trying. Here is Jule Vera ""One Little String"".",train
dlg-e4c37f8e-3e8e-49bf-bab4-8c508de186d3,dlg-e4c37f8e-3e8e-49bf-bab4-8c508de186d3_6_7,Can you play a song that is similar to this one but by a different artist?,Here is the song by Miley Cyrus - Younger Now.,train
dlg-e4da2772-526e-4938-8262-b807021061e8,dlg-e4da2772-526e-4938-8262-b807021061e8_0_4,Hi. Can you find me some music by James Brown?,Let me see what I can find by James Brown for you? Here is the song called man's world by James Brown.,validation
dlg-e4da2772-526e-4938-8262-b807021061e8,dlg-e4da2772-526e-4938-8262-b807021061e8_5_8,That's blocked by UMG. Can you find anything not by UMG or Vevo?,Here is Try Me by James Brown.,validation
dlg-e4da2772-526e-4938-8262-b807021061e8,dlg-e4da2772-526e-4938-8262-b807021061e8_9_11,"That ones blocked, too. Same thing.",Here is the song called The payback by James Brown.,validation
dlg-e4da2772-526e-4938-8262-b807021061e8,dlg-e4da2772-526e-4938-8262-b807021061e8_12_13,"That one's blocked, too. All right. Let me give a different artist maybe. Let's go with more modern popular, Sia. Let's do Sia. See if that works.",Here is Chandelier by Sia.,validation
dlg-e4da2772-526e-4938-8262-b807021061e8,dlg-e4da2772-526e-4938-8262-b807021061e8_14_16,All right. Can you find me a live performance by Sia?,Here is Sia on The Voice UK 2015 performing Elastic Heart.,validation
dlg-e4da2772-526e-4938-8262-b807021061e8,dlg-e4da2772-526e-4938-8262-b807021061e8_17_18,"All right, that's cool, and lastly, can you play a song by Sia on a Christmas song by Sia?",Here is Santa's coming for us by Sia.,validation
dlg-e4f4704c-e114-4fa0-9374-2f635a3cfe73,dlg-e4f4704c-e114-4fa0-9374-2f635a3cfe73_1_8,I would like to listen to The Beatles.,Let me get that for you. How about The Beatles: Let It Be? How about Beatles - Here Comes the Sun.,train
dlg-e4f6acfa-d4c0-4b75-9057-100b5e4713d3,dlg-e4f6acfa-d4c0-4b75-9057-100b5e4713d3_1_2,"Hi, I'd like some help browsing the music of Kenny Chesney.",Kenny Chesney - There Goes My Life.,validation
dlg-e4f6acfa-d4c0-4b75-9057-100b5e4713d3,dlg-e4f6acfa-d4c0-4b75-9057-100b5e4713d3_3_5,"It's pretty good but do you how about something from a similar artist, Please?","Chris Young, ""The Man I Want To Be"".",validation
dlg-e4f6acfa-d4c0-4b75-9057-100b5e4713d3,dlg-e4f6acfa-d4c0-4b75-9057-100b5e4713d3_6_7,"I don't like the voice so, Let's try a different song with the same artist Chris Young.",Chris Young - Getting You Home,validation
dlg-e504154f-3478-478d-bf47-b1b3aa07b956,dlg-e504154f-3478-478d-bf47-b1b3aa07b956_4_13,"Currently, like Jeko right now. Do you have something similar?",Have you heard of the artist Quavo? Here is a quavo performing the song Trapstar. Have you heard of the artist Chiddy Bang? Here is Chiddy Bang performing talking to myself.,train
dlg-e504154f-3478-478d-bf47-b1b3aa07b956,dlg-e504154f-3478-478d-bf47-b1b3aa07b956_15_20,"I'm not liking this song. I like the Quavo one much better. No, I changed my mind. I like this. This one's pretty good. I think it just started out wrong.","Glad I could help with introducing you to new music, have a great day.",train
dlg-e508c413-8de4-4bf6-a037-d990d13ecdab,dlg-e508c413-8de4-4bf6-a037-d990d13ecdab_1_4,"Hi, I was looking for some music by Edge of Sanity?","Sure, let me find something by Edge of Sanity. Here is your song called Edge of Sanity - Twilight.",train
dlg-e508c413-8de4-4bf6-a037-d990d13ecdab,dlg-e508c413-8de4-4bf6-a037-d990d13ecdab_6_9,"Okay, that's fine.",Here is the song called Death - Spiritual Healing.,train
dlg-e508c413-8de4-4bf6-a037-d990d13ecdab,dlg-e508c413-8de4-4bf6-a037-d990d13ecdab_11_13,"All right, but this isn't what I want to listen to, can you find me a different song by Death?",Here is the song called Death - Symbolic.,train
dlg-e54b3be6-0c20-4af9-a21b-cfdad348494c,dlg-e54b3be6-0c20-4af9-a21b-cfdad348494c_1_2,Hi. I'd love to play something by Kid Cudi.,Sure. Here is Kid Cudi - Soundtrack To My Life.,train
dlg-e54b3be6-0c20-4af9-a21b-cfdad348494c,dlg-e54b3be6-0c20-4af9-a21b-cfdad348494c_4_10,I like this song. Change the song to Pursuit of Happiness.,"Here is Kid Cudi - Pursuit Of Happiness ft. MGMT. Here is Kid Cudi - Pursuit of Happiness (Steve Aoki Remix). Here is Kid Cudi - Pursuit Of Happiness (Megaforce Version) ft. Ratatat, MGMT.",train
dlg-e54b3be6-0c20-4af9-a21b-cfdad348494c,dlg-e54b3be6-0c20-4af9-a21b-cfdad348494c_13_14,"Okay, play something by Buckethead.",Here is Buckethead - Soothsayer.,train
dlg-e54b3be6-0c20-4af9-a21b-cfdad348494c,dlg-e54b3be6-0c20-4af9-a21b-cfdad348494c_15_16,All right. This is awesome.,I've seen Buckethead live before.,train
dlg-e54b3be6-0c20-4af9-a21b-cfdad348494c,dlg-e54b3be6-0c20-4af9-a21b-cfdad348494c_17_18,Play something else by Buckethead.,Here is Buckethead - Jordan.,train
dlg-e54b3be6-0c20-4af9-a21b-cfdad348494c,dlg-e54b3be6-0c20-4af9-a21b-cfdad348494c_19_23,"Wow! This is really cool, too. Play something by the GZA. Play something by the GZA.",Here is GZA - Shadowboxin'4th Chamber. Here is GZA - Liquid Swords.,train
dlg-e54b3be6-0c20-4af9-a21b-cfdad348494c,dlg-e54b3be6-0c20-4af9-a21b-cfdad348494c_24_25,Play something by Jimi Hendrix.,Here is The Jimi Hendrix Experience - Purple Haze.,train
dlg-e5543e50-3478-4826-82c7-f990013815fa,dlg-e5543e50-3478-4826-82c7-f990013815fa_2_6,"Hey Assistant, I would love to hear some music by Bruno Mars, can you help me?",Here is chunky by Bruno Mars.,train
dlg-e5543e50-3478-4826-82c7-f990013815fa,dlg-e5543e50-3478-4826-82c7-f990013815fa_7_18,"Hey Assistant, can I hear some newer material? I like this song but I'd like to hear something newer.",Here's that's what I like by Bruno Mars. Here is Liquor Store Blues by Bruno Mars.,train
dlg-e56a15b4-94bc-44bc-b5fe-3eff0e948d1e,dlg-e56a15b4-94bc-44bc-b5fe-3eff0e948d1e_1_6,"Hey, I want to browse music to listen to. Can I hear something by Nirvana?","I can help you with that. One second. Here is Smells Like Teen Spirit. Ok, let me find it for you. Just one moment. Here is Blew by Nirvana.",train
dlg-e56a15b4-94bc-44bc-b5fe-3eff0e948d1e,dlg-e56a15b4-94bc-44bc-b5fe-3eff0e948d1e_7_10,I don't want what's playing. Can you play something by Nirvana but it's just a different song?,"Ok, One sec. Here Is School by Nirvana. I apologize, one second. How about this one? In Bloom by Nirvana.",train
dlg-e56a15b4-94bc-44bc-b5fe-3eff0e948d1e,dlg-e56a15b4-94bc-44bc-b5fe-3eff0e948d1e_11_12,I'd say it's back to Smells Like Teen Spirit again.,This will just be a second. Here is Come As You Are by Nirvana.,train
dlg-e57058b6-0fdf-4d0d-a24c-307b43a1a84b,dlg-e57058b6-0fdf-4d0d-a24c-307b43a1a84b_1_6,Can you play some music by Half Life?,How about the song Ocean Terrace by Half Life?,train
dlg-e57058b6-0fdf-4d0d-a24c-307b43a1a84b,dlg-e57058b6-0fdf-4d0d-a24c-307b43a1a84b_9_14,"That's pretty cool. Yeah, that's one of the first Half Life songs I heard. It was nice to hear that again. Could you find something other?","Let me check that for you, I have found the music called BB Ripped from Daniel Avery's Rinse FM show by Half Life. I found a song called U Ain't About That Lyfe by Half Life.",train
dlg-e57f28fa-c42d-490c-8f42-127f0f2cadbf,dlg-e57f28fa-c42d-490c-8f42-127f0f2cadbf_1_6,"Hi, Could you play me some of The White Buffalo, please, Maybe something off Sons of Anarchy soundtrack?","Ok, Hold on. This will just be a second. Come Join the Murder (Sons of Anarchy S07E13 End Song) by The White Buffalo. Dark Days by The White Buffalo. - ""Don't You Want It"" by The White Buffalo.",train
dlg-e58a122a-92b2-41ed-b6b2-1573ba91adba,dlg-e58a122a-92b2-41ed-b6b2-1573ba91adba_0_4,Hello. I'm trying to find some new music to work out to. Do you think you can help me with that? I like Maroon 5.,Okay. Hold just one moment. Moves Like Jagger by Maroon 5.,train
dlg-e58a122a-92b2-41ed-b6b2-1573ba91adba,dlg-e58a122a-92b2-41ed-b6b2-1573ba91adba_5_6,Do you think you can actually play one of their more recent songs?,What Lovers Do ft. SZA by Maroon 5.,train
dlg-e58a122a-92b2-41ed-b6b2-1573ba91adba,dlg-e58a122a-92b2-41ed-b6b2-1573ba91adba_7_8,I've heard this song a lot and I like but I think I'd like something a little bit new. Do you think you could play a cover by Maroon 5 of this song?,Okay. What Lovers Do ft. SZA (cover) by Maroon 5.,train
dlg-e5c4479a-fd44-42f0-879c-c8f1ba2b2a47,dlg-e5c4479a-fd44-42f0-879c-c8f1ba2b2a47_0_1,"Hello, can you play some something by Wage War?",The River by Wage War.,train
dlg-e5c4479a-fd44-42f0-879c-c8f1ba2b2a47,dlg-e5c4479a-fd44-42f0-879c-c8f1ba2b2a47_2_3,This is great. Can you play something older by Wage War?,Alive by Wage War.,train
dlg-e5c4479a-fd44-42f0-879c-c8f1ba2b2a47,dlg-e5c4479a-fd44-42f0-879c-c8f1ba2b2a47_4_5,"This is good, too. Can you play something new by Wage War now?",Deadweight by Wage War.,train
dlg-e5db5551-6d4c-4c0d-9702-e9e88596aebf,dlg-e5db5551-6d4c-4c0d-9702-e9e88596aebf_1_3,Play something by Mustard.,ZHM by Mustard Pimp.,train
dlg-e5db5551-6d4c-4c0d-9702-e9e88596aebf,dlg-e5db5551-6d4c-4c0d-9702-e9e88596aebf_4_6,"Hey, can you find me something not of same genre but by someone else? And sort of electronic music.",I-tune by Miles Dyson.,train
dlg-e5db5551-6d4c-4c0d-9702-e9e88596aebf,dlg-e5db5551-6d4c-4c0d-9702-e9e88596aebf_7_8,No. Can you find something by Miles Dyson that's a little bit newer?,Anthem by Miles Dyson.,train
dlg-e6917eec-2ffe-4faf-ab71-5e44b1a22599,dlg-e6917eec-2ffe-4faf-ab71-5e44b1a22599_0_7,I'd like to hear some music by Linkin Park.,How about the song In The End by Linkin Park? Here is the different song called Crawling by Linkin Park. How about the song Who Am I Song by Linkin Park?,train
dlg-e6a3d8ad-a9c8-4c8e-9050-d97a85bc3504,dlg-e6a3d8ad-a9c8-4c8e-9050-d97a85bc3504_2_4,"Yes, I wonder if you can play me some music. How about some Guns N' Roses off their first album? I have time for distraction.",How about the song Welcome to the Jungle by Guns N Roses?,train
dlg-e6a3d8ad-a9c8-4c8e-9050-d97a85bc3504,dlg-e6a3d8ad-a9c8-4c8e-9050-d97a85bc3504_7_14,"Okay, that's a great first song from them. Call for great album.","I have found the song Civil War. Okay, here is the song civil war by Guns N Roses.",train
dlg-e6a3d8ad-a9c8-4c8e-9050-d97a85bc3504,dlg-e6a3d8ad-a9c8-4c8e-9050-d97a85bc3504_15_17,"Okay. That was okay but it's a little slow for me right now especially after the first one. How about playing something else? About velvet revolver, something a lot more faster than what it would be.",How about the song Fall to Pieces by Velvet Revolver?,train
dlg-e6aa97dd-ec08-4ef6-bc04-c93a97f205d4,dlg-e6aa97dd-ec08-4ef6-bc04-c93a97f205d4_2_6,"Hi, can you help me find an artist like Taylor Swift?","Okay, Taylor Swift. Let's see what else I can find that you may not be familiar with. How about something by the artist Vanessa Hudgens? Here is Sneaker night by Vanessa Hudgens.",train
dlg-e6aa97dd-ec08-4ef6-bc04-c93a97f205d4,dlg-e6aa97dd-ec08-4ef6-bc04-c93a97f205d4_7_14,"It seems close to what I was thinking of. Can you find someone who's more like Selena Gomez, maybe?","How about something by the artist Adam Lambert? Okay, let me find out the artist for you and how about something by Mika. Here is Grace Kelly by the artist Mika.",train
dlg-e6ca54dc-c66c-42c1-9e09-cd4515efe603,dlg-e6ca54dc-c66c-42c1-9e09-cd4515efe603_1_3,"Hi, Today I need your help listening to music. I have a band in mind that I'd like to listen to and the artist Bonobo as well.  I'm looking to hear the song Wayward Bob. I'm looking to hear the song Wayward Bob.",Wayward Bob by Bonobo.,train
dlg-e6ca54dc-c66c-42c1-9e09-cd4515efe603,dlg-e6ca54dc-c66c-42c1-9e09-cd4515efe603_4_10,"Awesome, Thank you. That's pretty classic album. This guy likes some kind of jazz performances. Now, I like to hear the song Pick Up by the same artist, Bonobo That's pretty classic album. This guy likes some kind of jazz performances. Now, I like to hear the song Pick Up by the same artist, Bonobo.",Pick Up by Bonobo.,train
dlg-e6ca54dc-c66c-42c1-9e09-cd4515efe603,dlg-e6ca54dc-c66c-42c1-9e09-cd4515efe603_11_14,"Thank you. This one is a little more upbeat. Very good music to listen if you're doing any kind of exercise. Cool. Now, I'd like to hear another song by Bonobo. It's called Dinosaurs. This one is a little more upbeat. Very good music to listen if you're doing any kind of exercise. Cool. Now, I'd like to hear another song by Bonobo. It's called Dinosaurs.",Dinosaurs by Bonobo.,train
dlg-e7133065-50bf-4cc9-9643-1821f61b1803,dlg-e7133065-50bf-4cc9-9643-1821f61b1803_2_7,"Hi, I would love to hear some Blues music. Can you help me?",Here's Dust my Broom by Elmore James.,test
dlg-e7133065-50bf-4cc9-9643-1821f61b1803,dlg-e7133065-50bf-4cc9-9643-1821f61b1803_9_10,I like this. It's very bluesy. Could I hear something more traditional and more relaxed?,Here's BB King - The Thrill is Gone.,test
dlg-e7133065-50bf-4cc9-9643-1821f61b1803,dlg-e7133065-50bf-4cc9-9643-1821f61b1803_11_13,Sounds great. Could I hear something more like upbeat again something more exciting?,Here's I'm your Hoochie Coochie by Muddy Waters.,test
dlg-e7133065-50bf-4cc9-9643-1821f61b1803,dlg-e7133065-50bf-4cc9-9643-1821f61b1803_14_22,"Oh, good one. I like Hoochie Coochie.",Another song by Muddy Waters? Here's Muddy Waters - Got my Mojo Working. Here's Can't go wrong with Muddy Waters.,test
dlg-e73bfe0a-9423-4c2d-8125-547c7bf21642,dlg-e73bfe0a-9423-4c2d-8125-547c7bf21642_0_2,"Hello Assistant, I want to listen a song from Maichael Buble.","Michael Buble, correct?",train
dlg-e761bd79-cf3e-497f-af83-4d46db107bb1,dlg-e761bd79-cf3e-497f-af83-4d46db107bb1_2_7,"Hi, I'd like to listen to some new music and I have a couple of artists in mind. Okay, I'd like to try Billie Joel tonight. Find two new artists similar to Danger.",Have you heard of the artist Steely Dan? Here is Steely Dan performing Do it again.,train
dlg-e761bd79-cf3e-497f-af83-4d46db107bb1,dlg-e761bd79-cf3e-497f-af83-4d46db107bb1_8_12,"Nice jazz you feel to it already, I like that. This one's a winner. Can I hear a second song? So let's hear Billy Joel type of band or artist?","How about a song from Van Morrison? Here is Van Morrison performing his classic song, Moon dance.",train
dlg-e761bd79-cf3e-497f-af83-4d46db107bb1,dlg-e761bd79-cf3e-497f-af83-4d46db107bb1_14_21,"And for my next artist, I'd like to select Boz Scaggs.","An artist I found similar to Boz Scaggs is Tommy Castro, have you heard of this artist Pryor? Hears Tommy Castro performing Nasty habits. Here is Tommy Castro performing Had enough.",train
dlg-e77d0b6e-4b5b-4c5f-a197-23c61b291beb,dlg-e77d0b6e-4b5b-4c5f-a197-23c61b291beb_1_4,"Yeah. Could I hear something by Christina Aguilera, please?","Sure, you got it. Here is Christina Aguilera - Dirrty. Here is Christina Aguilera - Genie In A Bottle.",train
dlg-e77d0b6e-4b5b-4c5f-a197-23c61b291beb,dlg-e77d0b6e-4b5b-4c5f-a197-23c61b291beb_5_6,No. I don't really like this song. I'm sorry. Can I hear a similar artist?,Here is Britney Spears - Toxic.,train
dlg-e78f646c-e43e-4c26-aca3-040747fcd398,dlg-e78f646c-e43e-4c26-aca3-040747fcd398_2_6,Hi. I'd like to listen to some music by Jethro Tull.,"Sure, let me find you that. Just a moment. Here is a song called Locomotive Breath by Jethro Tull. Sure. Hold on for a second. Here is Aqualung by Jethro Tull.",train
dlg-e78f646c-e43e-4c26-aca3-040747fcd398,dlg-e78f646c-e43e-4c26-aca3-040747fcd398_8_10,"Thank you. You know, I'd like to hear something older. Can you get me an older song?",Here is To Cry You a song by Jethro Tull.,train
dlg-e7b2f472-c1a5-471d-ae69-fc62d49902dd,dlg-e7b2f472-c1a5-471d-ae69-fc62d49902dd_1_19,I would like to hear a song by Twenty One Pilots. I would like to hear a song of Blurry face. Yeah. I think the name of the song is Tear My Heart Out. The name of it is Ride.,This is a good song.,train
dlg-e7eba849-3dcd-4e45-9103-fb80d9c2217c,dlg-e7eba849-3dcd-4e45-9103-fb80d9c2217c_1_4,"Yeah, can you play me some music by the Counting Crows? The Counting Crows.",How about the song Round Here by Counting Crows?,train
dlg-e7eba849-3dcd-4e45-9103-fb80d9c2217c,dlg-e7eba849-3dcd-4e45-9103-fb80d9c2217c_6_7,That's pretty good. How about something else from the newer album?,Here is the song Hard Candy.,train
dlg-e7eba849-3dcd-4e45-9103-fb80d9c2217c,dlg-e7eba849-3dcd-4e45-9103-fb80d9c2217c_8_12,"Yeah, that's a good choice. I like that song. Could you play that for me? A cover of the Counting Crows song by another band?",Would you like me to play you a cover for the song Hard Candy? Here is the cover for the song Mr. Jones.,train
dlg-e7fd285a-5c49-4b87-950c-c48b6b54b850,dlg-e7fd285a-5c49-4b87-950c-c48b6b54b850_1_11,"Hi. Today, I'm looking to listen to some songs by the band Tool. The song is called Prison Sex. Thank you. The start of the song was something good. There's a lot of misconceptions about Tool, what their songs mean, I don't even know if this is about what the title says. Yeah. They did definitely stand out. I'd like to hear a song of their Animo album, the song is called Eulogy. Awesome. It sounded kind of like Indian music, a little bit, Indian influences.",This song is very instrumental.,test
dlg-e7fd285a-5c49-4b87-950c-c48b6b54b850,dlg-e7fd285a-5c49-4b87-950c-c48b6b54b850_12_13,"It took me a while to get into them, but, once I got into them. I appreciate their music a lot. It's got a deep message to it.",They grow better as artists. But great! I'm glad you are satisfied.,test
dlg-e83b26c4-d65c-40ad-9eb3-eb559cf8918b,dlg-e83b26c4-d65c-40ad-9eb3-eb559cf8918b_1_7,"Hi, can you put a music like August Burns Red?",Have you heard of the band Blessthefall or destroy the runner? Here is Hollow Bodies by Blessthefall. Here is Open Water by Blessthefall.,validation
dlg-e83b26c4-d65c-40ad-9eb3-eb559cf8918b,dlg-e83b26c4-d65c-40ad-9eb3-eb559cf8918b_8_11,"Okay, now can you play something that's like Katy Perry?",Here is Hey There Delilah by the Plain White T's. Here is Rhythm of Love by the Plain White T's.,validation
dlg-e851038b-5295-4019-8f18-d5683ca0518b,dlg-e851038b-5295-4019-8f18-d5683ca0518b_0_15,"Hi. I'd like to browse some new music, please. Zac Brown Band.",Have you heard of Dierks Bentley? Little big town? Tyler Farr? I Should Go To Church Sometime by Tyler Farr. Have you heard of Sam Hunt? Sam Hunt - Body Like A Back Road.,train
dlg-e8723cec-57ea-4a4a-96f2-cf9e38f80147,dlg-e8723cec-57ea-4a4a-96f2-cf9e38f80147_1_2,"I was wondering, could you play me some music? How about some Big Star?",Thirteen 1972 by Big Star. Did you get that video?,train
dlg-e8723cec-57ea-4a4a-96f2-cf9e38f80147,dlg-e8723cec-57ea-4a4a-96f2-cf9e38f80147_3_8,"Yeah. That's good choice, I like it so. How about a cover by a famous group by Big Star? Yeah, can you give a cover of Big Star by well known artist? No, I want a Big Star song sang by somebody else.",Got it. Hold on a second. Thirteen by Elliott Smith.,train
dlg-e8723cec-57ea-4a4a-96f2-cf9e38f80147,dlg-e8723cec-57ea-4a4a-96f2-cf9e38f80147_9_10,"Yes, pretty good. How about something from Elias Smith? A different song, one of his songs.","""Miss Misery"" by Elliott Smith.",train
dlg-e88a29fc-fb7d-4277-9182-a5a5d02cba81,dlg-e88a29fc-fb7d-4277-9182-a5a5d02cba81_0_4,"Hello, can you play me a song by Tico?","Did you say Tico? Okay, I got it. Here is Fox Stevenson by Tico. Go through with this.",train
dlg-e88c727d-5c9b-4a10-ac63-81e299d4f638,dlg-e88c727d-5c9b-4a10-ac63-81e299d4f638_0_5,"Hi, Today I need your help finding music to listen. I have a song in mind and a couple of other ones by the band Metallica. I'm looking for the song King Nothing.",Sure let me find Metallica - King nothing for you. Here is Metallica - King nothing.,train
dlg-e88c727d-5c9b-4a10-ac63-81e299d4f638,dlg-e88c727d-5c9b-4a10-ac63-81e299d4f638_7_9,"It was pretty good. Now, I would like to hear another song by Metallica. It's called Orion.",Okay here is Metallica - Orion.,train
dlg-e88c727d-5c9b-4a10-ac63-81e299d4f638,dlg-e88c727d-5c9b-4a10-ac63-81e299d4f638_11_13,It's one of the best songs that they wrote. I found the best albums.,A great track indeed.,train
dlg-e88c727d-5c9b-4a10-ac63-81e299d4f638,dlg-e88c727d-5c9b-4a10-ac63-81e299d4f638_15_18,"Back when Cliff Burton was still alive but that was his last album. They killed it on it. Now, I would like to hear another song by Metallica. It's called Spit Out The Bone.",Here is Metallica - Spit Out the Bone.,train
dlg-e88c727d-5c9b-4a10-ac63-81e299d4f638,dlg-e88c727d-5c9b-4a10-ac63-81e299d4f638_19_23,I'm really impressed with how the new album came out and thank you for pointing that. I can claim that they were able to make a thrash. So they combine like all genres that they made up to that point in their new album. The song is pretty heaven. That's what you want from them.,One of my favorites.,train
dlg-e8b90169-c13d-4bf9-b88f-1b33b7719d71,dlg-e8b90169-c13d-4bf9-b88f-1b33b7719d71_0_5,Hi. I'd like to hear some music by The Monkees. Let's go with the Daydream Believer.,Here is Daydream Believer by the Monkees.,train
dlg-e8b90169-c13d-4bf9-b88f-1b33b7719d71,dlg-e8b90169-c13d-4bf9-b88f-1b33b7719d71_6_9,Okay. I'd like to hear something older materials by The Monkees.,Here is Dream World by the Monkees.,train
dlg-e8b90169-c13d-4bf9-b88f-1b33b7719d71,dlg-e8b90169-c13d-4bf9-b88f-1b33b7719d71_10_13,"Okay, I don't want to hear that no more. I want to hear something new by The Monkees.",Here is Good Times by the Monkees.,train
dlg-e8f01709-bea2-440e-8329-dd5a8a6e9692,dlg-e8f01709-bea2-440e-8329-dd5a8a6e9692_1_2,Could you play a Drake song for me?,"Drake, correct?",train
dlg-e8f01709-bea2-440e-8329-dd5a8a6e9692,dlg-e8f01709-bea2-440e-8329-dd5a8a6e9692_4_7,"Oh yeah, I love this song. Great song but could you pick me something from the newer album? Could you play me something from Drake's newest album? Oh, yeah. Love the song, and this part one of my favorite songs. Cool. Could you play something where he has a collaboration with another artist?","Drake with another artist, correct?",train
dlg-e9529098-2e44-4a3a-b07f-819245099d47,dlg-e9529098-2e44-4a3a-b07f-819245099d47_2_8,Hello assistant. I'd like to hear some new music and I really like Adele. Could I hear music similar to Adele?,"Absolutely, have you heard of the artist named Feist? Here is Feist featuring Buck 65 performing One Evening. Absolutely, what about the artist name to Lily Allen? Does that name sound familiar?",test
dlg-e9529098-2e44-4a3a-b07f-819245099d47,dlg-e9529098-2e44-4a3a-b07f-819245099d47_9_10,"Lily Allen, I've never heard of her.",Here is Lily Allen Performing the song Smile.,test
dlg-e9529098-2e44-4a3a-b07f-819245099d47,dlg-e9529098-2e44-4a3a-b07f-819245099d47_13_20,Not bad. Could I hear one more new song similar to Adele?,"Fancy like Adele also like the band Alabama Shakes. Have you heard this band prior? Here are Alabama Shakes performing. Hold on. Glad I could assist with new music, however there's only one Adele. But still, enjoy and have a great day!",test
dlg-e994ecd2-d7fa-40b2-b506-0e374aceef4a,dlg-e994ecd2-d7fa-40b2-b506-0e374aceef4a_1_7,Hey. Could you play something by Lil Skies?,Okay. LIL SKIES - Lettuce Sandwich. Okay. YBN Nahmir - Bounce Out With That. This is YBN Nahmir's most recent song.,train
dlg-e9d5d126-0e64-46dd-b7f1-bb7d0b3d02d2,dlg-e9d5d126-0e64-46dd-b7f1-bb7d0b3d02d2_1_8,"Yeah, could you play me something by Lenny Kravitz?",Here is Lenny Kravits - Are You Gonna Go My Way.,train
dlg-e9d5d126-0e64-46dd-b7f1-bb7d0b3d02d2,dlg-e9d5d126-0e64-46dd-b7f1-bb7d0b3d02d2_10_13,"No, that's not good. How about same song by a different artist?",Here is Are You Gonna Go My Way by Christina Aguilera.,train
dlg-ea38e639-9468-4105-bbb4-37714b637b76,dlg-ea38e639-9468-4105-bbb4-37714b637b76_1_17,"Hi. I'd like to hear some latest music, please. I love David Bowie.","I apologise for that. Have you heard of the artist group called The Cure? Here's Just Like Heaven by The Cure. Okay, hold on just a second. Here's the song Pictures of You by The Cure. Okay. Just a moment. Have you listened to the artist named Toni Braxton? Here's the song Break My Heart by Toni Braxton.",train
dlg-ea38e639-9468-4105-bbb4-37714b637b76,dlg-ea38e639-9468-4105-bbb4-37714b637b76_18_19,Okay. Could I listen another song by Toni Braxton?,Here's the song He Wasn't Man Enough by Toni Braxton.,train
dlg-ea70ec7e-6505-4bf1-a57d-c51e3033842d,dlg-ea70ec7e-6505-4bf1-a57d-c51e3033842d_0_5,"Hi, I'm going to browse some music to listen to. I want to hear a song by the Rolling Stones. I want to hear Paint It Black. I want to hear something by the Rolling Stones. Paint It Black.",Here is Rolling Stones - Paint It Black.,train
dlg-ea70ec7e-6505-4bf1-a57d-c51e3033842d,dlg-ea70ec7e-6505-4bf1-a57d-c51e3033842d_6_7,"Okay, I want to hear something else, I want to hear Ruby Tuesday by the Rolling Stones.",Here is The Rolling Stones - Ruby Tuesday.,train
dlg-ea70ec7e-6505-4bf1-a57d-c51e3033842d,dlg-ea70ec7e-6505-4bf1-a57d-c51e3033842d_8_9,"Okay, now I want to hear Sympathy for the Devil. I want to hear newer material by the Rolling Stones and I think a newer song is Sympathy for the Devil.",Here is The Rolling Stones - Sympathy for the devil.,train
dlg-eae90fb2-429f-4490-aed7-2fd0bf9881fe,dlg-eae90fb2-429f-4490-aed7-2fd0bf9881fe_2_9,"Hey, could you play something by The Cranberries?",How about the song Linger by the artist The Cranberries? Here's the song Linger by the artist The Cranberries. Here is the song Never Grow Old from another album.,train
dlg-eae90fb2-429f-4490-aed7-2fd0bf9881fe,dlg-eae90fb2-429f-4490-aed7-2fd0bf9881fe_10_12,If you could find something newer that would be better.,How about the song called Why?,train
dlg-eae90fb2-429f-4490-aed7-2fd0bf9881fe,dlg-eae90fb2-429f-4490-aed7-2fd0bf9881fe_13_17,Why? I love the newer Cranberries stuff.,Here's the song called Why.,train
dlg-eb1665e2-9fd8-4dc4-9af1-a291be2b244d,dlg-eb1665e2-9fd8-4dc4-9af1-a291be2b244d_1_8,"Hi, I'd like to discover some new music, please. Josh Groban.",Have you heard of Jose Carreras? Here is the song Tristesse by Jose Carreras.,test
dlg-eb2a89e0-b006-4f3b-ac23-6ac631291685,dlg-eb2a89e0-b006-4f3b-ac23-6ac631291685_4_24,Can I have Sara Evans?,"Sara Evans. Let me find something similar to that. Have you heard about the artist Darius Rucker? Ok, how about Montgomery Gentry? Here is the song called Something To Be Proud Of by Montgomery Gentry. Have you heard about Sunny Sweeney? Let me play something by Sunny Sweeney. Here is the song called A Table Away by Sunny Sweeney.",test
dlg-eb2a89e0-b006-4f3b-ac23-6ac631291685,dlg-eb2a89e0-b006-4f3b-ac23-6ac631291685_26_29,"Yeah, that's much better comparison to Sara Evans than Montgomery Gentry was. Yes, I liked it a lot.",Do you want me to play you another song by Sunny Sweeney? Here's the song Fall For Me by Sunny Sweeney.,test
dlg-eb2c0612-36fd-4539-a46e-c48dcd58e2cc,dlg-eb2c0612-36fd-4539-a46e-c48dcd58e2cc_2_6,I want to listen some music by Rivers of Nihil.,Here's Perpetual Growth Machine by Rivers of Nihil. Here's Sand Baptism by Rivers of Nihil.,train
dlg-eb2c0612-36fd-4539-a46e-c48dcd58e2cc,dlg-eb2c0612-36fd-4539-a46e-c48dcd58e2cc_8_11,It's becoming one of my new favorites.,Here's The Conscious Seed of Light by Rivers of Nihil.,train
dlg-eb2c0612-36fd-4539-a46e-c48dcd58e2cc,dlg-eb2c0612-36fd-4539-a46e-c48dcd58e2cc_13_14,That's a pretty good song. What album is this from?,The Conscious Seed of Light.,train
dlg-eb454745-3ecb-4c95-bdd4-2c9fae0e85a1,dlg-eb454745-3ecb-4c95-bdd4-2c9fae0e85a1_1_3,I would like to listen to something from Green Carnation. Can you help me with that?,"Okay, I have found Light Of Day, Day Of Darkness by Green Carnation for you. Go through with this.",train
dlg-eb454745-3ecb-4c95-bdd4-2c9fae0e85a1,dlg-eb454745-3ecb-4c95-bdd4-2c9fae0e85a1_4_11,"This is an amazing song and I love it, but I was actually listening to it. Can I hear something a little shorter?",Okay. I have found Between the Gentle Small and the Standing Tall by Green Carnation for you. Go through with this. I have found Acoustic Verses by Green Carnation for you. Go through with this.,train
dlg-eb8ae47c-2c0a-49ca-aea8-716681001f85,dlg-eb8ae47c-2c0a-49ca-aea8-716681001f85_1_6,"Hi, I'd like to find some new music to listen to. Okay, for the first band, I'd like to base it on Black Crown Initiate.","Okay, have you heard of Septicflesh? Septicflesh - Martyr.",train
dlg-eb8ae47c-2c0a-49ca-aea8-716681001f85,dlg-eb8ae47c-2c0a-49ca-aea8-716681001f85_7_11,"Alright, that sounds good. Yeah. I think I like these guys, it's pretty good.",Have you heard of Absence? The Absence - Dead and Gone.,train
dlg-eb8ae47c-2c0a-49ca-aea8-716681001f85,dlg-eb8ae47c-2c0a-49ca-aea8-716681001f85_12_13,"These guys are pretty good, too.","Okay, let's look for something based on another of your favorite artists.",train
dlg-eb8ae47c-2c0a-49ca-aea8-716681001f85,dlg-eb8ae47c-2c0a-49ca-aea8-716681001f85_14_17,"Alright, how about Beyond Creation?",Have you heard of Arkaik? ARKAIK - Order of the Hierogon.,train
dlg-eb8ae47c-2c0a-49ca-aea8-716681001f85,dlg-eb8ae47c-2c0a-49ca-aea8-716681001f85_18_21,"These guys are pretty good, too.",TERAMOBIL - Multispectral Supercontinuum.,train
dlg-eb8fd8d0-3223-4afb-949d-9ea2bc2e23fd,dlg-eb8fd8d0-3223-4afb-949d-9ea2bc2e23fd_1_2,Hi. Can you play me a song by Nirvana?,"Nirvana , sure. Any particular album?",train
dlg-ebf61eca-47b2-477c-8abe-0befc120e70d,dlg-ebf61eca-47b2-477c-8abe-0befc120e70d_3_8,I'm thinking rock a band I really like is Rise Against.,Rise Against - Satellite.,train
dlg-ebf61eca-47b2-477c-8abe-0befc120e70d,dlg-ebf61eca-47b2-477c-8abe-0befc120e70d_9_16,What about something older?,Rise Against - Give It All. Rise Against - Injection.,train
dlg-ebfc817f-5a22-433d-9d02-7f8c18b89031,dlg-ebfc817f-5a22-433d-9d02-7f8c18b89031_0_7,Could you play a song by Little Mix?,Did you say little mix? Here is Little Mix performing power. Here is Little Mix performing black magic.,train
dlg-ec67b4e4-3230-4aea-be70-6f74d4a5572c,dlg-ec67b4e4-3230-4aea-be70-6f74d4a5572c_0_5,"Hi Assistant, Can I hear something by Taylor Swift?","Hello, Here is Taylor Swift Today Was a Fairytale. Here is Taylor Swift Out of the Woods. Once again here is out of the woods bye taylor swift.",train
dlg-ec67b4e4-3230-4aea-be70-6f74d4a5572c,dlg-ec67b4e4-3230-4aea-be70-6f74d4a5572c_7_9,I don't like that one. Can you play Shake It Off?,Here is Taylor Swift Shake It Off.,train
dlg-ec67b4e4-3230-4aea-be70-6f74d4a5572c,dlg-ec67b4e4-3230-4aea-be70-6f74d4a5572c_10_16,Taylor Swift Shake It Off. That video is also not playing. Stephanie was also not playing. Can you play All You Had to Do Was Stay?,Here is all you had to do was Stay by Taylor Swift.,train
dlg-ec969640-3f52-4d01-949e-7d5ed25495ea,dlg-ec969640-3f52-4d01-949e-7d5ed25495ea_0_3,I need help playing a song by As I Lay Dying.,Here is As I Lay Dying - I never wanted.,train
dlg-ec969640-3f52-4d01-949e-7d5ed25495ea,dlg-ec969640-3f52-4d01-949e-7d5ed25495ea_4_6,Can you change the music to a similar song by a different artist?,Here is a cover of As I Lay Dying.,train
dlg-ec969640-3f52-4d01-949e-7d5ed25495ea,dlg-ec969640-3f52-4d01-949e-7d5ed25495ea_7_9,I don't want this playing. Can you play the same song by a different artist?,Here is the song played by the Parallels.,train
dlg-ecb196e8-673f-4e8f-9dae-0a12e9e899ca,dlg-ecb196e8-673f-4e8f-9dae-0a12e9e899ca_2_3,Something by The Cranberries.,Here's the song Zombie by The Cranberries.,test
dlg-ecb196e8-673f-4e8f-9dae-0a12e9e899ca,dlg-ecb196e8-673f-4e8f-9dae-0a12e9e899ca_6_10,"Yeah, I like that song. That's good. Hey, can you find something by Steelheart?",Here's the song I'll never let you go by Steelheart.,test
dlg-ecb196e8-673f-4e8f-9dae-0a12e9e899ca,dlg-ecb196e8-673f-4e8f-9dae-0a12e9e899ca_12_15,Can you find me something like in the '90s?,Here is the song Lithium by Nirvana.,test
dlg-ecc76116-47e4-4026-a334-a3ea28885eaa,dlg-ecc76116-47e4-4026-a334-a3ea28885eaa_1_13,I would like help in finding new music to listen to. Linkin Park.,Let me see what I can find similar to Linkin Park. Have you heard about Simple Plan? Or Rammstein? So let me play you something by Simple Plan. Here is the song called I'm Just A Kid by Simple Plan. Here is another song called Your Love Is A Lie by Simple plan.,train
dlg-ecc76116-47e4-4026-a334-a3ea28885eaa,dlg-ecc76116-47e4-4026-a334-a3ea28885eaa_14_23,This band is good.,How about Alien Ant Farm? Let me play something. Here is the song called These Days by Alien Ant Farm. Here is another song called Glow by Alien Ant Farm.,train
dlg-ecd740fb-32e1-4dc0-8a5d-2fcc4309f5ff,dlg-ecd740fb-32e1-4dc0-8a5d-2fcc4309f5ff_0_1,"Hi, could you play me something by Katy Perry?","Sure thing, here is Katy Perry - Bon Appetit.",train
dlg-ecd740fb-32e1-4dc0-8a5d-2fcc4309f5ff,dlg-ecd740fb-32e1-4dc0-8a5d-2fcc4309f5ff_2_3,"Yes, not a well like four. How about something older?","Ok, here is Katy Perry's Firework.",train
dlg-ecd740fb-32e1-4dc0-8a5d-2fcc4309f5ff,dlg-ecd740fb-32e1-4dc0-8a5d-2fcc4309f5ff_4_7,It's still playing the same song. It's still playing the same song. It hasn't switched.,Here is Katy Perry with thinking of you.,train
dlg-ecd740fb-32e1-4dc0-8a5d-2fcc4309f5ff,dlg-ecd740fb-32e1-4dc0-8a5d-2fcc4309f5ff_8_10,"Yeah, that's not really what I'm looking for either. How about a cover of somebody singing Katy Perry's Firework?",Here is Megan Nicole with Katy Perry's Firework.,train
dlg-ed005627-108e-4bac-b022-ecc30812cc9e,dlg-ed005627-108e-4bac-b022-ecc30812cc9e_1_4,I'd like some help in browsing the music of Darius Rucker.,How about the song Wagon Wheel by Darius Rucker? Here's Wagon Wheel by Darius Rucker.,train
dlg-ed005627-108e-4bac-b022-ecc30812cc9e,dlg-ed005627-108e-4bac-b022-ecc30812cc9e_6_9,"An excellent starter. A really nice song. Let's try a different song from the same album, please.",Here is True Believers by the artist Darius Rucker.,train
dlg-ed005627-108e-4bac-b022-ecc30812cc9e,dlg-ed005627-108e-4bac-b022-ecc30812cc9e_10_12,"Okay. I don't know that song even though 3 million people have heard it on YouTube. So, that was another good choice. I like it. Let's try something from a different album, please.",Here is If I Told You by the artist Darius Rucker.,train
dlg-ed51fd06-c682-4257-8032-5304c067cae4,dlg-ed51fd06-c682-4257-8032-5304c067cae4_1_6,I am wanting to listen to new music. I like the artist Fifth Harmony. Okay. Could you play me some artists that are like Fifth Harmony?,Have you heard of Mindless Behavior or Becky G?,validation
dlg-ed51fd06-c682-4257-8032-5304c067cae4,dlg-ed51fd06-c682-4257-8032-5304c067cae4_7_10,No. Could you play Becky G?,Here are Mayores ft. Bad Bunny by Becky G.,validation
dlg-ed51fd06-c682-4257-8032-5304c067cae4,dlg-ed51fd06-c682-4257-8032-5304c067cae4_11_17,"Okay, yeah. I like that song. Let's see. Is there another artist that you could play for me that's kind of like Fifth Harmony and Becky G together?",Have you heard of Matty B? Here is Right in front of you by Matty B.,validation
dlg-ed7858af-576e-4045-9492-f0af2428d9be,dlg-ed7858af-576e-4045-9492-f0af2428d9be_2_3,"Hello, can you play Composure August Burns Red?","Here is Composure, by August Burns Red.",train
dlg-ed7858af-576e-4045-9492-f0af2428d9be,dlg-ed7858af-576e-4045-9492-f0af2428d9be_4_6,This is a good song. Can you play Black Beatle by Rae Sremmurd?,Here is the song Black Beatles by our last night.,train
dlg-ed99d610-51cc-443f-9f50-ee6c2035e3cc,dlg-ed99d610-51cc-443f-9f50-ee6c2035e3cc_1_16,"Yes, I'd like to hear some new music that I haven't heard yet. Yes. I'd like to hear some new music, please. Give me Hardwell and Tiesto similarity.",Have you heard of Bassjackers? Bassjackers & MAKJ - DERP (Official Video). Have you heard of Paul Oakenfold? Paul Oakenfold - Dreamstate Theme (Kyau & Albert Remix).,train
dlg-eda2d0e0-04d7-4965-8b22-495b415391a0,dlg-eda2d0e0-04d7-4965-8b22-495b415391a0_1_6,Hello! I want to here Brand new songs.,"Here is Brand new - Jesus Christ. Here is Brand new - Daisy. Here is Brand New - ""I Am A Nightmare"".",train
dlg-edaa8c12-a073-4de3-a8fd-41d59639a558,dlg-edaa8c12-a073-4de3-a8fd-41d59639a558_0_1,I would like to hear music from the band Korn.,You got it Korn coming up. Here is Korn with die yet another night.,train
dlg-edaa8c12-a073-4de3-a8fd-41d59639a558,dlg-edaa8c12-a073-4de3-a8fd-41d59639a558_2_3,"Well, I like this. I like the guitar on this song. It really makes me energized. I would like to hear now some music that is much older from the '90s.",You really are a good fan. Here is Party Up by DMX.,train
dlg-edaa8c12-a073-4de3-a8fd-41d59639a558,dlg-edaa8c12-a073-4de3-a8fd-41d59639a558_4_7,I like the guitars on this song. It's really great. It was such a popular song.,Sure thing. Here is Nickelback with How You Remind Me.,train
dlg-edb8e7ed-76e9-4b15-a676-8d75771ae274,dlg-edb8e7ed-76e9-4b15-a676-8d75771ae274_1_2,"Hi. Can you play something by Creed, please?",Creed- My Sacrifice.,test
dlg-edb8e7ed-76e9-4b15-a676-8d75771ae274,dlg-edb8e7ed-76e9-4b15-a676-8d75771ae274_4_5,Now play a different song by Creed.,Creed- With Arms Wide Open.,test
dlg-edb8e7ed-76e9-4b15-a676-8d75771ae274,dlg-edb8e7ed-76e9-4b15-a676-8d75771ae274_7_10,"Can you play something latest from them, please?",Creed - Rarities.,test
dlg-edc1d55b-a28c-40a2-babd-4cc5baaebd02,dlg-edc1d55b-a28c-40a2-babd-4cc5baaebd02_1_6,Can you play something by The Cars?,The Cars. Let me see what I can find for you? How about the song Shake it up by The Cars? Here's the song Shake it up by The Cars.,train
dlg-edc1d55b-a28c-40a2-babd-4cc5baaebd02,dlg-edc1d55b-a28c-40a2-babd-4cc5baaebd02_7_12,Can you find kind of the same genre of song but play like a different performer?,How about the song Dancing With Myself by Billy Idol?,train
dlg-edc1d55b-a28c-40a2-babd-4cc5baaebd02,dlg-edc1d55b-a28c-40a2-babd-4cc5baaebd02_13_14,It sounds good.,Here's the song Dancing With Myself by Billy Idol.,train
dlg-edc1d55b-a28c-40a2-babd-4cc5baaebd02,dlg-edc1d55b-a28c-40a2-babd-4cc5baaebd02_16_20,And that's kind of a quashed song. Can you find something else by Billy Idol?,Here's another song called Eyes Without A Face by billy idol.,train
dlg-edd78e76-36f8-4d57-a979-a9bb81f3386e,dlg-edd78e76-36f8-4d57-a979-a9bb81f3386e_1_5,Can you play a song by George Strait? Run by George Strait.,Here is the song called run by George strait.,train
dlg-edd78e76-36f8-4d57-a979-a9bb81f3386e,dlg-edd78e76-36f8-4d57-a979-a9bb81f3386e_6_9,Yeah. I like that song. Can you play another one by George Strait that's a little bit more mellower tempo?,Here is the song called Troubadour by George strait.,train
dlg-edd78e76-36f8-4d57-a979-a9bb81f3386e,dlg-edd78e76-36f8-4d57-a979-a9bb81f3386e_12_13,Yeah. That's a good song. I need something with a little bit more with a duet with a any particular singer.,Here is the George Strait & Sheryl Crow Duet.,train
dlg-edf618fb-ada2-4db9-8111-a468b11d6643,dlg-edf618fb-ada2-4db9-8111-a468b11d6643_1_6,Yeah. I'd like to hear a song by David Bowie David Bowie Dancing In The Street. Can you hear that?,One moment please? Here is dancing in the streets by David Bowie. Go through the video. Here is dancing in the streets by David Bowie.,train
dlg-edf618fb-ada2-4db9-8111-a468b11d6643,dlg-edf618fb-ada2-4db9-8111-a468b11d6643_8_10,"Wow, that's a great song. I used to dance to it. Could I hear China Girl by David Bowie, please?",Let me get that for you. Here is China Girl by David Bowie. Go through the video. Here is China Girl by David Bowie.,train
dlg-edf618fb-ada2-4db9-8111-a468b11d6643,dlg-edf618fb-ada2-4db9-8111-a468b11d6643_12_13,"All right, that was a great song. My girlfriend used to dance that tune. I'd like to hear another David's Bowie song, please.",Here is Starman by David Bowie. Go through the  video.,train
dlg-ee38936c-49c5-4677-b9f8-4ebe1f4d685f,dlg-ee38936c-49c5-4677-b9f8-4ebe1f4d685f_3_9,"Can you help me with that? I kind of like surf rock, I kind of like The Beach Boys but not The Beach Boys, you know?","Okay, I can help you with that. Let me find something similar to The Beach Boys. Yes, I found a similar artist called Duane Eddy. Here's the song Rebel Rouser by Duane Eddy.",validation
dlg-ee38936c-49c5-4677-b9f8-4ebe1f4d685f,dlg-ee38936c-49c5-4677-b9f8-4ebe1f4d685f_10_13,"Yeah, that's cool. I like that. That was a good find I got to tell you.",Here's the song Forty Miles of Bad Road by Duane Eddy.,validation
dlg-ee38936c-49c5-4677-b9f8-4ebe1f4d685f,dlg-ee38936c-49c5-4677-b9f8-4ebe1f4d685f_16_19,"Yeah, that's cool. That's completely new to me. That is really cool. Hey, I like James Taylor. So can you find something kind of like James Taylor but not by James Taylor. You know what I mean just like the first one over again but for James Taylor. So like James Taylor, he's a good singer.",I'll find a song similar to James Taylor for you.,validation
dlg-ee38936c-49c5-4677-b9f8-4ebe1f4d685f,dlg-ee38936c-49c5-4677-b9f8-4ebe1f4d685f_20_23,"Yeah, kind of foxy.",Have you heard of the artist Nick Drake? He looks like a similar artist to James Taylor. Here's the song day is done by Nick Drake.,validation
dlg-ee38936c-49c5-4677-b9f8-4ebe1f4d685f,dlg-ee38936c-49c5-4677-b9f8-4ebe1f4d685f_24_26,"Yeah, that's super cool. I like it. It is a lot like James Taylor. Can you find something else by Mr. Drake?",Here's the song Pink Moon by Nick Drake.,validation
dlg-ee4cc788-6ff4-4656-8714-cc416a3671cf,dlg-ee4cc788-6ff4-4656-8714-cc416a3671cf_1_15,"I was wondering if you would play Tears for Fears. Oh I'm sorry, Tears for Fears.",Here is Tears For Fears: Head Over Heels. Here is Tears For Fears Everybody Wants To Rule The World. Here is Tears for Fears- Mad World. Here is Thompson Twins - Doctor Doctor. Here is Thompson Twins - Hold Me Now (cover). Here is Thompson Twins - Hold Me Now.,train
dlg-ee741f7b-e040-498a-b76e-e5ca88346272,dlg-ee741f7b-e040-498a-b76e-e5ca88346272_0_2,I'd like to hear something by Third Eye Blind.,Here is Third Eye Blind with how is it going to be.,train
dlg-ee741f7b-e040-498a-b76e-e5ca88346272,dlg-ee741f7b-e040-498a-b76e-e5ca88346272_4_16,Can you change this to something similar by a different artist?,"Here is Incubus with Drive. A different album from Third Eye Blind, is that correct? Here is semi-charmed Life by Third Eye Blind.",train
dlg-ee741f7b-e040-498a-b76e-e5ca88346272,dlg-ee741f7b-e040-498a-b76e-e5ca88346272_19_20,I really liked this song in the 90s.,It is a great song and you are great fan.,train
dlg-ee7b1e0d-16ef-475d-9425-c66d8367345d,dlg-ee7b1e0d-16ef-475d-9425-c66d8367345d_0_12,Hi. I'm looking for new music like Lorde. I'm looking for new music to find. I like the artist Lorde.,Have you listened to Melanie Martinez? Here is Mad Hatter by Melanie Martinez. Here is Mrs. Potato Head by Melanie Martinez. Have you listened to Jhene Aiko? Here is The Worst by Jhene Aiko.,train
dlg-ee7b1e0d-16ef-475d-9425-c66d8367345d,dlg-ee7b1e0d-16ef-475d-9425-c66d8367345d_13_14,Can I hear a different song? This one is blocked.,Here is Sativa by Jhene Aiko.,train
dlg-ee9ccf64-900e-45de-8407-16206bd9ad41,dlg-ee9ccf64-900e-45de-8407-16206bd9ad41_0_2,Hi. I would like to hear something by Lady Gaga.,Here's Lady Gaga - Born This Way.,train
dlg-ee9ccf64-900e-45de-8407-16206bd9ad41,dlg-ee9ccf64-900e-45de-8407-16206bd9ad41_3_4,This video is blocked. Can you play a different version?,Sure. Here's Lady Gaga - Born This Way.,train
dlg-ee9ccf64-900e-45de-8407-16206bd9ad41,dlg-ee9ccf64-900e-45de-8407-16206bd9ad41_5_7,This version is also blocked. Can you play another version? I would like to hear newer material.,Here's Lady Gaga - Million Reasons.,train
dlg-ee9ccf64-900e-45de-8407-16206bd9ad41,dlg-ee9ccf64-900e-45de-8407-16206bd9ad41_8_10,I don't want that. I would like to hear this song by a different artist.,Here's Christian Cuevas - Million Reasons - Studio Version.,train
dlg-ee9ccf64-900e-45de-8407-16206bd9ad41,dlg-ee9ccf64-900e-45de-8407-16206bd9ad41_11_14,This video is blocked. Can you play another artist same song?,Here's Million Reasons - Lady Gaga cover.,train
dlg-ee9ccf64-900e-45de-8407-16206bd9ad41,dlg-ee9ccf64-900e-45de-8407-16206bd9ad41_15_16,I really like this version. It sounds great.,She has a really nice voice.,train
dlg-ef15859e-e510-46b7-a353-5e902811c186,dlg-ef15859e-e510-46b7-a353-5e902811c186_4_12,Can you give me a My Chemical Romance song?,Here is My Chemical Romance by Helena. Here is This is Gospel by Panic at the Disco.,validation
dlg-ef15859e-e510-46b7-a353-5e902811c186,dlg-ef15859e-e510-46b7-a353-5e902811c186_13_16,Do you have anything newer?,Here is Victorious by Panic at the Disco.,validation
dlg-ef229805-cc9f-4fca-8330-7ccd88392eea,dlg-ef229805-cc9f-4fca-8330-7ccd88392eea_2_8,"Hi, can you play something by August Burns Red, please?","Just to confirm that you said August Burns Red, is that right? Here is Beauty in Tragedy by August Burns Red.",train
dlg-ef229805-cc9f-4fca-8330-7ccd88392eea,dlg-ef229805-cc9f-4fca-8330-7ccd88392eea_9_12,"Okay, this is pretty good. Can you play something older by August Burns Red?",Here is Marianas Trench by August Burns Red.,train
dlg-ef229805-cc9f-4fca-8330-7ccd88392eea,dlg-ef229805-cc9f-4fca-8330-7ccd88392eea_14_19,"Oh, this is good. Okay, can you play something from August Burns Red's new album?",Here is king of Sorrow by August Burns Red.,train
dlg-ef4c07e2-4f10-436f-a786-fdebbff95e66,dlg-ef4c07e2-4f10-436f-a786-fdebbff95e66_1_3,"Hey, could you play something by The Offspring?",The Offspring - Self Esteem.,validation
dlg-ef4c07e2-4f10-436f-a786-fdebbff95e66,dlg-ef4c07e2-4f10-436f-a786-fdebbff95e66_4_6,That's a great song. Could we listen to something more recent?,The Offspring - The Kids Aren't Alright.,validation
dlg-ef4c07e2-4f10-436f-a786-fdebbff95e66,dlg-ef4c07e2-4f10-436f-a786-fdebbff95e66_7_10,"Oh, that one's blocked.","Oh, no. I will find a new song. The Offspring - Days Go By (acoustic).",validation
dlg-ef7abe44-315d-47dd-b10d-7b7ce5eb45f8,dlg-ef7abe44-315d-47dd-b10d-7b7ce5eb45f8_0_5,Hi assistant. I'm trying to listen to a song from Epik High.,"Here is Epik High with pieces of you. Okay you got it. Here is Epik High featuring lee,  Can you hear my heart.",train
dlg-ef944076-2f39-4d11-b4a8-d340b68ecc4b,dlg-ef944076-2f39-4d11-b4a8-d340b68ecc4b_0_3,"I'm a big hip hop, fan but I'm looking for some new music. Could you find me something like a kind of like Price Paul?",Prince Paul from De La Soul? Have you listened to DJ Shadow?,train
dlg-ef944076-2f39-4d11-b4a8-d340b68ecc4b,dlg-ef944076-2f39-4d11-b4a8-d340b68ecc4b_4_5,"No, I haven't heard of DJ Shadow before. Can you play me something by him or her?","Here is DJ Shadow Feat Mistah Fab, Turf Talk & Keak Da Sneak - 3 Freaks (Droop-E Remix). A personal favorite of mine.",train
dlg-ef944076-2f39-4d11-b4a8-d340b68ecc4b,dlg-ef944076-2f39-4d11-b4a8-d340b68ecc4b_6_7,"Oh, that's trash. Yeah, I'm into that. Could you play me something else by DJ Shadow?",Here is DJ Shadow - Backstage Girl.,train
dlg-ef944076-2f39-4d11-b4a8-d340b68ecc4b,dlg-ef944076-2f39-4d11-b4a8-d340b68ecc4b_8_11,"Well, I'm not so really into Bikini Kill. I'm also really into Bikini Kill and now I don't mind at all.",Is that hip hop?,train
dlg-ef944076-2f39-4d11-b4a8-d340b68ecc4b,dlg-ef944076-2f39-4d11-b4a8-d340b68ecc4b_14_17,"Okay, I'd like something by the artist Tupac.",Everyone that came after Tupac is like Tupac. How about a Redman?,train
dlg-ef944076-2f39-4d11-b4a8-d340b68ecc4b,dlg-ef944076-2f39-4d11-b4a8-d340b68ecc4b_18_19,Can you play me something by Redman?,"Absolutely, I got classics. Here is Redman - Tonight's Da Night.",train
dlg-ef944076-2f39-4d11-b4a8-d340b68ecc4b,dlg-ef944076-2f39-4d11-b4a8-d340b68ecc4b_20_21,"Yeah, I like his fashion. Could you find me something else by Redman?",Here is Redman- Fire. My personal favorite Redman album.,train
dlg-ef9fa989-0acc-4b1c-a8ac-fd6fe62cced9,dlg-ef9fa989-0acc-4b1c-a8ac-fd6fe62cced9_0_2,"Hi, I was wanting to find to listen to some music by I was looking to listen to some music by Beyond Creation.",Here's the song Earth-Born Evolution by Beyond Creation.,train
dlg-ef9fa989-0acc-4b1c-a8ac-fd6fe62cced9,dlg-ef9fa989-0acc-4b1c-a8ac-fd6fe62cced9_3_6,"I didn't know they had a music video for this song. That's pretty awesome. All right, Can I hear something else off of this album?",Here's the song Abstaint Dialogue by Beyond Creation. Here's the song the Aura by Beyond Creation from their first album the Aura.,train
dlg-efa49b30-9af7-4fd9-8a0a-6974b6adace7,dlg-efa49b30-9af7-4fd9-8a0a-6974b6adace7_2_3,Play something more Lo-fi.,Here's Miles Davis & John Coltrane - Kind of blue.,train
dlg-efa49b30-9af7-4fd9-8a0a-6974b6adace7,dlg-efa49b30-9af7-4fd9-8a0a-6974b6adace7_4_5,Play something newer.,Here is Kamasi Washington - Truth.,train
dlg-efb9895a-7bb5-4c0e-acd2-f2119e8156b9,dlg-efb9895a-7bb5-4c0e-acd2-f2119e8156b9_1_8,"Hey, Can you play some music by The Zombies?","Of course, The Zombies - She's Not There. Sure, The Zombies - Road Runner. Ok, The Zombies - Beyond the Borderline",train
dlg-efc5face-da30-43f2-9624-3b7f86536ca9,dlg-efc5face-da30-43f2-9624-3b7f86536ca9_1_4,I'd like to hear something by The Ramones.,Here is Blitzkrieg Bop By The Ramones. Here is Poison Heart - Ramones.,train
dlg-efc5face-da30-43f2-9624-3b7f86536ca9,dlg-efc5face-da30-43f2-9624-3b7f86536ca9_5_6,"That version of the video is blocked, can you play another version?",Here is My Sharona (Ramones).,train
dlg-efc5face-da30-43f2-9624-3b7f86536ca9,dlg-efc5face-da30-43f2-9624-3b7f86536ca9_7_8,"Don't like to wait. You know I really don't feel like listening to the Ramones after all, can I hear something from a similar artist?",Here is Sex Pistols - Anarchy In The UK.,train
dlg-eff2637b-b923-4a7c-8781-7c9c65f88ba4,dlg-eff2637b-b923-4a7c-8781-7c9c65f88ba4_7_14,"Okay, that was a nice trail but I was looking for Camper Van Beethoven.",Here is your song. When I win the Lottery by Camper Van Beethoven. Here is white fluffy clouds by Camper Van Beethoven from their album New Roman Times.,train
dlg-eff2637b-b923-4a7c-8781-7c9c65f88ba4,dlg-eff2637b-b923-4a7c-8781-7c9c65f88ba4_15_19,"No, how about an older song?",Here is King Nothing by Metallica.,train
dlg-eff59c28-c043-41b2-a5c6-7509ca43c96f,dlg-eff59c28-c043-41b2-a5c6-7509ca43c96f_1_2,Hi. Can you play something by Nirvana?,Here is your song. The Man Who Sold The World by Nirvana.,train
dlg-eff59c28-c043-41b2-a5c6-7509ca43c96f,dlg-eff59c28-c043-41b2-a5c6-7509ca43c96f_3_4,That's good. Can you play Sappy by Nirvana?,Here is Sappy by Nirvana.,train
dlg-eff59c28-c043-41b2-a5c6-7509ca43c96f,dlg-eff59c28-c043-41b2-a5c6-7509ca43c96f_5_6,I really like that song but I want to listen to something by Blandest right now. Can you play Blandest?,"Here is your song, Blandest by Nirvana.",train
dlg-f021ffb5-b25a-4bd9-920e-57f43d9fafe8,dlg-f021ffb5-b25a-4bd9-920e-57f43d9fafe8_1_2,"Hi, today I need your help finding music to listen to. I'm looking for a song by Bonobo. It's called All In Forms.",Bonobo - All In Forms.,train
dlg-f021ffb5-b25a-4bd9-920e-57f43d9fafe8,dlg-f021ffb5-b25a-4bd9-920e-57f43d9fafe8_5_8,I love how this song just breaks down into like emotional kind of hip hop beat which is pretty cool. He did pretty good on this album. Now I'd like to hear another song by Bonobo. It's called Animals.,Bonobo - Animals.,train
dlg-f0575689-ce5f-444f-a440-c25f5d6030e8,dlg-f0575689-ce5f-444f-a440-c25f5d6030e8_2_8,"Hi Assistant, I'd like to hear some music by the temptations.",Here's The Temptations - My Girl.,train
dlg-f0575689-ce5f-444f-a440-c25f5d6030e8,dlg-f0575689-ce5f-444f-a440-c25f5d6030e8_10_32,"Oh, that one's not playing. You got a different one by The Temptations? Thank you.",Here's My Girl by The Temptations with lyrics. Here's Barry White - Never Gonna Give You Up. Here's Stevie Wonder - I Just Called To Say I Love You.,train
dlg-f066ae14-c437-4ee7-addc-ea63bcec0e05,dlg-f066ae14-c437-4ee7-addc-ea63bcec0e05_0_5,"Hi, can I hear a song similar to Tom Petty? I'm trying to hear something new to listen to.",Have you listened to the Eagles? Here's Hotel California by the Eagles.,train
dlg-f066ae14-c437-4ee7-addc-ea63bcec0e05,dlg-f066ae14-c437-4ee7-addc-ea63bcec0e05_6_9,Can I hear another new artist similar to Tom Petty?,Have you listened to Fleetwood Mac? Here's Dream by Fleetwood Mac.,train
dlg-f0cbbf59-4276-4bb7-b58d-67ba38322a05,dlg-f0cbbf59-4276-4bb7-b58d-67ba38322a05_1_3,"Hi, I'm a big fan of Owen Campbell. Could I hear Rhinestone Cowboy by him on YouTube?",Here is Rhinestone Cowboy by Owen Campbell.,train
dlg-f0cbbf59-4276-4bb7-b58d-67ba38322a05,dlg-f0cbbf59-4276-4bb7-b58d-67ba38322a05_5_7,Can I hear Country Boy by Glen Campbell instead?,Here is Country Boy by Glen Campbell.,train
dlg-f0cbbf59-4276-4bb7-b58d-67ba38322a05,dlg-f0cbbf59-4276-4bb7-b58d-67ba38322a05_8_11,"Alright, could I hear Southern Nights by Glen Campbell? That's my favorite song.",Here is Southern Nights by Glen Campbell.,train
dlg-f0d0894b-2410-49ae-bacb-31784194e0ed,dlg-f0d0894b-2410-49ae-bacb-31784194e0ed_2_5,I'm looking for music to listen to. I'm looking for a Metallica song. It's called One.,I will be playing One by Metallica.,test
dlg-f0d0894b-2410-49ae-bacb-31784194e0ed,dlg-f0d0894b-2410-49ae-bacb-31784194e0ed_7_8,And they're still going harder with this types of songs. Definitely one of the best bands in a long time.,They are one of the best.,test
dlg-f0d0894b-2410-49ae-bacb-31784194e0ed,dlg-f0d0894b-2410-49ae-bacb-31784194e0ed_9_13,I think their new album brings back the thresh that they used to make. Like ¨one¨ and songs from ¨Justice for All¨. Now I'll like to here another song by Metallica and it's of the new record it's called Am I Savage. I like the tone of it in this. It's not fresh but it gets pretty heavy and It's good to see that they're still making songs like that.,"Yes, because their last album previous to this was not really good.",test
dlg-f0d0894b-2410-49ae-bacb-31784194e0ed,dlg-f0d0894b-2410-49ae-bacb-31784194e0ed_14_15,I mean they are not old yet but they are getting up there. So it's cool to see that they can still make this kind of music.,They are rock Legends for sure.,test
dlg-f0d26fae-1a98-4373-bd6f-7915bf4fbe70,dlg-f0d26fae-1a98-4373-bd6f-7915bf4fbe70_1_4,Can you play some rap music for me?,Rich Brian - Enemies. This video has the audio removed.,train
dlg-f0d26fae-1a98-4373-bd6f-7915bf4fbe70,dlg-f0d26fae-1a98-4373-bd6f-7915bf4fbe70_6_8,"Well, can you play like some more like old school rap music?",Tupac Shakur - Dear Mama.,train
dlg-f0d26fae-1a98-4373-bd6f-7915bf4fbe70,dlg-f0d26fae-1a98-4373-bd6f-7915bf4fbe70_9_11,Okay. Can you play me I need some East Coast rap.,Jadakiss - Pain and Torture.,train
dlg-f0d26fae-1a98-4373-bd6f-7915bf4fbe70,dlg-f0d26fae-1a98-4373-bd6f-7915bf4fbe70_12_14,Okay. And then can you play maybe some newer rap now?,Rich Brian - Glow Like Dat.,train
dlg-f0d26fae-1a98-4373-bd6f-7915bf4fbe70,dlg-f0d26fae-1a98-4373-bd6f-7915bf4fbe70_15_16,This video's definitely the best.,It's blocked?,train
dlg-f0f3299b-9661-4870-a9f2-8647c850c402,dlg-f0f3299b-9661-4870-a9f2-8647c850c402_1_5,"Hi, I'd like some help browsing the music by Chicago. I've heard that one. Let's try a different song Will You Still Love me by Chicago, please.","Okay, here's Love Lives by Chicago. Here's Will You Still Love me by Chicago.",train
dlg-f0f3299b-9661-4870-a9f2-8647c850c402,dlg-f0f3299b-9661-4870-a9f2-8647c850c402_8_11,"Could I hear something different, but still by the band Chicago, please?",Here's Chicago-Love Me Tomorrow. Here's the another song If you leave me now by Chicago.,train
dlg-f0f6f3d7-3015-4805-b4db-a312655396a6,dlg-f0f6f3d7-3015-4805-b4db-a312655396a6_1_8,I'd like some suggestions for new music. Adele.,"Okay, have you heard of a Fine Frenzy? Have you heard of ZZ Ward? Here is your song, I have ZZ Ward- Domino.",train
dlg-f0f6f3d7-3015-4805-b4db-a312655396a6,dlg-f0f6f3d7-3015-4805-b4db-a312655396a6_9_16,"That was pretty good. I like it. Norah Jones, please.","Okay, Have you heard of Dinah Washington? Here is your song, Dinah Washington: What Difference A Day Makes.",train
dlg-f0f6f3d7-3015-4805-b4db-a312655396a6,dlg-f0f6f3d7-3015-4805-b4db-a312655396a6_17_23,That's pretty good. Feel like it had a certain old style to it.,Have you heard of Sara Vaughan? What about Eva Cassidy? Here is your song. Eva Cassidy - Autumn Leaves.,train
dlg-f1665094-c489-425b-a1ca-67bd5a389529,dlg-f1665094-c489-425b-a1ca-67bd5a389529_4_14,"Pop music is my favorite, so play me Paparazzi.",Have you heard of Becky G? Becky G -Shower. Becky G - The Lights (Lyric Video).,train
dlg-f1665094-c489-425b-a1ca-67bd5a389529,dlg-f1665094-c489-425b-a1ca-67bd5a389529_16_29,"Okay, that's a cool song. Now do you have any R&B new artist that you might be able to help me listen to?",Have you heard of Khalid? Young Dumb & Broke by Khalid. Lorde - Homemade Dynamite (Lyric Video). Khalid is a featured artist.,train
dlg-f1922ac5-162e-4e3b-9ffd-5f51839125b5,dlg-f1922ac5-162e-4e3b-9ffd-5f51839125b5_1_3,"Hi, today I need your help finding music to listen to. I might have some songs in mind. Now I'm looking for a song by the band Oasis. It's called Be Here Now.",Here is your song: Be Here Now by the band Oasis.,test
dlg-f1922ac5-162e-4e3b-9ffd-5f51839125b5,dlg-f1922ac5-162e-4e3b-9ffd-5f51839125b5_5_7,"This is my favorite album from them with it being a little bit more heavier and more of like a raw sound to it. Alright, cool, great. Now I'd like to hear another song by the band Oasis, it's called Columbia.",Here is the song Columbia by the band Oasis.,test
dlg-f1c1cf56-a5c0-45bb-9c43-e5cb7a0d2116,dlg-f1c1cf56-a5c0-45bb-9c43-e5cb7a0d2116_0_2,"Hi, can you play something by Cardi B, please?",Okay. Hold on. Just one moment. Heres Cardi B - Bodak Yellow. Heres Cardi B - Bodak Yellow.,train
dlg-f1c1cf56-a5c0-45bb-9c43-e5cb7a0d2116,dlg-f1c1cf56-a5c0-45bb-9c43-e5cb7a0d2116_4_5,I like this song. Can you play something that's that has a lot of bass by Cardi B?,Heres Cardi B - Washpoppin.,train
dlg-f1c1cf56-a5c0-45bb-9c43-e5cb7a0d2116,dlg-f1c1cf56-a5c0-45bb-9c43-e5cb7a0d2116_7_9,"All right, can you play me something where Cardi B is a feature, please? Wash Poppin, let's see. Wash Poppin, let's see.","Heres G-Eazy - No Limit (Audio) ft. A$AP Rocky, Cardi B.",train
dlg-f1c5397b-537a-429d-929b-27eca8bf482a,dlg-f1c5397b-537a-429d-929b-27eca8bf482a_0_2,"Hi, you recently played me Hotel California from the Eagles. Can you find me another song from the Eagles?",Here is Take It Easy by Eagles.,train
dlg-f1f2ef0b-b3c6-4a69-b0b9-d7e40c6d89fa,dlg-f1f2ef0b-b3c6-4a69-b0b9-d7e40c6d89fa_1_3,Play a song by Mumford & Sons.,Here is the song called I will wait for you by Mumford & Sons.,train
dlg-f1f2ef0b-b3c6-4a69-b0b9-d7e40c6d89fa,dlg-f1f2ef0b-b3c6-4a69-b0b9-d7e40c6d89fa_4_5,"Yes, love that song. Could you play me another different song by them, one of their newest songs?",Here is the song called Ditmas by Mumford & Sons.,train
dlg-f1feec78-5180-4060-9d4d-314f3ddc0779,dlg-f1feec78-5180-4060-9d4d-314f3ddc0779_1_4,I'm looking for some latest music to listen. Great. If you can play something by Bruno Mars poppy music?,Here is Bruno Mars performing pop genere.,train
dlg-f1feec78-5180-4060-9d4d-314f3ddc0779,dlg-f1feec78-5180-4060-9d4d-314f3ddc0779_5_6,That's pretty good. Can you find something he did live?,Here is Bruno Mars live performance at Super Bowl 48.,train
dlg-f1feec78-5180-4060-9d4d-314f3ddc0779,dlg-f1feec78-5180-4060-9d4d-314f3ddc0779_7_8,"I remember that. Alright. Now, can you play anyone of his songs, just to compare a cover?",Here is the Leroy Sanchez covering Bruno Mars song Versace on the Floor.,train
dlg-f2070d97-518f-46c5-9f00-bdc49d3e9817,dlg-f2070d97-518f-46c5-9f00-bdc49d3e9817_1_3,Will you play me a song by MC Chris?,Here's the song by MC Chris.,train
dlg-f220c59f-80fb-42b0-b66f-8283c47c5058,dlg-f220c59f-80fb-42b0-b66f-8283c47c5058_0_2,"Hey, can you play something by George Benson?",Here is Breezin by George Benson.,train
dlg-f220c59f-80fb-42b0-b66f-8283c47c5058,dlg-f220c59f-80fb-42b0-b66f-8283c47c5058_4_5,"Yeah, I like that. Can I hear something by George Benson from the album Inspiration: A Tribute to Nat King Cole?",Here is the song Unforgettable.,train
dlg-f220c59f-80fb-42b0-b66f-8283c47c5058,dlg-f220c59f-80fb-42b0-b66f-8283c47c5058_8_12,"Yeah, that was pretty sweet. Can you find something else by George Benson from earlier in his career?","Yes, I'll search for a song from earlier in his career. Here's the song Tenderly by George Benson.",train
dlg-f224c792-487a-44b5-b177-7f258632282a,dlg-f224c792-487a-44b5-b177-7f258632282a_0_6,I want to listen Little Mix. Could you play me some songs by them? Little Mix.,"Here's the song Touch by Little Mix. It was called ""To get weird"" and I'll play you a song.",train
dlg-f224c792-487a-44b5-b177-7f258632282a,dlg-f224c792-487a-44b5-b177-7f258632282a_7_11,"Yeah, get weird, definitely.",Here's the song Black Magic by Little Mix from their last album. Here's the song Love Me Like You by Little Mix from the same album.,train
dlg-f24f45e9-b348-4480-a2e8-b790529d2062,dlg-f24f45e9-b348-4480-a2e8-b790529d2062_0_3,Hi. I'd like to hear something by Richard Marx.,Endless Summer Nights by Richard Marx.,train
dlg-f24f45e9-b348-4480-a2e8-b790529d2062,dlg-f24f45e9-b348-4480-a2e8-b790529d2062_4_12,"We have some of the videos blocked. Can you find another one? And this one's blocked, too. And if this is a third one, it is also blocked. Not sure if you've put up the fourth one yet, but I'm still seeing blocked. Wasn't quite what I'm looking for. It got the lyrics but the the song isn't playing, it's like something else. Okay, that's another blocked one. Let's go for another another song by Richard Marx, then.",Playing I will be right here waiting for you by Richard Marx.,train
dlg-f24f45e9-b348-4480-a2e8-b790529d2062,dlg-f24f45e9-b348-4480-a2e8-b790529d2062_14_29,"Yeah, it's another blocked video. Yeah, this is okay but it's a little slow. I'd like to hear something more upbeat by him like maybe Don't Mean Nothing or something like that. That one's blocked. Oh, yeah. I haven't really seen the videos changing but what I'm seeing on the screen is blocked definitely. No. That one's blocked, too. I heard that was blocked also.",Seems like everything is going to be blocked by him.,train
dlg-f2f8e9aa-2671-4fa2-9b12-c9f9cf636428,dlg-f2f8e9aa-2671-4fa2-9b12-c9f9cf636428_1_10,"Hi. Today I need your help in finding a song called Supersonic by Oasis. I like how the song sounded back in the 90s. That song has some good rock sound, which is not happening nowadays. Now, I would like to hear another song by Oasis, it's called Gas Panic. This song is having a kind of different sound than what they are usually were making. Well. I'd like to hear one more song by Oasis, it's called Talk Tonight.","Here is your song, Talk tonight by Oasis.",train
dlg-f301cf8d-7fba-4ffa-a64d-eeb92d827ee9,dlg-f301cf8d-7fba-4ffa-a64d-eeb92d827ee9_2_8,"The Beatles. The Beatles. They got in here blocked, I'll open it. How about something from Weirdo or Queen? How about something from Queen?",Queen is my favorite band.,train
dlg-f301cf8d-7fba-4ffa-a64d-eeb92d827ee9,dlg-f301cf8d-7fba-4ffa-a64d-eeb92d827ee9_9_16,"They're pretty good, yeah. I'm going to have to listen to See ladder. I'm going to have to listen to See ladder.",How about AC DC?,train
dlg-f301cf8d-7fba-4ffa-a64d-eeb92d827ee9,dlg-f301cf8d-7fba-4ffa-a64d-eeb92d827ee9_17_18,"Cool, That sounds good.",How about Metallica now? You have good taste in music.,train
dlg-f301cf8d-7fba-4ffa-a64d-eeb92d827ee9,dlg-f301cf8d-7fba-4ffa-a64d-eeb92d827ee9_20_21,That was a good song.,That's what music was meant to be.,train
dlg-f32a9dac-18d7-43db-b898-b3ac25940aa9,dlg-f32a9dac-18d7-43db-b898-b3ac25940aa9_4_11,Tom Petty.,How about Learning To Fly by tom petty? Here's the Fly by Tom Petty.,train
dlg-f32ee2e1-f52c-4a76-91e7-494e866a2fe8,dlg-f32ee2e1-f52c-4a76-91e7-494e866a2fe8_0_17,"Yeah, I'd like to listen to some coffee house music. I'm in the mood for some coffee. Can you modify this to something more descriptive face? Modify this what I'm listening to slightly to non descriptive. Yeah. Happy mood, I want a happy mood.","Holiday music, Hip Hop, Pop, R&B, Party, Rock, Latin, Classical, Blues, Coffee House, Country, Workout, Reggae, Studying, Jazz, Acoustic Covers.",validation
dlg-f32ee2e1-f52c-4a76-91e7-494e866a2fe8,dlg-f32ee2e1-f52c-4a76-91e7-494e866a2fe8_18_23,Why don't we just do jazz?,Heres Louis Armstrong - What A Wonderful World. Heres John Coltrane - In A Sentimental Mood.,validation
dlg-f33be5aa-b9d0-4b0a-927e-887741df84e5,dlg-f33be5aa-b9d0-4b0a-927e-887741df84e5_1_2,Hello. Can you please play The Frost by August Burns Red.,Here is The Frost by August Burns Red.,train
dlg-f33be5aa-b9d0-4b0a-927e-887741df84e5,dlg-f33be5aa-b9d0-4b0a-927e-887741df84e5_3_9,Can you play something similar by different artists?,Here is The Frost by Rock & Roll Music. Here is Frost Music by The Frost- 1969.,train
dlg-f36db9a5-d6ab-4fe3-98ac-1083c68d519f,dlg-f36db9a5-d6ab-4fe3-98ac-1083c68d519f_1_3,Play some Tool.,"Okay, let me find something from the tool. Here is Tool-The Pot.",train
dlg-f36db9a5-d6ab-4fe3-98ac-1083c68d519f,dlg-f36db9a5-d6ab-4fe3-98ac-1083c68d519f_5_11,Different album?,Here is Tool-Schism. Here is Tool-Vicarious.,train
dlg-f36db9a5-d6ab-4fe3-98ac-1083c68d519f,dlg-f36db9a5-d6ab-4fe3-98ac-1083c68d519f_12_16,Older material. Older material.,"Okay, let me find something older. Here is Tool-Opiate.",train
dlg-f390918b-6eec-438f-9ee4-a59bca38b351,dlg-f390918b-6eec-438f-9ee4-a59bca38b351_0_8,I would like to listen to some music. I like listening to some Reba McEntire's music.,"""You Lie"" - Reba McEntire. Trisha Yearwood - You Lie (Live - Tribute To Reba McEntire).",train
dlg-f39a7ed7-57d2-42a9-aaef-d63ba690ff8c,dlg-f39a7ed7-57d2-42a9-aaef-d63ba690ff8c_1_10,"Hello. May I hear Fall Out Boy - Sugar, We're Goin Down?","Here's Fall Out Boy - Sugar, We're Goin Down. Here's Sugar We're Goin Down (Acapella) - Fall Out Boy. Here's Blurryface (Acapella Medley) - twenty-one pilots cover by Austin Jones.",train
dlg-f39a7ed7-57d2-42a9-aaef-d63ba690ff8c,dlg-f39a7ed7-57d2-42a9-aaef-d63ba690ff8c_13_14,Older material.,Here's Love Yourself - Justin Bieber Cover by Austin Jones.,train
dlg-f3ae353c-eaf6-4f51-9aab-dec359c6567f,dlg-f3ae353c-eaf6-4f51-9aab-dec359c6567f_2_5,Play me a song by Little Mix.,Here is Touch by Little Mix.,train
dlg-f3ae353c-eaf6-4f51-9aab-dec359c6567f,dlg-f3ae353c-eaf6-4f51-9aab-dec359c6567f_6_9,"Oh, cool. That's a cool song. Could you play me a different song?",Let me see what I can find for you from Little Mix. Here is Hoopz featuring Charlie Puth by Little Mix.,train
dlg-f3ae353c-eaf6-4f51-9aab-dec359c6567f,dlg-f3ae353c-eaf6-4f51-9aab-dec359c6567f_10_13,"Yeah, that's a good song too. I like that one. That's a really nice song. Play me one song from this album.",Here is Power by Little mix.,train
dlg-f3cb35bf-867a-4b8a-8748-9e72867abc2f,dlg-f3cb35bf-867a-4b8a-8748-9e72867abc2f_1_9,Can you play me a song by Selena Gomez?,I can do that.Hold. Just a moment. Here is wolves by selena Gomez. Here is wolves by Selena Gomez. Let me see what I can find for you. Hold on just a second. Here is the Heart Wants What It Wants by Selena Gomez. Here is the Heart Wants What It Wants by Selena Gomez.,test
dlg-f3cb35bf-867a-4b8a-8748-9e72867abc2f,dlg-f3cb35bf-867a-4b8a-8748-9e72867abc2f_10_13,Can you find a song by her that is a little bit slower?,I will try. One moment. Here is perfect by Selena Gomez. Here is perfect by Selena Gomez.,test
dlg-f3dd86ac-a713-4d85-97a9-c2f31537d75f,dlg-f3dd86ac-a713-4d85-97a9-c2f31537d75f_4_5,I was thinking of something from Maroon 5.,Here is the song Payphone by Maroon 5.,train
dlg-f3dd86ac-a713-4d85-97a9-c2f31537d75f,dlg-f3dd86ac-a713-4d85-97a9-c2f31537d75f_6_7,"Okay, I like that song. It's not my favorite from them. How about something else?",Here is the song This Love by Maroon 5.,train
dlg-f3dd86ac-a713-4d85-97a9-c2f31537d75f,dlg-f3dd86ac-a713-4d85-97a9-c2f31537d75f_8_9,That's still one of my favorites from them. How about something else also that is from one of their earlier songs?,Here is the song Maps by Maroon 5.,train
dlg-f3f344a9-0644-4c15-aa21-a2280c3aae6f,dlg-f3f344a9-0644-4c15-aa21-a2280c3aae6f_2_5,I was wanting to listen to some music by Nightingale.,Nightingale - Yanni.,train
dlg-f3f344a9-0644-4c15-aa21-a2280c3aae6f,dlg-f3f344a9-0644-4c15-aa21-a2280c3aae6f_7_10,"This isn't exactly what I'm thinking of, I was thinking of the band Nightingale.",Nightingale - Nightfall Overture.,train
dlg-f3f344a9-0644-4c15-aa21-a2280c3aae6f,dlg-f3f344a9-0644-4c15-aa21-a2280c3aae6f_12_18,"Alright, can I hear a song off of their first album, The Breathing Shadow?",Nightingale - The Dream reader. Nightingale - Alone.,train
dlg-f416ae18-f33f-4bba-b3e1-de133271ae8d,dlg-f416ae18-f33f-4bba-b3e1-de133271ae8d_1_2,"Hello, can you play a song by ""Our Last Night""?","One moment. How about the song ""With or Without You"" by ""Our Last Night""?",train
dlg-f416ae18-f33f-4bba-b3e1-de133271ae8d,dlg-f416ae18-f33f-4bba-b3e1-de133271ae8d_4_5,"This is good. Can you play something new by ""Our Last Night"" now?",How about Tongue-tied by Our Last Night?,train
dlg-f416ae18-f33f-4bba-b3e1-de133271ae8d,dlg-f416ae18-f33f-4bba-b3e1-de133271ae8d_7_10,"Awesome. Now, can you play a cover done by Our Last Night? Humble.","Here is the song ""Humble Cover"" by ""Our Last Night"".",train
dlg-f43624ea-9b90-4029-8cf9-555be7696985,dlg-f43624ea-9b90-4029-8cf9-555be7696985_1_6,"I'd like some help finding some new music, please. Luke Bryan.",Got it. Have you heard of Jamey Johnson? Here's Jamey Johnson - In Color.,train
dlg-f43624ea-9b90-4029-8cf9-555be7696985,dlg-f43624ea-9b90-4029-8cf9-555be7696985_7_8,He's got a pretty distinctive voice. I like it.,Have you heard of Chris Ledoux? Here is Chris LeDoux- 8 Second Ride.,train
dlg-f43624ea-9b90-4029-8cf9-555be7696985,dlg-f43624ea-9b90-4029-8cf9-555be7696985_9_16,It's kind of an interesting mixture of country and almost rock and roll. How about something similar to Sara Evans?,Okay. Have you heard of trace Adkins? Gretchen Wilson? Here's Gretchen Wilson - All Jacked Up.,train
dlg-f43624ea-9b90-4029-8cf9-555be7696985,dlg-f43624ea-9b90-4029-8cf9-555be7696985_17_20,That's pretty hard-charging. I don't find it that similar to Sara Evans.,Here's Emerson Drive - moments. Is there anything else I can help with?,train
dlg-f443c6f3-272a-4ab9-b80b-d07fec82bf51,dlg-f443c6f3-272a-4ab9-b80b-d07fec82bf51_2_5,"Hi, can I hear a song by J Cole?","""Power Trip"" J. Cole ft. Miguel.",train
dlg-f443c6f3-272a-4ab9-b80b-d07fec82bf51,dlg-f443c6f3-272a-4ab9-b80b-d07fec82bf51_6_9,"Okay, this one's pretty good. Could you send me something newer by him?",J. Cole - Deja Vu.,train
dlg-f443c6f3-272a-4ab9-b80b-d07fec82bf51,dlg-f443c6f3-272a-4ab9-b80b-d07fec82bf51_10_13,"Okay, this one's pretty cool. Could you send me something by an artist that's similar to him?",Kendrick Lamar - M.A.A.D. City (Feat. MC eiht).,train
dlg-f455549e-1ba6-483d-9dca-af99e1ef3b00,dlg-f455549e-1ba6-483d-9dca-af99e1ef3b00_1_3,Hi. I would like some help for browsing the music of the Zac Brown Band.,Zac Brown Band - Roots.,train
dlg-f455549e-1ba6-483d-9dca-af99e1ef3b00,dlg-f455549e-1ba6-483d-9dca-af99e1ef3b00_4_9,"Could I hear a different song but still by the Zac Brown Band, please?",Zac Brown Band - Trying To Drive. Chris Young - Losing Sleep.,train
dlg-f47d356a-e080-46f9-919a-703c9a4cf630,dlg-f47d356a-e080-46f9-919a-703c9a4cf630_0_2,"Hi, can you play Joyner Lucas for me, please?",Here's the song Happy Birthday by Joyner Lucas.,train
dlg-f47d356a-e080-46f9-919a-703c9a4cf630,dlg-f47d356a-e080-46f9-919a-703c9a4cf630_3_5,"Can you play something more low tempo, please?",Here's the song Say Hello to Adele by Joyner Lucas.,train
dlg-f47d356a-e080-46f9-919a-703c9a4cf630,dlg-f47d356a-e080-46f9-919a-703c9a4cf630_6_7,Can you play another song from Joyner Lucas that's high tempo?,The song we going to be Alright by Joyner Lucas.,train
dlg-f4912860-5d87-48c4-a0dd-86c94fcecb82,dlg-f4912860-5d87-48c4-a0dd-86c94fcecb82_1_4,I'm interested in listening to some music. I want to listen to Fifth Harmony.,"Okay. Fifth Harmony, correct? Here is the the song All in my head by Fifth Harmony.",validation
dlg-f4912860-5d87-48c4-a0dd-86c94fcecb82,dlg-f4912860-5d87-48c4-a0dd-86c94fcecb82_5_6,"Oh, I like that song. Could you actually play me something similar but from a different album?",Here is the song Story of my life by One direction.,validation
dlg-f49e1c96-7058-43cd-8b08-3e3b7fc9390f,dlg-f49e1c96-7058-43cd-8b08-3e3b7fc9390f_1_6,"Hi, can you play me some new artists songs? I'm really interested in Kelly Clarkson.","How about Lucy Woodward, does this artist sound familiar? Here is Lucy Woodward performing What's Good For Me. Here is Lucy Woodward performing It's Oh! So Quiet.",validation
dlg-f49e1c96-7058-43cd-8b08-3e3b7fc9390f,dlg-f49e1c96-7058-43cd-8b08-3e3b7fc9390f_7_8,Good song. Try switching to it.,Have you heard music from the artist Nelly Furtado?,validation
dlg-f49e1c96-7058-43cd-8b08-3e3b7fc9390f,dlg-f49e1c96-7058-43cd-8b08-3e3b7fc9390f_9_10,I haven't. Play me a song by Nelly Furtado.,Here is Nelly Furtado performing Say It Right.,validation
dlg-f49e1c96-7058-43cd-8b08-3e3b7fc9390f,dlg-f49e1c96-7058-43cd-8b08-3e3b7fc9390f_11_13,Oh! That's a good song. Can you play me another song by her maybe a newer one?,Here is purest Nelly Furtado performing Turn Off The Lights.,validation
dlg-f4a76dbc-d948-4f27-b197-d4a9bd0fb4d0,dlg-f4a76dbc-d948-4f27-b197-d4a9bd0fb4d0_1_2,"Hi, I'd like some help discovering some new music, please.","Okay, did you want to hear something similar to an artist that you currently like?",train
dlg-f4a76dbc-d948-4f27-b197-d4a9bd0fb4d0,dlg-f4a76dbc-d948-4f27-b197-d4a9bd0fb4d0_3_6,Sure. How about Norah Jones?,"An artist similar to Norah Jones that people enjoy is Katie Melua, does that name sound familiar to you? Here is Katie Melua performing Nine Million Bicycles.",train
dlg-f4a76dbc-d948-4f27-b197-d4a9bd0fb4d0,dlg-f4a76dbc-d948-4f27-b197-d4a9bd0fb4d0_7_14,It's pretty cool. It's got a little Titanic vibe to it.,"Another artist that I would recommend similar to Norah Jones, is Feist. Have you heard music from this artist? Here is Feist performing My Moon My Man. Here is Feist performing My Moon My Man. This artist is a bit more poppy than the first artist. This artist is a bit more poppy than the first artist.",train
dlg-f4d799d0-f0d6-486e-a934-4692c8614e28,dlg-f4d799d0-f0d6-486e-a934-4692c8614e28_1_6,"Hello. I need your help finding music to listen to. I have an artist in mind, I'm looking to hear songs by Bonobo. I'm looking to hear the song Recurring. Bonobo. And the song is Recurring.",Okay. Here's Recurring by Bonobo.,train
dlg-f4d799d0-f0d6-486e-a934-4692c8614e28,dlg-f4d799d0-f0d6-486e-a934-4692c8614e28_9_11,"Just some very good electronic music that kind of makes me think a little bit so, he makes a lot of good stuff. Now I'd like to hear another song by Bonobo it's called Ketto.",Here's Ketto by Bonobo.,train
dlg-f4d799d0-f0d6-486e-a934-4692c8614e28,dlg-f4d799d0-f0d6-486e-a934-4692c8614e28_12_17,"That was a very strange time for me, when I started listening to his music. This is a pretty good tune. This whole album was really good. Days to Come is just good. It's like a mix of jazz and pop, just different genres. Okay, awesome. Now I'd like to here one more song by Bonobo, it's called Nightlite.",Here's Nightlite (Featuring Bajka) by Bonobo.,train
dlg-f5a2d1b6-bb3b-4c89-8469-79bbc14135ba,dlg-f5a2d1b6-bb3b-4c89-8469-79bbc14135ba_2_10,Could you play me some indie music?,Have you heard of Modest Mouse? How about Vampire Weekend? What about the Decemberists? The Decemberists - Severed.,validation
dlg-f5a2d1b6-bb3b-4c89-8469-79bbc14135ba,dlg-f5a2d1b6-bb3b-4c89-8469-79bbc14135ba_11_16,That song is blocked.,The Decemberists - The Legionnaire's Lament. The Decemberists - My Mother Was a Chinese Trapeze Artist.,validation
dlg-f5a2d1b6-bb3b-4c89-8469-79bbc14135ba,dlg-f5a2d1b6-bb3b-4c89-8469-79bbc14135ba_18_22,"Yeah, Can you play a screamo band?",Have you heard of Underoath? Underoath : In Division.,validation
dlg-f5a2d1b6-bb3b-4c89-8469-79bbc14135ba,dlg-f5a2d1b6-bb3b-4c89-8469-79bbc14135ba_23_24,Another song. This one is blocked.,"Underoath - Desperate Times, Desperate Measures.",validation
dlg-f5a2d1b6-bb3b-4c89-8469-79bbc14135ba,dlg-f5a2d1b6-bb3b-4c89-8469-79bbc14135ba_25_26,Another one. This one is blocked.,Underoath You're Ever So Inviting.,validation
dlg-f5a2d1b6-bb3b-4c89-8469-79bbc14135ba,dlg-f5a2d1b6-bb3b-4c89-8469-79bbc14135ba_27_33,Another one. This one is blocked.,Underoath - On My Teeth. Have you heard of asking Alexandria? Sking Alexandria - Alone In A Room.,validation
dlg-f5ae4099-388d-4dc4-8b7c-5350bc4504a8,dlg-f5ae4099-388d-4dc4-8b7c-5350bc4504a8_0_13,I'd like to hear something by Adele. I'd like to hear something from the Album 21. I'd like to hear Rolling in the Deep.,Great song.,train
dlg-f63192bb-7da3-495c-a5fd-f0cb859ad82d,dlg-f63192bb-7da3-495c-a5fd-f0cb859ad82d_0_2,"Hi, could you play me a song by NOFX?",I can do that for you. Here is what I found for NOFX.,train
dlg-f63192bb-7da3-495c-a5fd-f0cb859ad82d,dlg-f63192bb-7da3-495c-a5fd-f0cb859ad82d_5_7,"Yeah, I don't want to listen to this. Play me a different song by the same artist.","Okay, hold on just a second. Here you go, NOFX First Ditch Effort. Excuse me, this track is called Father's Day. Excuse me, this track is called Father's Day.",train
dlg-f64dc10b-ed30-491a-8fff-2ef3df3d497a,dlg-f64dc10b-ed30-491a-8fff-2ef3df3d497a_1_7,Hi. Today I want to listen to some music. I'm hoping that you can find songs by Metallica. I'm looking for Sad But True to listen to. It's a classic tune.,It seems like a good song.,train
dlg-f64dc10b-ed30-491a-8fff-2ef3df3d497a,dlg-f64dc10b-ed30-491a-8fff-2ef3df3d497a_8_20,"Yes, it's pretty good. Now, I'm looking for another song by Metallica. It's on an older album. I'm looking for the song. It's too good to listen. It's a pretty solid track. This one is more melodic and emotional.",It makes you feel the song.,train
dlg-f64dc10b-ed30-491a-8fff-2ef3df3d497a,dlg-f64dc10b-ed30-491a-8fff-2ef3df3d497a_23_28,"Actually, I'd like to look into another song by them. The song Orion. This my favorite album from them which is heavy melodic all at once. I think at the peak of their career.",Yeah they're very famous. He'll be crazy if someone didn't know who they were.,train
dlg-f6dfb247-06f3-4e58-a1c8-7fcc705528ee,dlg-f6dfb247-06f3-4e58-a1c8-7fcc705528ee_3_4,Can you play something by Joyner Lucas?,Winter Blues (508)-507-2209 by Joyner Lucas.,validation
dlg-f6dfb247-06f3-4e58-a1c8-7fcc705528ee,dlg-f6dfb247-06f3-4e58-a1c8-7fcc705528ee_5_7,"I like this song, can you play something that's more club-oriented by Joyner Lucas, please?",Mask Off Remix by Joyner Lucas.,validation
dlg-f6e094c5-04a4-4fce-bbab-53685ec749f9,dlg-f6e094c5-04a4-4fce-bbab-53685ec749f9_1_2,"Hi, I'd like to hear a song by Bruno Mars.",A song by Bruno Mars? Sure.,train
dlg-f6e094c5-04a4-4fce-bbab-53685ec749f9,dlg-f6e094c5-04a4-4fce-bbab-53685ec749f9_4_6,This song is good. Show me older music by Bruno Mars.,"Older music by Bruno Mars, please hold. Sure, here is Count on me by Bruno mars.",train
dlg-f6f30644-5ded-4eaf-986d-6cdb4d00bc5e,dlg-f6f30644-5ded-4eaf-986d-6cdb4d00bc5e_3_20,I'm looking for some new music based on artists that I already like. The Gorillaz.,"How about Nujabes? How about Nujabes or Daft Punk or Outkast? Here's Outkast - Git Up, Git Out. Here's Outkast - Southernplayaisticadillacmuzik. Similar to Outkast?",train
dlg-f6f30644-5ded-4eaf-986d-6cdb4d00bc5e,dlg-f6f30644-5ded-4eaf-986d-6cdb4d00bc5e_23_31,Mayday Parade.,How about Paramore? Here's Paramore - Hard Times. Here's Paramore: Misery Business.,train
dlg-f72d042b-ade5-43c8-98fa-6dad11e143ae,dlg-f72d042b-ade5-43c8-98fa-6dad11e143ae_0_7,Play Ghost by August Burns Red. Play Ghost by August Burns Red.,Here you go Ghosts by August Burns Red. Here's a song called back Burner from August Burns Red from their album Messenger. Composure by August Burns Red.,train
dlg-f7473a4f-7e58-4218-b4b6-717f613cf366,dlg-f7473a4f-7e58-4218-b4b6-717f613cf366_2_6,"How about Pop, hip hop, something in that area.",One second. Here's the song lemon by N.E.R.D and Rihanna. Here's the song lemon by N.E.R.D and Rihanna. Here's the song Feeling Myself by Nicki Minaj featuring Beyonce.,validation
dlg-f7473a4f-7e58-4218-b4b6-717f613cf366,dlg-f7473a4f-7e58-4218-b4b6-717f613cf366_7_11,"Ah, okay. That one worked Okay, that's not bad. I'm not crazy about Nicki Minaj even though I love Beyonce. How about something with a little bit less rap maybe for the next one? Okay, that's not bad. I'm not crazy about Nicki Minaj even though I love Beyonce. How about something with a little bit less rap maybe for the next one?",Here's the song my house by Flo Rida.,validation
dlg-f7473a4f-7e58-4218-b4b6-717f613cf366,dlg-f7473a4f-7e58-4218-b4b6-717f613cf366_12_13,"Okay, I really like that song. So, let's do one more. It can be either more pop or hip hop but, the last one was a good one.",Here's the song Cheerleader by Omi a Felix Jaehn remix.,validation
dlg-f769e11c-aedb-45e2-8a4a-a3d14c7a91a8,dlg-f769e11c-aedb-45e2-8a4a-a3d14c7a91a8_1_2,I need to listen to some rock songs. Can you play some rock music?,Let me find you something. Here is the song called Like a Stone by the artist Audioslave.,validation
dlg-f769e11c-aedb-45e2-8a4a-a3d14c7a91a8,dlg-f769e11c-aedb-45e2-8a4a-a3d14c7a91a8_3_4,"Okay, can you play something a little heavier than that?",Here is the song called Sweet Child O' Mine by the artist Guns N' Roses.,validation
dlg-f769e11c-aedb-45e2-8a4a-a3d14c7a91a8,dlg-f769e11c-aedb-45e2-8a4a-a3d14c7a91a8_5_6,"Okay, something still a little more heavy?",Here is the song called System Of A Down by the artist Chop Suey.,validation
dlg-f769e11c-aedb-45e2-8a4a-a3d14c7a91a8,dlg-f769e11c-aedb-45e2-8a4a-a3d14c7a91a8_7_9,"Okay, can you play anything heavier than that for me?",Here is the song called Until It Sleeps by Metallica.,validation
dlg-f79a6a96-6286-4db7-b29f-6d448677043d,dlg-f79a6a96-6286-4db7-b29f-6d448677043d_1_29,"Hi. Can I hear a song by Dashboard Confessional? It says that the video is blocked. Hasn't switched yet. Hold on. Oh. Nope. Says it's blocked. I know which one you're trying to play, though. Do you have anything Do you have anything that you could find from The Swiss Army Romance album? Do you have anything do you have anything that you could find from the Swiss Army romance album. It's Okay. It's playing this time, but that's the wrong album.","You said the swiss army romance album, correct?",train
dlg-f7aa3fff-676a-461e-85e2-cc6b69b1d5d5,dlg-f7aa3fff-676a-461e-85e2-cc6b69b1d5d5_0_8,Hello Assistant. I'd like to hear some music by Elton John.,"This will just be a second. Based on your favorite artist Elton John have you heard of Journey or Styx? Okay, let me play you something by Journey. This will just be a second. Here is Don't Stop Believin' by Journey.",train
dlg-f7aa3fff-676a-461e-85e2-cc6b69b1d5d5,dlg-f7aa3fff-676a-461e-85e2-cc6b69b1d5d5_9_12,"Hey Assistant, I really like that song. Could I hear a song by Katy Perry?",Here is Wide Awake by Katy Perry.,train
dlg-f8435420-db5f-4267-8c5b-a344ca36abd6,dlg-f8435420-db5f-4267-8c5b-a344ca36abd6_0_3,I'd like to hear something by Jesse McCartney.,Did you say Jesse McCartney? Here is the Leavin' by Jesse McCartney.,train
dlg-f8435420-db5f-4267-8c5b-a344ca36abd6,dlg-f8435420-db5f-4267-8c5b-a344ca36abd6_4_5,"Play another version, please.",Here is Leavin' by Taylor Swift.,train
dlg-f8435420-db5f-4267-8c5b-a344ca36abd6,dlg-f8435420-db5f-4267-8c5b-a344ca36abd6_6_7,"Can you find another version of it, please?",I am not able to find another version of Leavin'.,train
dlg-f8435420-db5f-4267-8c5b-a344ca36abd6,dlg-f8435420-db5f-4267-8c5b-a344ca36abd6_8_9,"Newer material of Jesse McCartney, please.",Here is Beautiful Soul by Jesse McCartney.,train
dlg-f8435420-db5f-4267-8c5b-a344ca36abd6,dlg-f8435420-db5f-4267-8c5b-a344ca36abd6_10_13,"Can I get another a different version, please? A different version of Beautiful Soul. I don't know what's playing. Can you please show me some music by Jesse McCartney, a different album that I haven't heard yet?",Here is a song entitled How Do You Sleep by Jesse McCartney.,train
dlg-f8435420-db5f-4267-8c5b-a344ca36abd6,dlg-f8435420-db5f-4267-8c5b-a344ca36abd6_14_15,"Please play a different version of How Do You Sleep by Jesse McCartney, please.",Did you say a different version by Jesse McCartney?,train
dlg-f8435420-db5f-4267-8c5b-a344ca36abd6,dlg-f8435420-db5f-4267-8c5b-a344ca36abd6_16_17,"Yeah, a different version of How Do You Sleep by Jesse McCartney.",Here is a live version of How Do You Sleep by Jesse McCartney performed on the Honda Stage.,train
dlg-f8435420-db5f-4267-8c5b-a344ca36abd6,dlg-f8435420-db5f-4267-8c5b-a344ca36abd6_18_20,"Can I hear another version please, if there is one available?",Here is another version of How Do You Sleep by Jesse McCartney.,train
dlg-f8896465-2bc3-4078-a17e-2903546d8809,dlg-f8896465-2bc3-4078-a17e-2903546d8809_0_3,Could you play The Band Perry?,Here's the song If I Die Young by The Band Perry.,train
dlg-f8896465-2bc3-4078-a17e-2903546d8809,dlg-f8896465-2bc3-4078-a17e-2903546d8809_4_6,"Oh, I really like that one, that's a good one. Play something a little more a beep.",Okay I'll find something more upbeat for you. Here's the song You Lie by The Band Perry.,train
dlg-f89d566c-0a43-4a4b-a3b5-fbc71baffc19,dlg-f89d566c-0a43-4a4b-a3b5-fbc71baffc19_2_4,"Hi. I'd like to hear something by Katy Perry, please.",Here is Roar by Katy Perry.,train
dlg-f89d566c-0a43-4a4b-a3b5-fbc71baffc19,dlg-f89d566c-0a43-4a4b-a3b5-fbc71baffc19_5_6,That's good. Do you have something newer or more recent?,Here is Katy Perry Dark Horse by Luise Marburger.,train
dlg-f89d566c-0a43-4a4b-a3b5-fbc71baffc19,dlg-f89d566c-0a43-4a4b-a3b5-fbc71baffc19_7_9,That's a cool song. How about something older?,Here is Teenage Dream - Katy Perry by Raychill.,train
dlg-f8a680c1-901a-4795-9fb6-9e48d4a5e397,dlg-f8a680c1-901a-4795-9fb6-9e48d4a5e397_3_12,"How about some Chicago? Okay, can you play something newer still by Chicago, please? Oh, that's okay, but can you play me a different song by Chicago, please?",Here is the song by Chicago.,train
dlg-f8de510e-1858-4518-8bfe-682b992f5fa3,dlg-f8de510e-1858-4518-8bfe-682b992f5fa3_0_5,"Hi. I was wondering if you could help me find some new music to listen like ""The Police"" and ""Orion"".","How about Mr. review? Here's Mr. Review - ""Lost Along The Way"".",test
dlg-f8de510e-1858-4518-8bfe-682b992f5fa3,dlg-f8de510e-1858-4518-8bfe-682b992f5fa3_6_7,"Okay, that's not bad. Could you play me another song by them?",Here's The Streets Where I'm Living.,test
dlg-f8de510e-1858-4518-8bfe-682b992f5fa3,dlg-f8de510e-1858-4518-8bfe-682b992f5fa3_8_11,"Okay, that's not a bad choice. You got anybody else?","Here's Main Street Preachers. Here's Manic Street Preachers - ""If You Tolerate This"".",test
dlg-f8de510e-1858-4518-8bfe-682b992f5fa3,dlg-f8de510e-1858-4518-8bfe-682b992f5fa3_12_13,"Okay, that's not bad. How about another song by those guys?",Here's Manic Street Preachers - A Design For Life.,test
dlg-f92977a5-5da7-4855-862c-a1f9ef9b709c,dlg-f92977a5-5da7-4855-862c-a1f9ef9b709c_2_6,How about something Green Carnation?,Here is in The Woods - Cult of Shining Stars.,train
dlg-f92977a5-5da7-4855-862c-a1f9ef9b709c,dlg-f92977a5-5da7-4855-862c-a1f9ef9b709c_8_13,"Yeah, the video is not showing up.",Here is the other song. In The Woods - Heart Of The Ages. Have you heard of Trenchrot? Here is your song. Trenchrot - Hell Pilot's Call.,train
dlg-f948afd5-36a8-4fcb-bbc0-44c8883b1802,dlg-f948afd5-36a8-4fcb-bbc0-44c8883b1802_0_3,"Hello, I'd like some help browsing country music, please.","Okay, I can help you find some country music. Do you have an artist that you enjoy listening to? Okay, Here's the song you may enjoy. Here is The Band Perry with the song gentle on my mind.",train
dlg-f948afd5-36a8-4fcb-bbc0-44c8883b1802,dlg-f948afd5-36a8-4fcb-bbc0-44c8883b1802_6_8,That's a really old song. How about something older from that?,Here's the song Driving My Life Away by Eddie Rabbitt.,train
dlg-f948afd5-36a8-4fcb-bbc0-44c8883b1802,dlg-f948afd5-36a8-4fcb-bbc0-44c8883b1802_10_12,"Yeah, that's quite a bit older. Can we split the difference? Maybe around 4 years older, something like that.",Here's the song Friends in Low Places by Garth Brooks.,train
dlg-f948afd5-36a8-4fcb-bbc0-44c8883b1802,dlg-f948afd5-36a8-4fcb-bbc0-44c8883b1802_14_16,"No, that's a classic that's I think even older. Alright, let's go for something really new, recent.",Here's the song when it rains it pours by Luke Combs.,train
dlg-f96fd3d0-5ab9-4ba8-b119-5a95d94211c5,dlg-f96fd3d0-5ab9-4ba8-b119-5a95d94211c5_0_4,"Hi. I'd like to hear something by Whitney Houston. Yes, I'd like to change that, And I'd like to listen to Hello by Adele. I think I'd like something that's older, please.","Okay, Here is the song Hello by Adele.",train
dlg-f9dbee9b-7bc4-48d1-a8a5-1a9545e607fd,dlg-f9dbee9b-7bc4-48d1-a8a5-1a9545e607fd_1_2,Can you play something by the Hospital Ships?,Servants by Hospital Ships.,train
dlg-f9dbee9b-7bc4-48d1-a8a5-1a9545e607fd,dlg-f9dbee9b-7bc4-48d1-a8a5-1a9545e607fd_3_4,Can you play something by the Hospital Ships but that's different song?,Reprise by Hospital Ships.,train
dlg-f9dbee9b-7bc4-48d1-a8a5-1a9545e607fd,dlg-f9dbee9b-7bc4-48d1-a8a5-1a9545e607fd_5_6,That's a good song but I was hoping you could find something older by them.,"""Come back to life"" by Hospital Ships.",train
dlg-f9fdf2c7-c352-4ab8-9e2e-385eaba3e2ab,dlg-f9fdf2c7-c352-4ab8-9e2e-385eaba3e2ab_0_1,Hi. I would like to hear something by Taylor Swift.,"Hi there. Something by Taylor Swift, right?",validation
dlg-fa2afe75-34f4-456b-91bc-a4e4ea9674ed,dlg-fa2afe75-34f4-456b-91bc-a4e4ea9674ed_1_2,"Hi, can you help me find music in the category of workout music?",Here is Hip Hop Workout Music Mix- New Gym Training Motivation Music 2017.,test
dlg-fa2afe75-34f4-456b-91bc-a4e4ea9674ed,dlg-fa2afe75-34f4-456b-91bc-a4e4ea9674ed_3_6,"All right, can you find me workout music from the 80's?",Here is 80's Aerobics Super Hits Fitness & Music.,test
dlg-fa2afe75-34f4-456b-91bc-a4e4ea9674ed,dlg-fa2afe75-34f4-456b-91bc-a4e4ea9674ed_7_9,"Okay, can you find me workout music that is like for cooldowns slower paced workout music I guess?",Here is Slow Workout Music.,test
dlg-fa2afe75-34f4-456b-91bc-a4e4ea9674ed,dlg-fa2afe75-34f4-456b-91bc-a4e4ea9674ed_10_15,That one's blocked. Can find another one or is it hard to find? It's from Vevo and it's going to be blocked. Just hang up.,Here is Fitness Calming Down Stretching Music Mix.,test
dlg-fa5a4422-1923-47b7-bfd6-d6619cff20e2,dlg-fa5a4422-1923-47b7-bfd6-d6619cff20e2_0_4,"Hi, can I hear a song by Nicki Minaj? Anaconda would be good.",Here is Anaconda by Nicki Minaj.,train
dlg-fa5a4422-1923-47b7-bfd6-d6619cff20e2,dlg-fa5a4422-1923-47b7-bfd6-d6619cff20e2_5_6,Can I have another version of that song? That one is blocked.,Here is another version of the song Anaconda with official lyrics by Nicki Minaj.,train
dlg-fa5a4422-1923-47b7-bfd6-d6619cff20e2,dlg-fa5a4422-1923-47b7-bfd6-d6619cff20e2_7_10,"Okay, I don't want to listen to this any more. Can I get a song by Flume, please? It's Furling with af and Sleepless would be good.",Here is Sleepless feat. Jezzabell Doran by flume.,train
dlg-fa5a4422-1923-47b7-bfd6-d6619cff20e2,dlg-fa5a4422-1923-47b7-bfd6-d6619cff20e2_11_12,Are there any other artists that have a song called Sleepless that you can find?,Here is a cover songs sleepless by Cazzette (Isa Gutierrez & Dom Wong).,train
dlg-fa69dff7-e411-4d10-8e46-a9775654ae32,dlg-fa69dff7-e411-4d10-8e46-a9775654ae32_2_7,Can you play some work out music?,"Here is Michael Sembello, performing Maniac. How about Welcome to the Jungle by Guns n roses?",train
dlg-fa69dff7-e411-4d10-8e46-a9775654ae32,dlg-fa69dff7-e411-4d10-8e46-a9775654ae32_8_11,Let me try that again. Could you play something more Downbeat?,"When you say downbeat, do you mean something slower? Here is Salt n Pepa performing Push it.",train
dlg-fa69dff7-e411-4d10-8e46-a9775654ae32,dlg-fa69dff7-e411-4d10-8e46-a9775654ae32_12_14,Could you play something more modern?,Here is Girl Talk performing Oh No.,train
dlg-fa69dff7-e411-4d10-8e46-a9775654ae32,dlg-fa69dff7-e411-4d10-8e46-a9775654ae32_15_19,"Yes, I definitely like. It's definitely my speed. That's my favorite track of all.",I agree. It's a great workout track.,train
dlg-fa6bb596-bf8a-449e-8eec-cae8b91b15a5,dlg-fa6bb596-bf8a-449e-8eec-cae8b91b15a5_1_3,"Hi, I'd like to listen to something by Pink.","Okay, let me find something by Pink. Here is Pink - So What.",test
dlg-fa6bb596-bf8a-449e-8eec-cae8b91b15a5,dlg-fa6bb596-bf8a-449e-8eec-cae8b91b15a5_5_6,"Actually, can I hear something a bit newer?",Here is Pink - Just Give Me A Reason ft. Nate Ruess.,test
dlg-fa6bb596-bf8a-449e-8eec-cae8b91b15a5,dlg-fa6bb596-bf8a-449e-8eec-cae8b91b15a5_8_10,"Alright, I don't want this one. Can I have a different song but the same still by Pink?","Sure, let me find something else by Pink. Here is Pink - Please Don't Leave Me.",test
dlg-fb7199ea-8f4e-42c7-9f95-671fe1d0c065,dlg-fb7199ea-8f4e-42c7-9f95-671fe1d0c065_2_8,"Hi, can I hear some music that sounds like Turnstyle?",Here is the Knocked Loose- The Gospel. Go through with this. Here is Knocked Loose- Deadringer. Go through with this.,train
dlg-fb7199ea-8f4e-42c7-9f95-671fe1d0c065,dlg-fb7199ea-8f4e-42c7-9f95-671fe1d0c065_9_11,"Cool, can I hear some music that sounds like Suicideboy now?","Okay, I got it. Here is Ghostemane- Andromeda. Go through with this.",train
dlg-fb7199ea-8f4e-42c7-9f95-671fe1d0c065,dlg-fb7199ea-8f4e-42c7-9f95-671fe1d0c065_12_14,This sounds good. Can I get another song by him?,Here is Ghostemane- John Dee. Go through with this.,train
dlg-fb79718e-96ee-47ea-8198-173bfde465e0,dlg-fb79718e-96ee-47ea-8198-173bfde465e0_0_2,I'd like to listen something by Linkin Park.,Let me find something by Linkin Park.,train
dlg-fb79718e-96ee-47ea-8198-173bfde465e0,dlg-fb79718e-96ee-47ea-8198-173bfde465e0_4_11,"Same song by a different artist, please.","Okay, let me find the same song by someone else. Here is Linkin Park- Castle of Glass Acoustic (Cover by City of Heroes). Enjoy it. Here is Linkin Park- Castle of Glass Acoustic (Cover by City of Heroes). Okay. Let me find the same artist but different song. Here is City of Heroes- Shapes in Shadows. Enjoy. Here is City of Heroes- Shapes in Shadows.",train
dlg-fba2f689-047c-45da-917f-9c9064ff06fa,dlg-fba2f689-047c-45da-917f-9c9064ff06fa_0_4,I will like to hear something by Maroon 5.,How about She Will Be Loved by Maroon 5? How about What lovers do?,train
dlg-fba2f689-047c-45da-917f-9c9064ff06fa,dlg-fba2f689-047c-45da-917f-9c9064ff06fa_5_7,I like Adam Levine's vocal on this song. He just has a good vocal. I like the instrumentals of the song also. Can I hear a dagger pop song?,How about animals - Maroon 5?,train
dlg-fbae636c-f198-402b-b507-f687628acb2d,dlg-fbae636c-f198-402b-b507-f687628acb2d_0_2,Can you help me find some music? I was thinking of something R&B.,"Something R&B coming up for you, you've got it. Here is Ashanti With Foolish.",test
dlg-fbae636c-f198-402b-b507-f687628acb2d,dlg-fbae636c-f198-402b-b507-f687628acb2d_3_10,"Okay, thanks. Ashanti is not my favorite, she doesn't have the best voice but that was the right genre. Could I have something else R&B but make it something that is from maybe the last 5 years? Sure. I just said the Ashanti song is the right genre but she's not my favorite, she doesn't have the best voice. So, can I have something else that's also R&B but something that's been recorded in the last 5 or so years?","There is a really good song that I could show you but it was recorded about seven years ago, if that's okay with you? Here is Boyz II Men I'll Make Love To You.",test
dlg-fbae636c-f198-402b-b507-f687628acb2d,dlg-fbae636c-f198-402b-b507-f687628acb2d_11_14,"Okay, I've always loved Boyz II Men. That's a little further back than I had wanted to go, that's certainly a lot longer than 7 years. How about a song from Usher?","Oh, I see what you're saying now, sorry about that the video had been posted seven years ago that song actually did come out in 1994, sorry about that. Here is Beyonce with Formation.",test
dlg-fbae636c-f198-402b-b507-f687628acb2d,dlg-fbae636c-f198-402b-b507-f687628acb2d_15_16,"It looks like I got a totally different song, I got Chris Brown Party. How about either an Usher or Beyoncé song like Great?",Here is Beyonce with Formation.,test
dlg-fbbf0851-9147-4827-a971-d38fc69136fb,dlg-fbbf0851-9147-4827-a971-d38fc69136fb_1_4,"Hello, Can you play music by August Burns Red? August Burns Red.",Here is Composure by August Burns Red.,train
dlg-fbbf0851-9147-4827-a971-d38fc69136fb,dlg-fbbf0851-9147-4827-a971-d38fc69136fb_5_6,Okay. Can you play something newer by them?,"Here is a newer song, Fault Line, by the same artist.",train
dlg-fbbf0851-9147-4827-a971-d38fc69136fb,dlg-fbbf0851-9147-4827-a971-d38fc69136fb_7_8,"Okay, can you play some newer material by them?",Here is Invisible Enemy by August Burns Red.,train
dlg-fbc1688d-8d3a-4d41-b1f2-3c55c440f9c2,dlg-fbc1688d-8d3a-4d41-b1f2-3c55c440f9c2_2_6,Can you play me an artist that's like the Arcadian Wild?,Have you listened to Holley Maher? Here is Always be by Holley Maher.,validation
dlg-fbc1688d-8d3a-4d41-b1f2-3c55c440f9c2,dlg-fbc1688d-8d3a-4d41-b1f2-3c55c440f9c2_7_12,"Okay, I like this. Can I hear another song by them? Maybe one that's recent?",Here is I do by Holley Maher. Have you listened to Jake Reese? Here is Day to feel alive by Jake Reese.,validation
dlg-fbc1688d-8d3a-4d41-b1f2-3c55c440f9c2,dlg-fbc1688d-8d3a-4d41-b1f2-3c55c440f9c2_13_14,"I don't know, if I'd prefer this one, can you play me a faster song that he's done?",Here is the Mad world by Hardwell and Jake Reese.,validation
dlg-fbc4d1f2-fd3b-41bc-8c72-83c2157f12c8,dlg-fbc4d1f2-fd3b-41bc-8c72-83c2157f12c8_1_4,Hi. Can you play a piece by the composer James Newton Howard?,The Village Score - 08 - The Gravel Road by James Newton Howard. Blood Diamond - Solomon Vandy by James Newton Howard.,test
dlg-fbc4d1f2-fd3b-41bc-8c72-83c2157f12c8,dlg-fbc4d1f2-fd3b-41bc-8c72-83c2157f12c8_5_6,Do you think you could play a piece by him that's more piano-based on the strings?,Piano Theme by James Newton Howard.,test
dlg-fbcf0a55-7096-4a31-abb6-2e81f4d2ede6,dlg-fbcf0a55-7096-4a31-abb6-2e81f4d2ede6_0_6,"Yes, I'd like to find some new music. Can you assist me? The Chainsmokers. Something similar like new music from The Chainsmokers.",Have you heard of the group called Han Solo?,train
dlg-fbcf0a55-7096-4a31-abb6-2e81f4d2ede6,dlg-fbcf0a55-7096-4a31-abb6-2e81f4d2ede6_8_17,"Sounds like an interesting group. I'm a Star Wars fan, I never heard of the group Hen Solo. Oh, San Holo, I could hear some music by San Holo.",I'm sorry it's called San Holo. Here is Light by San Holo. Do you want to listen to another song by similar artist? Have you heard of the group called Jonas Blue? Here is Mama by Jonas Blue.,train
dlg-fbcf0a55-7096-4a31-abb6-2e81f4d2ede6,dlg-fbcf0a55-7096-4a31-abb6-2e81f4d2ede6_19_22,"Okay, that song is not coming up on YouTube. It's being blocked. Do you want to try me some other song by Jonas Blue?",Here's Fast Car by Jonas blue.,train
dlg-fbcf0a55-7096-4a31-abb6-2e81f4d2ede6,dlg-fbcf0a55-7096-4a31-abb6-2e81f4d2ede6_23_26,That one's not working either. It's blocked.,- Fast Car by Jonas Blue feat. Dakota.,train
dlg-fbddb490-eb84-4c9a-bfcb-ac29dad3bdbb,dlg-fbddb490-eb84-4c9a-bfcb-ac29dad3bdbb_0_1,"Hi, I'd like to hear a song by Sonny and Cher, called I Got You Babe, could I please hear that?",Okay. Here's I Got You Babe by by Sonny and Cher.,validation
dlg-fbddb490-eb84-4c9a-bfcb-ac29dad3bdbb,dlg-fbddb490-eb84-4c9a-bfcb-ac29dad3bdbb_2_3,Yes. Can I hear another song by them called Baby Don't Go by Sonny & Cher?,Here's Baby Don't Go by Sonny & Cher. Anything else?,validation
dlg-fca0ff5a-49ce-484f-9fde-bc2de5e1b964,dlg-fca0ff5a-49ce-484f-9fde-bc2de5e1b964_1_2,"Hi there, I was wanting to find some good workout music.",Let me see what I can find for you. Here's music called Workout Music Motivation.,train
dlg-fca0ff5a-49ce-484f-9fde-bc2de5e1b964,dlg-fca0ff5a-49ce-484f-9fde-bc2de5e1b964_3_4,"Is not too bad I like the place, But How about something heavier?",Let me get that for you. Here's Best Workout Music Mix 2017.,train
dlg-fca0ff5a-49ce-484f-9fde-bc2de5e1b964,dlg-fca0ff5a-49ce-484f-9fde-bc2de5e1b964_5_6,"Okay, Oh, Come on, It's just more Dubstep. I want How about something like heavy metal?",Let me get that for you. Here's Aggressive Metal Workout Mix.,train
dlg-fca0ff5a-49ce-484f-9fde-bc2de5e1b964,dlg-fca0ff5a-49ce-484f-9fde-bc2de5e1b964_7_8,"Okay, Something like that but with less mainstream metal.",Ok one moment. How about Metal Hardcore Workout Motivation Music 2015 VOL6?,train
dlg-fcc6c5f7-0130-4135-bba0-f2bfad90c751,dlg-fcc6c5f7-0130-4135-bba0-f2bfad90c751_0_8,Could you play me Little Mix?,"Sure, give me one second while I find a good song from Little Mix. Here is Little Mix performing Black Magic. Here's the song DNA performed by Little Mix from their debut album. Here is the song Salute by Little Mix.",test
dlg-fcdfaff6-4d64-4c75-91d7-e5db8d618156,dlg-fcdfaff6-4d64-4c75-91d7-e5db8d618156_3_5,"Yeah, I like Joe Scott and Alicia Keys.",let me find something similar to Alicia Keys. Here's the song the only one I trust by City High.,train
dlg-fcdfaff6-4d64-4c75-91d7-e5db8d618156,dlg-fcdfaff6-4d64-4c75-91d7-e5db8d618156_6_9,Could you find a different version? That one is blocked for me.,Is the song caramel featuring Eve by City High.,train
dlg-fcdfaff6-4d64-4c75-91d7-e5db8d618156,dlg-fcdfaff6-4d64-4c75-91d7-e5db8d618156_14_19,"It does, Okay, That's different than I was expecting. That's not bad. Is there another one you can play me from a different artist?",Hold on. Have you heard of the artist Corinne Bailey Rae. Okay. How about Jagged Edge?,train
dlg-fcdfaff6-4d64-4c75-91d7-e5db8d618156,dlg-fcdfaff6-4d64-4c75-91d7-e5db8d618156_20_21,I know Jagged Edge.,Have you heard of the artist new on release?,train
dlg-fcdfaff6-4d64-4c75-91d7-e5db8d618156,dlg-fcdfaff6-4d64-4c75-91d7-e5db8d618156_26_27,"Okay, India.Arie, I know her very well.",Have you heard of the artist Ledisi before?,train
dlg-fcdfaff6-4d64-4c75-91d7-e5db8d618156,dlg-fcdfaff6-4d64-4c75-91d7-e5db8d618156_28_33,I know Ledisi as well. Maybe one more try.,How about the artist Dorando? Darondo. This is a bit older but I think you might enjoy it. This song is called Let My People Go by darondo.,train
dlg-fd82c7dd-d498-424e-9e93-ddba422cb4ee,dlg-fd82c7dd-d498-424e-9e93-ddba422cb4ee_3_6,"I want some new artist, so play me a new artist. My favorite type of music is pop.","Got it. Have you heard of Hailee Steinfeld? Here is Hailee Steinfeld, Alesso – Let Me Go.",test
dlg-fd82c7dd-d498-424e-9e93-ddba422cb4ee,dlg-fd82c7dd-d498-424e-9e93-ddba422cb4ee_9_10,Maybe something newer or older.,"Here is Starving - Hailee Steinfeld, Grey ft. Zedd.",test
dlg-fd82c7dd-d498-424e-9e93-ddba422cb4ee,dlg-fd82c7dd-d498-424e-9e93-ddba422cb4ee_11_17,"Oh, I like that song. Play me another Play me a new artist, maybe a male artist this time.","A male pop artist? Have you heard of Charlie Puth. Charlie Puth - ""How Long"".",test
dlg-fd82c7dd-d498-424e-9e93-ddba422cb4ee,dlg-fd82c7dd-d498-424e-9e93-ddba422cb4ee_18_19,That's a cool song. Play me one more different song by him.,Charlie Puth - Dangerously.,test
dlg-fd907036-ba2e-40fe-8af6-e972b5c691ce,dlg-fd907036-ba2e-40fe-8af6-e972b5c691ce_1_4,"I was wondering, if you could play me some music by Lenny Kravitz, maybe something off his first album Let Love Rule.",Here's Sittin' On Top of the World - Lenny Kravitz. Here's Lenny Kravitz - The Chamber.,train
dlg-fd907036-ba2e-40fe-8af6-e972b5c691ce,dlg-fd907036-ba2e-40fe-8af6-e972b5c691ce_5_6,"Hmm, it's not playing.",Did you say it's not playing?,train
dlg-fd907036-ba2e-40fe-8af6-e972b5c691ce,dlg-fd907036-ba2e-40fe-8af6-e972b5c691ce_8_10,"Ah, somebody that sounds kind of like Lenny Kravitz, but it is a new artist.",Here's Kings of leon - Closer.,train
dlg-fd9bf50d-7fc2-4b3c-8b69-957bff4b0841,dlg-fd9bf50d-7fc2-4b3c-8b69-957bff4b0841_0_3,"Hello, I need to hear some August Burns Red, please. I need to hear some August Burns Red, please.",How about Underoath?,test
dlg-fd9bf50d-7fc2-4b3c-8b69-957bff4b0841,dlg-fd9bf50d-7fc2-4b3c-8b69-957bff4b0841_4_7,"That's good, can you play some for me?",Here's Underoath - It's Dangerous Business Walking Out Your Front Door. Here's Underoath - Reinventing Your Exit.,test
dlg-fd9bf50d-7fc2-4b3c-8b69-957bff4b0841,dlg-fd9bf50d-7fc2-4b3c-8b69-957bff4b0841_8_13,"Okay, great. Can you play a different artist similar to August Burns Red?","Here is your song, Haste the day. Here's Haste The Day-When Everything Falls. Here's August Burns Red - ""Meddler"".",test
dlg-fdc10ebd-86b4-453c-bcb5-358db20cbebd,dlg-fdc10ebd-86b4-453c-bcb5-358db20cbebd_1_2,I'm looking to listen some pop music. Can you help me with that?,What type of pop music? Recent or Old?,validation
dlg-fdc10ebd-86b4-453c-bcb5-358db20cbebd,dlg-fdc10ebd-86b4-453c-bcb5-358db20cbebd_3_5,Pop rock. Ed Sheeran - Shape of You. Can you modify that and give me something a little bit older pop rock?,Yes. One second. Snow Patrol - Chasing Cars.,validation
dlg-fdc10ebd-86b4-453c-bcb5-358db20cbebd,dlg-fdc10ebd-86b4-453c-bcb5-358db20cbebd_6_7,"Yeah, That's good. Can you modify that to traditional pop music?",One moment. Jackie Evancho - Nessun Dorma.,validation
dlg-fde4f1fb-baaa-408c-9627-41d7bb483631,dlg-fde4f1fb-baaa-408c-9627-41d7bb483631_4_5,Phil Collins and Bucolic.,Here is the song by Phil Collins and Bucolic.,train
dlg-fde4f1fb-baaa-408c-9627-41d7bb483631,dlg-fde4f1fb-baaa-408c-9627-41d7bb483631_9_10,Sussudio.,Here is the song Sussudio.,train
dlg-fe175a79-f93f-4d0b-9391-bb173c107d25,dlg-fe175a79-f93f-4d0b-9391-bb173c107d25_0_2,"Hey, Can you find some music by the Five Rivers Band?",Here is Five Rivers Band - Live Humble.,train
dlg-fe175a79-f93f-4d0b-9391-bb173c107d25,dlg-fe175a79-f93f-4d0b-9391-bb173c107d25_3_4,That's really good. Could you find something by them that's a little bit older?,Here is River Blues Band - Steaming down the river.,train
dlg-fe175a79-f93f-4d0b-9391-bb173c107d25,dlg-fe175a79-f93f-4d0b-9391-bb173c107d25_5_6,"It's the Five Rivers Band, it's not the River Blues Band.",Here is Five rivers Band - Freedom dub dance.,train
dlg-fe234d51-bd46-48d5-8681-0fbc5b5f8329,dlg-fe234d51-bd46-48d5-8681-0fbc5b5f8329_1_2,Can you play something by Destiny's Child?,How about the song Girl by Destiny's Child?,validation
dlg-fe234d51-bd46-48d5-8681-0fbc5b5f8329,dlg-fe234d51-bd46-48d5-8681-0fbc5b5f8329_3_6,Oh well. Can you find something off their first album? Can you find something off their first album?,"Let me find you something. Here is the song No, No, No from their first album. Here is the song No, No, No from their first album.",validation
dlg-fe234d51-bd46-48d5-8681-0fbc5b5f8329,dlg-fe234d51-bd46-48d5-8681-0fbc5b5f8329_7_9,It's very annoying. Maybe you could find like I don't know if they had a reunion. Can you find anything from a reunion from them?,Destiny's Child to Reunite at Super Bowl. Here is the video of their reunion performance. At super bowl 2013.,validation
dlg-fe23f957-b823-46fc-a612-9679fbc91c40,dlg-fe23f957-b823-46fc-a612-9679fbc91c40_2_7,"Hey Assistant, I'd like to hear a song by Katy Perry.",Here is the song by Katy Perry. Here is the another song by Katy Perry.,train
dlg-fe87aa87-b86a-406a-b85f-21efad1b264c,dlg-fe87aa87-b86a-406a-b85f-21efad1b264c_1_5,I'm trying to look for some good music to listen by John Denver.,Okay. John Denver. Let's see what else I can find that you may not be familiar with. Have you heard the artist Stevie Nicks? Edge of Seventeen by Stevie Nicks.,train
dlg-fe87aa87-b86a-406a-b85f-21efad1b264c,dlg-fe87aa87-b86a-406a-b85f-21efad1b264c_10_13,"Yeah, let's play different one with similar artist.",Have you heard of Jim Croce? Time in a bottle - by Jim Croce.,train
dlg-feab74cf-7aaf-44dc-9bfb-1a442e843cb5,dlg-feab74cf-7aaf-44dc-9bfb-1a442e843cb5_0_3,I would like to hear some music by Adele. Can I hear something from the album 21?,"Sure, here's a song called Rolling in the Deep Off album 21 bye Adele and shared a video with you.",validation
dlg-feab74cf-7aaf-44dc-9bfb-1a442e843cb5,dlg-feab74cf-7aaf-44dc-9bfb-1a442e843cb5_4_5,"Actually, I want to hear Turning Tables instead?",Of course you can hear Adele - Turning Tables and shared the video.,validation
dlg-feb73ad0-71b5-483d-a3ec-780c25d81433,dlg-feb73ad0-71b5-483d-a3ec-780c25d81433_2_4,Can you play me a blues song?,John Lee Hooker - Boom Boom.,train
dlg-feb73ad0-71b5-483d-a3ec-780c25d81433,dlg-feb73ad0-71b5-483d-a3ec-780c25d81433_5_7,Can you actually play a jazz song that's a little bit more recent?,Crazy - Gnarls Barkley (Space Jazz Cover) ft. Hannah Gill & Casey Abrams.,train
dlg-feb73ad0-71b5-483d-a3ec-780c25d81433,dlg-feb73ad0-71b5-483d-a3ec-780c25d81433_8_10,Can you play one that's not a cover?,Sade - No ordinary love.,train
dlg-feb73ad0-71b5-483d-a3ec-780c25d81433,dlg-feb73ad0-71b5-483d-a3ec-780c25d81433_11_13,Can you play one that's a little slower?,Come fly with me - Devil Blues.,train
dlg-feea3907-3819-4403-9d9a-20dac29a514e,dlg-feea3907-3819-4403-9d9a-20dac29a514e_0_2,"Hi, I'd like to listen to some music by blink-182.",All The Small Things by blink-182.,validation
dlg-feea3907-3819-4403-9d9a-20dac29a514e,dlg-feea3907-3819-4403-9d9a-20dac29a514e_3_4,This song is good. Show me the newer music by the band.,Cynical by blink 182.,validation
dlg-feea3907-3819-4403-9d9a-20dac29a514e,dlg-feea3907-3819-4403-9d9a-20dac29a514e_5_6,This song is okay. Show me some older music by this band.,I Miss You by blink-182.,validation
dlg-feea3907-3819-4403-9d9a-20dac29a514e,dlg-feea3907-3819-4403-9d9a-20dac29a514e_7_9,This song is good as well. Show me music from a different album.,Adam song by blink-182.,validation
dlg-fef2f0c4-b547-44b7-9b3d-f6f82aa94ec0,dlg-fef2f0c4-b547-44b7-9b3d-f6f82aa94ec0_0_8,Hello. I am looking for some new music that is familiar to me sort of like the artist Wage War or August Burns Red.,Ok sure thing. Have you ever heard of Underoath or horse the band. Okay have you ever heard of Drop Dead Gorgeous or I killed the prom queen. Okay good let me play you I killed the prom queen. Here is Say Goodbye by I killed the prom queen.,train
dlg-fef2f0c4-b547-44b7-9b3d-f6f82aa94ec0,dlg-fef2f0c4-b547-44b7-9b3d-f6f82aa94ec0_9_12,"Okay, great. This is good, thank you.",Here is I killed the prom queen to the wolves.,train
dlg-ff419756-5e23-4407-83d1-ddc3e92ea3a0,dlg-ff419756-5e23-4407-83d1-ddc3e92ea3a0_0_3,"Hello, can you play some holiday music?",Here's Kanye West- Christmas in Harlem.,train
dlg-ff419756-5e23-4407-83d1-ddc3e92ea3a0,dlg-ff419756-5e23-4407-83d1-ddc3e92ea3a0_4_5,"No, can I have like something that's more traditional classic Christmas music?",Heres Kem - A Christmas Song For You.,train
dlg-ff419756-5e23-4407-83d1-ddc3e92ea3a0,dlg-ff419756-5e23-4407-83d1-ddc3e92ea3a0_6_8,Could you possibly play some maybe like some 70s Christmas music?,Here's Deck the Hall.,train
dlg-ff419756-5e23-4407-83d1-ddc3e92ea3a0,dlg-ff419756-5e23-4407-83d1-ddc3e92ea3a0_9_10,Could you possibly play some Mariah Carey Christmas music?,Here's Mariah Carey - All I Want For Christmas Is You.,train
dlg-ff8c0384-faec-4ab4-8374-333de25df897,dlg-ff8c0384-faec-4ab4-8374-333de25df897_1_2,I would like to hear some music by Linkin Park.,Here's Linkin Park - Numb.,train
dlg-ff8c0384-faec-4ab4-8374-333de25df897,dlg-ff8c0384-faec-4ab4-8374-333de25df897_3_4,Can you play the same song by a different artist?,Here's Numb - Linkin Park [Cover/Tribute by Alex Goot].,train
dlg-ff8c0384-faec-4ab4-8374-333de25df897,dlg-ff8c0384-faec-4ab4-8374-333de25df897_5_6,I don't like this. Could you play a similar song by a different artist?,Here's Fall Out Boy - Thanks For The Memories.,train
dlg-ffca3b1e-2729-41c5-a7c3-2b513925c887,dlg-ffca3b1e-2729-41c5-a7c3-2b513925c887_0_1,"Hey, Yeah can you help me find some new music to listen to, Maybe some artist that I've never heard of?",How can I help you? Have you heard about 3 Doors Down? I can help you with that when you can give me the name of an artist that you like.,train
dlg-ffca3b1e-2729-41c5-a7c3-2b513925c887,dlg-ffca3b1e-2729-41c5-a7c3-2b513925c887_2_5,Lenny Kravitz.,"Alright Lenny Kravitz, Let's see what I can find that may not be familiar with. Just a moment. Just a moment. How about Goo Goo Dolls or Eve 6?",train
dlg-ffca3b1e-2729-41c5-a7c3-2b513925c887,dlg-ffca3b1e-2729-41c5-a7c3-2b513925c887_6_7,I haven't heard of these six. Could you find me something of him?,Let me play something by Eve 6. Just a moment. Here is Open Road Song by Eve 6.,train
dlg-ffca3b1e-2729-41c5-a7c3-2b513925c887,dlg-ffca3b1e-2729-41c5-a7c3-2b513925c887_8_10,That's pretty good. Oh yeah. How about maybe somebody like Janet Jackson?,"One moment, Let me find somebody similar to Janet Jackson. Have you heard about Buju Banton?",train
dlg-ffca3b1e-2729-41c5-a7c3-2b513925c887,dlg-ffca3b1e-2729-41c5-a7c3-2b513925c887_11_16,Sounds kind of crazy. Could you find me something by them? Is that a guy or girl?,"Buju Banton is a Jamaican dancehall, Ragga, And reggae musician. He has recorded pop and dance songs, As well as songs dealing with sociopolitical topics. Let me find a song by Buju Banton. Here is the song called Untold Stories by Buju Banton.",train
dlg-ffd31706-c8c4-4fe6-9746-b22db28d4795,dlg-ffd31706-c8c4-4fe6-9746-b22db28d4795_1_4,"Yeah, I need a song by R.E.M.",Here is R.E.M - Discover.,test
dlg-ffd31706-c8c4-4fe6-9746-b22db28d4795,dlg-ffd31706-c8c4-4fe6-9746-b22db28d4795_5_10,I've got a different song by R.E.M.,Here is R.E.M. - All The Best.,test
dlg-ffd31706-c8c4-4fe6-9746-b22db28d4795,dlg-ffd31706-c8c4-4fe6-9746-b22db28d4795_11_14,It's still playing the same thing.,Here is Shiny Happy People by R.E.M.,test
dlg-ffd31706-c8c4-4fe6-9746-b22db28d4795,dlg-ffd31706-c8c4-4fe6-9746-b22db28d4795_15_18,"No, that's not good. How about something older?",Here is Losing My Religion by R.E.M.,test
